delta,schedule,family,flat,scheduled,gain_pct,ci_lo_pct,ci_hi_pct
0.0,invest 8wk @0.80x -> 1.00x,one-shot,43.31423863636367,42.36000353535357,-2.2030517701608447,-2.3698001810449836,-2.036303359276706
0.0,invest 8wk @0.80x -> 1.10x,one-shot,43.31423863636367,39.68313598484851,-8.383161671152479,-9.26709006874543,-7.499233273559525
0.0,invest 8wk @0.80x -> 1.20x,one-shot,43.31423863636367,33.67912878787879,-22.244670925361465,-23.584645598697225,-20.904696252025705
0.0,invest 8wk @0.90x -> 1.00x,one-shot,43.31423863636367,43.09703143939397,-0.5014683480719104,-0.644627691559707,-0.3583090045841137
0.0,invest 8wk @0.90x -> 1.10x,one-shot,43.31423863636367,40.418023989899005,-6.68651865447587,-7.556684208121577,-5.816353100830164
0.0,invest 8wk @0.90x -> 1.20x,one-shot,43.31423863636367,34.42840012626263,-20.51482096845883,-21.848781132270517,-19.18086080464715
0.0,invest 16wk @0.80x -> 1.00x,one-shot,43.31423863636367,41.14166515151518,-5.0158413335806475,-5.282640893876545,-4.74904177328475
0.0,invest 16wk @0.80x -> 1.10x,one-shot,43.31423863636367,38.869366540404066,-10.261919026848577,-11.077851403222853,-9.445986650474303
0.0,invest 16wk @0.80x -> 1.20x,one-shot,43.31423863636367,33.641126262626265,-22.33240772150272,-23.532251839536798,-21.132563603468643
0.0,invest 16wk @0.90x -> 1.00x,one-shot,43.31423863636367,42.777505555555564,-1.239160834186934,-1.456179854732974,-1.022141813640894
0.0,invest 16wk @0.90x -> 1.10x,one-shot,43.31423863636367,40.49667020202022,-6.504947386926946,-7.307834530770954,-5.702060243082937
0.0,invest 16wk @0.90x -> 1.20x,one-shot,43.31423863636367,35.3007143939394,-18.50090061538484,-19.670983224489277,-17.330818006280403
0.0,cycle 2wk @0.80x / 2wk @1.10x,cyclic,43.31423863636367,34.832633080808094,-19.581564452191476,-20.329098990882212,-18.834029913500732
0.0,cycle 2wk @0.80x / 2wk @1.20x,cyclic,43.31423863636367,30.584283333333328,-29.38977043992905,-30.522230130183054,-28.257310749675042
0.0,cycle 2wk @0.90x / 2wk @1.10x,cyclic,43.31423863636367,38.47823926767679,-11.164918329250993,-11.894879958647426,-10.434956699854563
0.0,cycle 2wk @0.90x / 2wk @1.20x,cyclic,43.31423863636367,34.00757929292929,-21.48637408028024,-22.59375059355366,-20.378997567006817
0.0,cycle 2wk @0.80x / 4wk @1.10x,cyclic,43.31423863636367,36.47600265151516,-15.787501293183496,-16.61475616490582,-14.960246421461173
0.0,cycle 2wk @0.80x / 4wk @1.20x,cyclic,43.31423863636367,31.235955050505048,-27.88524966872791,-29.046857285620725,-26.72364205183509
0.0,cycle 2wk @0.90x / 4wk @1.10x,cyclic,43.31423863636367,38.75720631313132,-10.52086442402929,-11.335350982272423,-9.706377865786157
0.0,cycle 2wk @0.90x / 4wk @1.20x,cyclic,43.31423863636367,33.301753535353534,-23.115920806245757,-24.27755659188123,-21.95428502061029
0.0,cycle 2wk @0.80x / 8wk @1.10x,cyclic,43.31423863636367,37.742726388888904,-12.86300399794468,-13.70748950472686,-12.0185184911625
0.0,cycle 2wk @0.80x / 8wk @1.20x,cyclic,43.31423863636367,31.900594949494952,-26.350789131236397,-27.67657632760744,-25.025001934865355
0.0,cycle 2wk @0.90x / 8wk @1.10x,cyclic,43.31423863636367,39.20013914141416,-9.498261136455918,-10.346977601886941,-8.649544671024891
0.0,cycle 2wk @0.90x / 8wk @1.20x,cyclic,43.31423863636367,33.238200126262626,-23.262647174044712,-24.576514866836234,-21.94877948125319
0.0,cycle 4wk @0.80x / 2wk @1.10x,cyclic,43.31423863636367,33.778154166666674,-22.01605007941002,-22.748085931396556,-21.284014227423487
0.0,cycle 4wk @0.80x / 2wk @1.20x,cyclic,43.31423863636367,30.70632626262626,-29.108008753391,-30.075011246571197,-28.141006260210805
0.0,cycle 4wk @0.90x / 2wk @1.10x,cyclic,43.31423863636367,38.610278030303036,-10.860079166003159,-11.483810529354434,-10.236347802651885
0.0,cycle 4wk @0.90x / 2wk @1.20x,cyclic,43.31423863636367,35.33952790404041,-18.41129149071141,-19.264533076392397,-17.558049905030426
0.0,cycle 4wk @0.80x / 4wk @1.10x,cyclic,43.31423863636367,34.92208661616163,-19.375042213385605,-20.11889430402073,-18.63119012275048
0.0,cycle 4wk @0.80x / 4wk @1.20x,cyclic,43.31423863636367,30.687948484848484,-29.150437705985706,-30.22054825939898,-28.080327152572426
0.0,cycle 4wk @0.90x / 4wk @1.10x,cyclic,43.31423863636367,38.53549545454546,-11.03273041905968,-11.73998602689254,-10.325474811226822
0.0,cycle 4wk @0.90x / 4wk @1.20x,cyclic,43.31423863636367,34.095369444444444,-21.283692111765966,-22.295828906726374,-20.271555316805557
0.0,cycle 4wk @0.80x / 8wk @1.10x,cyclic,43.31423863636367,36.353623232323244,-16.070039837192844,-16.843880893600467,-15.296198780785225
0.0,cycle 4wk @0.80x / 8wk @1.20x,cyclic,43.31423863636367,31.286221717171717,-27.76919853115934,-28.95518216693127,-26.583214895387403
0.0,cycle 4wk @0.90x / 8wk @1.10x,cyclic,43.31423863636367,38.809443181818196,-10.400264662077078,-11.172901513478395,-9.62762781067576
0.0,cycle 4wk @0.90x / 8wk @1.20x,cyclic,43.31423863636367,33.55563914141414,-22.52977266177056,-23.70504524860723,-21.35450007493389
0.25,invest 8wk @0.80x -> 1.00x,one-shot,43.39872727272731,43.07899797979801,-0.7367250447692666,-0.9322008474402127,-0.5412492420983207
0.25,invest 8wk @0.80x -> 1.10x,one-shot,43.39872727272731,38.86592272727275,-10.444556396710427,-11.352642779489596,-9.536470013931257
0.25,invest 8wk @0.80x -> 1.20x,one-shot,43.39872727272731,31.490031313131315,-27.440196309811306,-28.744400192930897,-26.13599242669171
0.25,invest 8wk @0.90x -> 1.00x,one-shot,43.39872727272731,43.531460353535394,0.30584556080171904,0.15184604046105557,0.45984508114238254
0.25,invest 8wk @0.90x -> 1.10x,one-shot,43.39872727272731,39.311747222222245,-9.417280891261083,-10.318853075597982,-8.515708706924181
0.25,invest 8wk @0.90x -> 1.20x,one-shot,43.39872727272731,31.980052020202024,-26.31108322778171,-27.615541313337506,-25.006625142225918
0.25,invest 16wk @0.80x -> 1.00x,one-shot,43.39872727272731,42.20512045454549,-2.750326779587165,-3.0706310604844576,-2.430022498689872
0.25,invest 16wk @0.80x -> 1.10x,one-shot,43.39872727272731,38.66402335858588,-10.909775958146156,-11.762061916245512,-10.0574900000468
0.25,invest 16wk @0.80x -> 1.20x,one-shot,43.39872727272731,32.2852,-25.607956663999403,-26.834089554447527,-24.381823773551282
0.25,invest 16wk @0.90x -> 1.00x,one-shot,43.39872727272731,43.43640833333337,0.08682526648595978,-0.16923201654692124,0.34288254951884084
0.25,invest 16wk @0.90x -> 1.10x,one-shot,43.39872727272731,39.91636111111113,-8.02412047646513,-8.868684839010216,-7.179556113920047
0.25,invest 16wk @0.90x -> 1.20x,one-shot,43.39872727272731,33.58937803030303,-22.602850034702918,-23.785493618667726,-21.420206450738107
0.25,cycle 2wk @0.80x / 2wk @1.10x,cyclic,43.39872727272731,35.83488573232326,-17.428717420377755,-18.219566491633664,-16.637868349121838
0.25,cycle 2wk @0.80x / 2wk @1.20x,cyclic,43.39872727272731,31.14524646464646,-28.234654742470273,-29.400343658657434,-27.068965826283108
0.25,cycle 2wk @0.90x / 2wk @1.10x,cyclic,43.39872727272731,38.76530227272728,-10.676407561176934,-11.448279115033264,-9.904536007320603
0.25,cycle 2wk @0.90x / 2wk @1.20x,cyclic,43.39872727272731,33.82663358585859,-22.056162215807714,-23.192511923137747,-20.91981250847768
0.25,cycle 2wk @0.80x / 4wk @1.10x,cyclic,43.39872727272731,36.79285757575759,-15.22134429301797,-16.08469473042314,-14.357993855612797
0.25,cycle 2wk @0.80x / 4wk @1.20x,cyclic,43.39872727272731,30.82951565656565,-28.96216641832354,-30.168025944035083,-27.756306892612002
0.25,cycle 2wk @0.90x / 4wk @1.10x,cyclic,43.39872727272731,38.46971161616163,-11.3575119970469,-12.225203372949158,-10.489820621144643
0.25,cycle 2wk @0.90x / 4wk @1.20x,cyclic,43.39872727272731,32.29137992424242,-25.59371678962801,-26.80620768960712,-24.38122588964891
0.25,cycle 2wk @0.80x / 8wk @1.10x,cyclic,43.39872727272731,37.41546590909093,-13.786720808737602,-14.684695351401917,-12.888746266073287
0.25,cycle 2wk @0.80x / 8wk @1.20x,cyclic,43.39872727272731,30.5112803030303,-29.69544910547584,-31.0253751088015,-28.36552310215018
0.25,cycle 2wk @0.90x / 8wk @1.10x,cyclic,43.39872727272731,38.42902323232325,-11.451266782948082,-12.328741418824627,-10.573792147071535
0.25,cycle 2wk @0.90x / 8wk @1.20x,cyclic,43.39872727272731,31.363065656565652,-27.732752484944683,-29.0110459648664,-26.45445900502297
0.25,cycle 4wk @0.80x / 2wk @1.10x,cyclic,43.39872727272731,35.468690277777796,-18.272510493488408,-19.02031543315592,-17.524705553820894
0.25,cycle 4wk @0.80x / 2wk @1.20x,cyclic,43.39872727272731,32.133337878787884,-25.95787964735738,-26.931216544169306,-24.984542750545458
0.25,cycle 4wk @0.90x / 2wk @1.10x,cyclic,43.39872727272731,39.45478080808083,-9.087700751825825,-9.738717308077574,-8.436684195574072
0.25,cycle 4wk @0.90x / 2wk @1.20x,cyclic,43.39872727272731,35.92771616161617,-17.214816149242424,-18.101939425505446,-16.3276928729794
0.25,cycle 4wk @0.80x / 4wk @1.10x,cyclic,43.39872727272731,36.04573030303032,-16.942886189931578,-17.737935406091456,-16.1478369737717
0.25,cycle 4wk @0.80x / 4wk @1.20x,cyclic,43.39872727272731,31.262749494949496,-27.963902493067614,-29.039494817569057,-26.888310168566175
0.25,cycle 4wk @0.90x / 4wk @1.10x,cyclic,43.39872727272731,38.849088131313145,-10.483346925874585,-11.233567704012065,-9.733126147737105
0.25,cycle 4wk @0.90x / 4wk @1.20x,cyclic,43.39872727272731,33.90110707070707,-21.884559292107948,-22.902422069018062,-20.86669651519784
0.25,cycle 4wk @0.80x / 8wk @1.10x,cyclic,43.39872727272731,36.683505303030316,-15.4733154442457,-16.309746844734235,-14.636884043757167
0.25,cycle 4wk @0.80x / 8wk @1.20x,cyclic,43.39872727272731,30.872760606060606,-28.862520755391564,-30.0469441596135,-27.67809735116963
0.25,cycle 4wk @0.90x / 8wk @1.10x,cyclic,43.39872727272731,38.49986300505052,-11.288036713360794,-12.112755303068901,-10.463318123652686
0.25,cycle 4wk @0.90x / 8wk @1.20x,cyclic,43.39872727272731,32.54866767676767,-25.000870481236532,-26.141091033029006,-23.86064992944405
0.5,invest 8wk @0.80x -> 1.00x,one-shot,43.44235227272731,43.6351464646465,0.44379316918395745,0.2145168463086702,0.6730694920592447
0.5,invest 8wk @0.80x -> 1.10x,one-shot,43.44235227272731,37.59475492424244,-13.460590973007513,-14.388575665542843,-12.532606280472185
0.5,invest 8wk @0.80x -> 1.20x,one-shot,43.44235227272731,27.839349999999992,-35.91656863968372,-37.199765376836076,-34.63337190253136
0.5,invest 8wk @0.90x -> 1.00x,one-shot,43.44235227272731,43.902896464646496,1.060127198057639,0.8736397499145274,1.2466146462007504
0.5,invest 8wk @0.90x -> 1.10x,one-shot,43.44235227272731,37.86625479797981,-12.83562510552198,-13.737471469551032,-11.93377874149293
0.5,invest 8wk @0.90x -> 1.20x,one-shot,43.44235227272731,28.136656060606057,-35.2321994813573,-36.496121047676944,-33.968277915037646
0.5,invest 16wk @0.80x -> 1.00x,one-shot,43.44235227272731,42.98681994949498,-1.048590371839279,-1.3834750073321074,-0.7137057363464506
0.5,invest 16wk @0.80x -> 1.10x,one-shot,43.44235227272731,37.917457070707094,-12.717762535820794,-13.610444602898783,-11.82508046874281
0.5,invest 16wk @0.80x -> 1.20x,one-shot,43.44235227272731,29.689959595959593,-31.656648310458362,-32.886727672849055,-30.42656894806768
0.5,invest 16wk @0.90x -> 1.00x,one-shot,43.44235227272731,43.985209469697004,1.249603597801721,0.9625988666953889,1.5366083289080532
0.5,invest 16wk @0.90x -> 1.10x,one-shot,43.44235227272731,38.976865782828305,-10.27910841904937,-11.1519706496682,-9.406246188430536
0.5,invest 16wk @0.90x -> 1.20x,one-shot,43.44235227272731,30.73541654040404,-29.25010978353618,-30.44485438368239,-28.05536518338996
0.5,cycle 2wk @0.80x / 2wk @1.10x,cyclic,43.44235227272731,36.58356717171719,-15.78824520815829,-16.63052598922301,-14.945964427093571
0.5,cycle 2wk @0.80x / 2wk @1.20x,cyclic,43.44235227272731,31.338314646464646,-27.862297948956723,-29.04848439573441,-26.676111502179033
0.5,cycle 2wk @0.90x / 2wk @1.10x,cyclic,43.44235227272731,38.88051919191921,-10.500888746008277,-11.309421992782772,-9.692355499233782
0.5,cycle 2wk @0.90x / 2wk @1.20x,cyclic,43.44235227272731,33.24544911616162,-23.472262948724364,-24.626272155096597,-22.31825374235213
0.5,cycle 2wk @0.80x / 4wk @1.10x,cyclic,43.44235227272731,36.90925378787879,-15.038546816789003,-15.882072062826714,-14.195021570751292
0.5,cycle 2wk @0.80x / 4wk @1.20x,cyclic,43.44235227272731,29.934457575757573,-31.09383813327681,-32.300302966276575,-29.887373300277048
0.5,cycle 2wk @0.90x / 4wk @1.10x,cyclic,43.44235227272731,38.07844116161618,-12.3471930742538,-13.195978959964991,-11.498407188542613
0.5,cycle 2wk @0.90x / 4wk @1.20x,cyclic,43.44235227272731,30.707224242424235,-29.315005666251757,-30.515637594794388,-28.11437373770913
0.5,cycle 2wk @0.80x / 8wk @1.10x,cyclic,43.44235227272731,36.783834848484865,-15.327248815719837,-16.23473893218199,-14.419758699257686
0.5,cycle 2wk @0.80x / 8wk @1.20x,cyclic,43.44235227272731,28.458744949494946,-34.490782702480224,-35.811155600028044,-33.17040980493241
0.5,cycle 2wk @0.90x / 8wk @1.10x,cyclic,43.44235227272731,37.414952777777785,-13.874477738014782,-14.743804339822095,-13.005151136207466
0.5,cycle 2wk @0.90x / 8wk @1.20x,cyclic,43.44235227272731,28.76571628787878,-33.78416503026788,-35.07574847238982,-32.49258158814593
0.5,cycle 4wk @0.80x / 2wk @1.10x,cyclic,43.44235227272731,36.640597348484874,-15.656967379532327,-16.445117007132882,-14.86881775193177
0.5,cycle 4wk @0.80x / 2wk @1.20x,cyclic,43.44235227272731,33.09838434343435,-23.810791515971374,-24.793552079211974,-22.828030952730778
0.5,cycle 4wk @0.90x / 2wk @1.10x,cyclic,43.44235227272731,40.196070202020216,-7.4726203828172215,-8.113277197112817,-6.8319635685216245
0.5,cycle 4wk @0.90x / 2wk @1.20x,cyclic,43.44235227272731,36.31132790404042,-16.41491308739209,-17.27286599819805,-15.556960176586134
0.5,cycle 4wk @0.80x / 4wk @1.10x,cyclic,43.44235227272731,36.767869949494965,-15.363998434823497,-16.168868870648094,-14.559127998998903
0.5,cycle 4wk @0.80x / 4wk @1.20x,cyclic,43.44235227272731,31.518943939393935,-27.446507174563756,-28.55427266052788,-26.338741688599633
0.5,cycle 4wk @0.90x / 4wk @1.10x,cyclic,43.44235227272731,39.09388636363637,-10.009738611278754,-10.787680678953237,-9.23179654360427
0.5,cycle 4wk @0.90x / 4wk @1.20x,cyclic,43.44235227272731,33.41228219696969,-23.08822969067075,-24.08381224702257,-22.09264713431893
0.5,cycle 4wk @0.80x / 8wk @1.10x,cyclic,43.44235227272731,36.81685934343435,-15.251229693315576,-16.076391167079514,-14.426068219551642
0.5,cycle 4wk @0.80x / 8wk @1.20x,cyclic,43.44235227272731,29.918674242424242,-31.13016980618956,-32.320695717945085,-29.93964389443403
0.5,cycle 4wk @0.90x / 8wk @1.10x,cyclic,43.44235227272731,38.14943080808083,-12.183781926489567,-12.98349257740978,-11.384071275569354
0.5,cycle 4wk @0.90x / 8wk @1.20x,cyclic,43.44235227272731,30.90619318181818,-28.856998838847886,-29.97135912089951,-27.742638556796262
1.0,invest 8wk @0.80x -> 1.00x,one-shot,43.54196590909093,44.323099494949524,1.7939786813702432,1.5445110648548732,2.0434462978856134
1.0,invest 8wk @0.80x -> 1.10x,one-shot,43.54196590909093,33.73174494949496,-22.53049616564912,-23.495748393099646,-21.565243938198588
1.0,invest 8wk @0.80x -> 1.20x,one-shot,43.54196590909093,18.976644444444442,-56.417575439600476,-57.65361201625198,-55.181538862948976
1.0,invest 8wk @0.90x -> 1.00x,one-shot,43.54196590909093,44.488584343434376,2.174036965441188,1.965823376290981,2.382250554591394
1.0,invest 8wk @0.90x -> 1.10x,one-shot,43.54196590909093,33.79078573232324,-22.39490104127749,-23.355195090086415,-21.434606992468566
1.0,invest 8wk @0.90x -> 1.20x,one-shot,43.54196590909093,19.07467424242424,-56.19243678099129,-57.40563262259727,-54.9792409393853
1.0,invest 16wk @0.80x -> 1.00x,one-shot,43.54196590909093,43.94075353535357,0.9158695937047036,0.5150450824762866,1.3166941049331204
1.0,invest 16wk @0.80x -> 1.10x,one-shot,43.54196590909093,35.26464141414143,-19.009992594802256,-19.971471845511548,-18.04851334409296
1.0,invest 16wk @0.80x -> 1.20x,one-shot,43.54196590909093,22.46168181818182,-48.41371686092808,-49.585398452609084,-47.2420352692471
1.0,invest 16wk @0.90x -> 1.00x,one-shot,43.54196590909093,44.87049318181822,3.0511421452606,2.7349648766974535,3.367319413823746
1.0,invest 16wk @0.90x -> 1.10x,one-shot,43.54196590909093,36.05029835858587,-17.20562541008493,-18.127200749613525,-16.284050070556333
1.0,invest 16wk @0.90x -> 1.20x,one-shot,43.54196590909093,23.311319444444447,-46.46240940724871,-47.596510458169675,-45.32830835632774
1.0,cycle 2wk @0.80x / 2wk @1.10x,cyclic,43.54196590909093,37.402901010101026,-14.099190908851824,-14.978672868744061,-13.219708948959589
1.0,cycle 2wk @0.80x / 2wk @1.20x,cyclic,43.54196590909093,30.92621616161616,-28.9737715881147,-30.1925164959247,-27.755026680304706
1.0,cycle 2wk @0.90x / 2wk @1.10x,cyclic,43.54196590909093,38.84927803030304,-10.777390916582679,-11.619470796821442,-9.935311036343913
1.0,cycle 2wk @0.90x / 2wk @1.20x,cyclic,43.54196590909093,31.42564659090909,-27.82676221711924,-29.020622680540807,-26.63290175369767
1.0,cycle 2wk @0.80x / 4wk @1.10x,cyclic,43.54196590909093,36.51236275252526,-16.144432181225863,-17.01622431569924,-15.272640046752487
1.0,cycle 2wk @0.80x / 4wk @1.20x,cyclic,43.54196590909093,26.662189898989894,-38.76668326217396,-40.08016262263839,-37.45320390170953
1.0,cycle 2wk @0.90x / 4wk @1.10x,cyclic,43.54196590909093,36.71733964646466,-15.673675085950581,-16.50467346559794,-14.842676706303223
1.0,cycle 2wk @0.90x / 4wk @1.20x,cyclic,43.54196590909093,25.89416313131312,-40.53056036703481,-41.824706084943294,-39.23641464912633
1.0,cycle 2wk @0.80x / 8wk @1.10x,cyclic,43.54196590909093,34.878465656565666,-19.89689733029821,-20.829588812558196,-18.964205848038226
1.0,cycle 2wk @0.80x / 8wk @1.20x,cyclic,43.54196590909093,22.010525252525245,-49.44985879029921,-50.769338428614475,-48.130379151983945
1.0,cycle 2wk @0.90x / 8wk @1.10x,cyclic,43.54196590909093,34.717518055555566,-20.266535213314654,-21.178313914571994,-19.354756512057318
1.0,cycle 2wk @0.90x / 8wk @1.20x,cyclic,43.54196590909093,21.26230707070706,-51.16824280488495,-52.45284610373977,-49.88363950603012
1.0,cycle 4wk @0.80x / 2wk @1.10x,cyclic,43.54196590909093,38.19309078282831,-12.284413472350508,-13.090504470119606,-11.478322474581407
1.0,cycle 4wk @0.80x / 2wk @1.20x,cyclic,43.54196590909093,34.28171616161617,-21.26741306722065,-22.261826511834204,-20.272999622607095
1.0,cycle 4wk @0.90x / 2wk @1.10x,cyclic,43.54196590909093,41.12721502525255,-5.545801236627736,-6.198957846772573,-4.8926446264829
1.0,cycle 4wk @0.90x / 2wk @1.20x,cyclic,43.54196590909093,36.52865959595959,-16.107004281281334,-16.981457454389446,-15.232551108173222
1.0,cycle 4wk @0.80x / 4wk @1.10x,cyclic,43.54196590909093,37.61292411616163,-13.616844506534795,-14.479587479660077,-12.754101533409512
1.0,cycle 4wk @0.80x / 4wk @1.20x,cyclic,43.54196590909093,31.132048484848482,-28.50104988404174,-29.616732659168587,-27.38536710891489
1.0,cycle 4wk @0.90x / 4wk @1.10x,cyclic,43.54196590909093,39.062258838383855,-10.288251752481816,-11.076738313895525,-9.499765191068105
1.0,cycle 4wk @0.90x / 4wk @1.20x,cyclic,43.54196590909093,31.527916287878785,-27.591886058373387,-28.635685013801606,-26.54808710294517
1.0,cycle 4wk @0.80x / 8wk @1.10x,cyclic,43.54196590909093,36.36989873737375,-16.471620015254672,-17.314671038691323,-15.628568991818021
1.0,cycle 4wk @0.80x / 8wk @1.20x,cyclic,43.54196590909093,26.3327404040404,-39.523308481249586,-40.68629417855917,-38.36032278394
1.0,cycle 4wk @0.90x / 8wk @1.10x,cyclic,43.54196590909093,36.75399343434345,-15.589494716246296,-16.426962863192866,-14.752026569299726
1.0,cycle 4wk @0.90x / 8wk @1.20x,cyclic,43.54196590909093,25.947653787878778,-40.40771185652581,-41.57822666802019,-39.23719704503142
