seed,buyer_id,buyer_class,n_purchases,total_spent,budget_remaining
0,0,Poor,1,2.0,1.0
0,1,Poor,1,1.4,1.6
0,2,Poor,1,1.4,1.6
0,3,Poor,1,1.4,1.6
0,4,Poor,1,2.0,1.0
0,5,Poor,1,2.0,1.0
0,6,Poor,1,1.4,1.6
0,7,Poor,1,2.0,1.0
0,8,Poor,1,1.4,1.6
0,9,Poor,1,1.4,1.6
0,10,Poor,1,2.0,1.0
0,11,Poor,1,2.0,1.0
0,12,Poor,0,0.0,3.0
0,13,Poor,1,2.0,1.0
0,14,Poor,1,2.0,1.0
0,15,Poor,1,2.0,1.0
0,16,Poor,0,0.0,3.0
0,17,Poor,1,2.0,1.0
0,18,Poor,0,0.0,3.0
0,19,Poor,1,1.4,1.6
0,20,Poor,0,0.0,3.0
0,21,Poor,1,1.4,1.6
0,22,Poor,1,2.0,1.0
0,23,Poor,1,2.0,1.0
0,24,Poor,1,1.4,1.6
0,25,Poor,0,0.0,3.0
0,26,Poor,0,0.0,3.0
0,27,Poor,1,2.0,1.0
0,28,Poor,1,1.4,1.6
0,29,Poor,0,0.0,3.0
0,30,Poor,1,2.0,1.0
0,31,Poor,1,2.0,1.0
0,32,Poor,0,0.0,3.0
0,33,Poor,0,0.0,3.0
0,34,Poor,1,1.4,1.6
0,35,Poor,1,1.4,1.6
0,36,Poor,1,2.0,1.0
0,37,Poor,1,1.4,1.6
0,38,Poor,1,2.0,1.0
0,39,Poor,1,2.0,1.0
0,40,Poor,0,0.0,3.0
0,41,Poor,1,2.0,1.0
0,42,Poor,1,2.0,1.0
0,43,Poor,0,0.0,3.0
0,44,Poor,1,1.4,1.6
0,45,Poor,1,1.4,1.6
0,46,Poor,0,0.0,3.0
0,47,Poor,0,0.0,3.0
0,48,Poor,0,0.0,3.0
0,49,Poor,1,2.0,1.0
0,50,Poor,1,2.0,1.0
0,51,Poor,0,0.0,3.0
0,52,Poor,1,2.0,1.0
0,53,Poor,0,0.0,3.0
0,54,Poor,1,1.4,1.6
0,55,Poor,1,1.4,1.6
0,56,Poor,0,0.0,3.0
0,57,Poor,1,2.0,1.0
0,58,Poor,0,0.0,3.0
0,59,Poor,1,1.4,1.6
0,60,Poor,1,2.0,1.0
0,61,Poor,0,0.0,3.0
0,62,Poor,1,1.4,1.6
0,63,Poor,0,0.0,3.0
0,64,Poor,1,2.0,1.0
0,65,Poor,0,0.0,3.0
0,66,Poor,1,2.0,1.0
0,67,Poor,0,0.0,3.0
0,68,Poor,0,0.0,3.0
0,69,Poor,0,0.0,3.0
0,70,Middle,1,6.0,1.0
0,71,Middle,3,5.4,1.6
0,72,Middle,2,3.4,3.6
0,73,Middle,2,4.0,3.0
0,74,Middle,0,0.0,7.0
0,75,Middle,3,5.4,1.6
0,76,Middle,1,2.0,5.0
0,77,Middle,1,6.0,1.0
0,78,Middle,1,2.0,5.0
0,79,Middle,1,2.0,5.0
0,80,Middle,2,4.0,3.0
0,81,Middle,1,6.0,1.0
0,82,Middle,2,4.0,3.0
0,83,Middle,2,4.0,3.0
0,84,Middle,1,1.4,5.6
0,85,Middle,0,0.0,7.0
0,86,Middle,1,2.0,5.0
0,87,Middle,1,6.0,1.0
0,88,Middle,1,2.0,5.0
0,89,Middle,1,2.0,5.0
0,90,Rich,2,4.0,6.0
0,91,Rich,2,8.0,2.0
0,92,Rich,3,5.4,4.6
0,93,Rich,2,7.4,2.5999999999999996
0,94,Rich,0,0.0,10.0
0,95,Rich,3,9.4,0.6000000000000001
0,96,Rich,3,9.4,0.5999999999999996
0,97,Rich,1,6.0,4.0
0,98,Rich,2,8.0,2.0
0,99,Rich,2,8.0,2.0
1,0,Poor,0,0.0,3.0
1,1,Poor,1,2.0,1.0
1,2,Poor,0,0.0,3.0
1,3,Poor,1,2.0,1.0
1,4,Poor,0,0.0,3.0
1,5,Poor,1,2.0,1.0
1,6,Poor,0,0.0,3.0
1,7,Poor,1,2.0,1.0
1,8,Poor,1,2.0,1.0
1,9,Poor,1,2.0,1.0
1,10,Poor,1,2.0,1.0
1,11,Poor,1,2.0,1.0
1,12,Poor,1,2.0,1.0
1,13,Poor,1,2.0,1.0
1,14,Poor,1,2.0,1.0
1,15,Poor,1,2.0,1.0
1,16,Poor,1,2.0,1.0
1,17,Poor,1,2.0,1.0
1,18,Poor,0,0.0,3.0
1,19,Poor,1,2.0,1.0
1,20,Poor,1,2.0,1.0
1,21,Poor,1,2.0,1.0
1,22,Poor,0,0.0,3.0
1,23,Poor,1,2.0,1.0
1,24,Poor,1,2.0,1.0
1,25,Poor,0,0.0,3.0
1,26,Poor,1,2.0,1.0
1,27,Poor,1,2.0,1.0
1,28,Poor,1,2.0,1.0
1,29,Poor,1,2.0,1.0
1,30,Poor,0,0.0,3.0
1,31,Poor,1,2.0,1.0
1,32,Poor,1,2.0,1.0
1,33,Poor,1,2.0,1.0
1,34,Poor,1,2.0,1.0
1,35,Poor,1,2.0,1.0
1,36,Poor,1,2.0,1.0
1,37,Poor,1,2.0,1.0
1,38,Poor,0,0.0,3.0
1,39,Poor,1,2.0,1.0
1,40,Poor,1,2.0,1.0
1,41,Poor,1,2.0,1.0
1,42,Poor,0,0.0,3.0
1,43,Poor,1,2.0,1.0
1,44,Poor,0,0.0,3.0
1,45,Poor,1,2.0,1.0
1,46,Poor,1,2.0,1.0
1,47,Poor,1,2.0,1.0
1,48,Poor,1,2.0,1.0
1,49,Poor,1,2.0,1.0
1,50,Poor,1,2.0,1.0
1,51,Poor,1,2.0,1.0
1,52,Poor,0,0.0,3.0
1,53,Poor,0,0.0,3.0
1,54,Poor,0,0.0,3.0
1,55,Poor,1,2.0,1.0
1,56,Poor,0,0.0,3.0
1,57,Poor,1,2.0,1.0
1,58,Poor,1,2.0,1.0
1,59,Poor,1,2.0,1.0
1,60,Poor,0,0.0,3.0
1,61,Poor,0,0.0,3.0
1,62,Poor,0,0.0,3.0
1,63,Poor,0,0.0,3.0
1,64,Poor,1,2.0,1.0
1,65,Poor,1,2.0,1.0
1,66,Poor,1,2.0,1.0
1,67,Poor,1,2.0,1.0
1,68,Poor,1,2.0,1.0
1,69,Poor,0,0.0,3.0
1,70,Middle,1,2.0,5.0
1,71,Middle,2,4.0,3.0
1,72,Middle,1,6.0,1.0
1,73,Middle,2,4.0,3.0
1,74,Middle,0,0.0,7.0
1,75,Middle,1,6.0,1.0
1,76,Middle,2,4.0,3.0
1,77,Middle,2,4.0,3.0
1,78,Middle,1,2.0,5.0
1,79,Middle,1,2.0,5.0
1,80,Middle,0,0.0,7.0
1,81,Middle,1,6.0,1.0
1,82,Middle,2,4.0,3.0
1,83,Middle,1,2.0,5.0
1,84,Middle,1,2.0,5.0
1,85,Middle,1,2.0,5.0
1,86,Middle,1,6.0,1.0
1,87,Middle,0,0.0,7.0
1,88,Middle,1,2.0,5.0
1,89,Middle,1,2.0,5.0
1,90,Rich,1,2.0,8.0
1,91,Rich,2,4.0,6.0
1,92,Rich,2,8.0,2.0
1,93,Rich,2,4.0,6.0
1,94,Rich,2,8.0,2.0
1,95,Rich,2,8.0,2.0
1,96,Rich,2,8.0,2.0
1,97,Rich,1,2.0,8.0
1,98,Rich,2,8.0,2.0
1,99,Rich,1,2.0,8.0
2,0,Poor,0,0.0,3.0
2,1,Poor,1,2.0,1.0
2,2,Poor,1,2.0,1.0
2,3,Poor,1,2.0,1.0
2,4,Poor,0,0.0,3.0
2,5,Poor,1,2.0,1.0
2,6,Poor,1,2.0,1.0
2,7,Poor,1,2.0,1.0
2,8,Poor,1,2.0,1.0
2,9,Poor,0,0.0,3.0
2,10,Poor,1,2.0,1.0
2,11,Poor,1,2.0,1.0
2,12,Poor,1,2.0,1.0
2,13,Poor,1,2.0,1.0
2,14,Poor,0,0.0,3.0
2,15,Poor,1,2.0,1.0
2,16,Poor,0,0.0,3.0
2,17,Poor,1,2.0,1.0
2,18,Poor,1,2.0,1.0
2,19,Poor,1,2.0,1.0
2,20,Poor,1,2.0,1.0
2,21,Poor,0,0.0,3.0
2,22,Poor,0,0.0,3.0
2,23,Poor,1,2.0,1.0
2,24,Poor,1,2.0,1.0
2,25,Poor,1,2.0,1.0
2,26,Poor,1,2.0,1.0
2,27,Poor,1,2.0,1.0
2,28,Poor,1,2.0,1.0
2,29,Poor,1,2.0,1.0
2,30,Poor,0,0.0,3.0
2,31,Poor,1,2.0,1.0
2,32,Poor,0,0.0,3.0
2,33,Poor,1,2.0,1.0
2,34,Poor,1,2.0,1.0
2,35,Poor,1,2.0,1.0
2,36,Poor,0,0.0,3.0
2,37,Poor,1,2.0,1.0
2,38,Poor,1,2.0,1.0
2,39,Poor,1,2.0,1.0
2,40,Poor,0,0.0,3.0
2,41,Poor,1,2.0,1.0
2,42,Poor,1,2.0,1.0
2,43,Poor,1,2.0,1.0
2,44,Poor,1,2.0,1.0
2,45,Poor,0,0.0,3.0
2,46,Poor,1,2.0,1.0
2,47,Poor,1,2.0,1.0
2,48,Poor,1,2.0,1.0
2,49,Poor,1,2.0,1.0
2,50,Poor,1,2.0,1.0
2,51,Poor,0,0.0,3.0
2,52,Poor,1,2.0,1.0
2,53,Poor,0,0.0,3.0
2,54,Poor,1,2.0,1.0
2,55,Poor,0,0.0,3.0
2,56,Poor,1,2.0,1.0
2,57,Poor,0,0.0,3.0
2,58,Poor,1,2.0,1.0
2,59,Poor,0,0.0,3.0
2,60,Poor,1,2.0,1.0
2,61,Poor,0,0.0,3.0
2,62,Poor,1,2.0,1.0
2,63,Poor,1,2.0,1.0
2,64,Poor,1,2.0,1.0
2,65,Poor,1,2.0,1.0
2,66,Poor,1,2.0,1.0
2,67,Poor,1,2.0,1.0
2,68,Poor,1,2.0,1.0
2,69,Poor,1,2.0,1.0
2,70,Middle,1,2.0,5.0
2,71,Middle,1,2.0,5.0
2,72,Middle,1,2.0,5.0
2,73,Middle,2,4.0,3.0
2,74,Middle,0,0.0,7.0
2,75,Middle,1,2.0,5.0
2,76,Middle,0,0.0,7.0
2,77,Middle,1,2.0,5.0
2,78,Middle,1,2.0,5.0
2,79,Middle,2,4.0,3.0
2,80,Middle,2,4.0,3.0
2,81,Middle,1,2.0,5.0
2,82,Middle,1,6.0,1.0
2,83,Middle,0,0.0,7.0
2,84,Middle,0,0.0,7.0
2,85,Middle,0,0.0,7.0
2,86,Middle,1,6.0,1.0
2,87,Middle,3,6.0,1.0
2,88,Middle,1,2.0,5.0
2,89,Middle,1,6.0,1.0
2,90,Rich,1,6.0,4.0
2,91,Rich,2,4.0,6.0
2,92,Rich,2,4.0,6.0
2,93,Rich,2,4.0,6.0
2,94,Rich,2,4.0,6.0
2,95,Rich,2,8.0,2.0
2,96,Rich,2,8.0,2.0
2,97,Rich,3,10.0,0.0
2,98,Rich,2,8.0,2.0
2,99,Rich,2,4.0,6.0
3,0,Poor,1,2.0,1.0
3,1,Poor,1,2.0,1.0
3,2,Poor,0,0.0,3.0
3,3,Poor,1,2.0,1.0
3,4,Poor,1,2.0,1.0
3,5,Poor,0,0.0,3.0
3,6,Poor,1,2.0,1.0
3,7,Poor,1,2.0,1.0
3,8,Poor,1,2.0,1.0
3,9,Poor,1,2.0,1.0
3,10,Poor,1,2.0,1.0
3,11,Poor,1,2.0,1.0
3,12,Poor,1,2.0,1.0
3,13,Poor,0,0.0,3.0
3,14,Poor,1,2.0,1.0
3,15,Poor,1,2.0,1.0
3,16,Poor,0,0.0,3.0
3,17,Poor,1,2.0,1.0
3,18,Poor,0,0.0,3.0
3,19,Poor,1,2.0,1.0
3,20,Poor,1,2.0,1.0
3,21,Poor,0,0.0,3.0
3,22,Poor,0,0.0,3.0
3,23,Poor,1,2.0,1.0
3,24,Poor,1,2.0,1.0
3,25,Poor,1,2.0,1.0
3,26,Poor,0,0.0,3.0
3,27,Poor,1,2.0,1.0
3,28,Poor,1,2.0,1.0
3,29,Poor,1,2.0,1.0
3,30,Poor,1,2.0,1.0
3,31,Poor,1,2.0,1.0
3,32,Poor,1,2.0,1.0
3,33,Poor,0,0.0,3.0
3,34,Poor,1,2.0,1.0
3,35,Poor,1,2.0,1.0
3,36,Poor,1,2.0,1.0
3,37,Poor,1,2.0,1.0
3,38,Poor,1,2.0,1.0
3,39,Poor,1,2.0,1.0
3,40,Poor,1,2.0,1.0
3,41,Poor,1,2.0,1.0
3,42,Poor,0,0.0,3.0
3,43,Poor,1,2.0,1.0
3,44,Poor,0,0.0,3.0
3,45,Poor,0,0.0,3.0
3,46,Poor,0,0.0,3.0
3,47,Poor,1,2.0,1.0
3,48,Poor,0,0.0,3.0
3,49,Poor,1,2.0,1.0
3,50,Poor,1,2.0,1.0
3,51,Poor,1,2.0,1.0
3,52,Poor,1,2.0,1.0
3,53,Poor,1,2.0,1.0
3,54,Poor,1,2.0,1.0
3,55,Poor,0,0.0,3.0
3,56,Poor,1,2.0,1.0
3,57,Poor,1,2.0,1.0
3,58,Poor,1,2.0,1.0
3,59,Poor,1,2.0,1.0
3,60,Poor,1,2.0,1.0
3,61,Poor,0,0.0,3.0
3,62,Poor,0,0.0,3.0
3,63,Poor,1,2.0,1.0
3,64,Poor,1,2.0,1.0
3,65,Poor,1,2.0,1.0
3,66,Poor,0,0.0,3.0
3,67,Poor,0,0.0,3.0
3,68,Poor,1,2.0,1.0
3,69,Poor,0,0.0,3.0
3,70,Middle,3,6.0,1.0
3,71,Middle,0,0.0,7.0
3,72,Middle,2,4.0,3.0
3,73,Middle,1,2.0,5.0
3,74,Middle,0,0.0,7.0
3,75,Middle,0,0.0,7.0
3,76,Middle,2,4.0,3.0
3,77,Middle,1,2.0,5.0
3,78,Middle,1,2.0,5.0
3,79,Middle,1,2.0,5.0
3,80,Middle,3,6.0,1.0
3,81,Middle,1,6.0,1.0
3,82,Middle,1,6.0,1.0
3,83,Middle,1,6.0,1.0
3,84,Middle,1,2.0,5.0
3,85,Middle,1,2.0,5.0
3,86,Middle,1,2.0,5.0
3,87,Middle,2,4.0,3.0
3,88,Middle,1,6.0,1.0
3,89,Middle,1,6.0,1.0
3,90,Rich,1,6.0,4.0
3,91,Rich,2,4.0,6.0
3,92,Rich,2,8.0,2.0
3,93,Rich,2,8.0,2.0
3,94,Rich,1,6.0,4.0
3,95,Rich,1,6.0,4.0
3,96,Rich,2,8.0,2.0
3,97,Rich,2,8.0,2.0
3,98,Rich,2,4.0,6.0
3,99,Rich,1,2.0,8.0
4,0,Poor,1,2.0,1.0
4,1,Poor,1,2.0,1.0
4,2,Poor,0,0.0,3.0
4,3,Poor,0,0.0,3.0
4,4,Poor,1,2.0,1.0
4,5,Poor,0,0.0,3.0
4,6,Poor,1,2.0,1.0
4,7,Poor,1,2.0,1.0
4,8,Poor,0,0.0,3.0
4,9,Poor,0,0.0,3.0
4,10,Poor,0,0.0,3.0
4,11,Poor,1,2.0,1.0
4,12,Poor,1,2.0,1.0
4,13,Poor,0,0.0,3.0
4,14,Poor,0,0.0,3.0
4,15,Poor,1,2.0,1.0
4,16,Poor,0,0.0,3.0
4,17,Poor,1,2.0,1.0
4,18,Poor,1,2.0,1.0
4,19,Poor,0,0.0,3.0
4,20,Poor,0,0.0,3.0
4,21,Poor,1,2.0,1.0
4,22,Poor,1,2.0,1.0
4,23,Poor,1,2.0,1.0
4,24,Poor,0,0.0,3.0
4,25,Poor,1,2.0,1.0
4,26,Poor,1,2.0,1.0
4,27,Poor,1,2.0,1.0
4,28,Poor,0,0.0,3.0
4,29,Poor,1,2.0,1.0
4,30,Poor,1,2.0,1.0
4,31,Poor,1,2.0,1.0
4,32,Poor,1,2.0,1.0
4,33,Poor,1,2.0,1.0
4,34,Poor,1,2.0,1.0
4,35,Poor,0,0.0,3.0
4,36,Poor,1,2.0,1.0
4,37,Poor,0,0.0,3.0
4,38,Poor,1,2.0,1.0
4,39,Poor,1,2.0,1.0
4,40,Poor,1,2.0,1.0
4,41,Poor,0,0.0,3.0
4,42,Poor,1,2.0,1.0
4,43,Poor,1,2.0,1.0
4,44,Poor,1,2.0,1.0
4,45,Poor,1,2.0,1.0
4,46,Poor,1,2.0,1.0
4,47,Poor,1,2.0,1.0
4,48,Poor,0,0.0,3.0
4,49,Poor,1,2.0,1.0
4,50,Poor,1,2.0,1.0
4,51,Poor,0,0.0,3.0
4,52,Poor,0,0.0,3.0
4,53,Poor,1,2.0,1.0
4,54,Poor,1,2.0,1.0
4,55,Poor,1,2.0,1.0
4,56,Poor,1,2.0,1.0
4,57,Poor,1,2.0,1.0
4,58,Poor,1,2.0,1.0
4,59,Poor,1,2.0,1.0
4,60,Poor,0,0.0,3.0
4,61,Poor,1,2.0,1.0
4,62,Poor,1,2.0,1.0
4,63,Poor,0,0.0,3.0
4,64,Poor,1,2.0,1.0
4,65,Poor,1,2.0,1.0
4,66,Poor,1,2.0,1.0
4,67,Poor,1,2.0,1.0
4,68,Poor,1,2.0,1.0
4,69,Poor,0,0.0,3.0
4,70,Middle,1,2.0,5.0
4,71,Middle,0,0.0,7.0
4,72,Middle,1,2.0,5.0
4,73,Middle,1,2.0,5.0
4,74,Middle,1,6.0,1.0
4,75,Middle,1,2.0,5.0
4,76,Middle,2,4.0,3.0
4,77,Middle,1,6.0,1.0
4,78,Middle,1,6.0,1.0
4,79,Middle,0,0.0,7.0
4,80,Middle,1,6.0,1.0
4,81,Middle,1,2.0,5.0
4,82,Middle,1,6.0,1.0
4,83,Middle,1,6.0,1.0
4,84,Middle,3,6.0,1.0
4,85,Middle,2,4.0,3.0
4,86,Middle,2,4.0,3.0
4,87,Middle,1,6.0,1.0
4,88,Middle,1,6.0,1.0
4,89,Middle,1,2.0,5.0
4,90,Rich,3,10.0,0.0
4,91,Rich,1,2.0,8.0
4,92,Rich,0,0.0,10.0
4,93,Rich,2,8.0,2.0
4,94,Rich,1,2.0,8.0
4,95,Rich,2,8.0,2.0
4,96,Rich,2,8.0,2.0
4,97,Rich,2,4.0,6.0
4,98,Rich,2,4.0,6.0
4,99,Rich,2,8.0,2.0
5,0,Poor,1,2.0,1.0
5,1,Poor,1,2.0,1.0
5,2,Poor,1,2.0,1.0
5,3,Poor,1,2.0,1.0
5,4,Poor,0,0.0,3.0
5,5,Poor,1,2.0,1.0
5,6,Poor,1,2.0,1.0
5,7,Poor,0,0.0,3.0
5,8,Poor,1,2.0,1.0
5,9,Poor,1,2.0,1.0
5,10,Poor,0,0.0,3.0
5,11,Poor,1,2.0,1.0
5,12,Poor,1,2.0,1.0
5,13,Poor,1,2.0,1.0
5,14,Poor,0,0.0,3.0
5,15,Poor,1,2.0,1.0
5,16,Poor,0,0.0,3.0
5,17,Poor,1,2.0,1.0
5,18,Poor,1,2.0,1.0
5,19,Poor,1,2.0,1.0
5,20,Poor,1,2.0,1.0
5,21,Poor,1,2.0,1.0
5,22,Poor,0,0.0,3.0
5,23,Poor,1,2.0,1.0
5,24,Poor,1,2.0,1.0
5,25,Poor,1,2.0,1.0
5,26,Poor,1,2.0,1.0
5,27,Poor,1,2.0,1.0
5,28,Poor,1,2.0,1.0
5,29,Poor,1,2.0,1.0
5,30,Poor,0,0.0,3.0
5,31,Poor,1,2.0,1.0
5,32,Poor,1,2.0,1.0
5,33,Poor,1,2.0,1.0
5,34,Poor,1,2.0,1.0
5,35,Poor,0,0.0,3.0
5,36,Poor,0,0.0,3.0
5,37,Poor,0,0.0,3.0
5,38,Poor,0,0.0,3.0
5,39,Poor,1,2.0,1.0
5,40,Poor,1,2.0,1.0
5,41,Poor,0,0.0,3.0
5,42,Poor,1,2.0,1.0
5,43,Poor,1,2.0,1.0
5,44,Poor,1,2.0,1.0
5,45,Poor,1,2.0,1.0
5,46,Poor,1,2.0,1.0
5,47,Poor,1,2.0,1.0
5,48,Poor,1,2.0,1.0
5,49,Poor,0,0.0,3.0
5,50,Poor,0,0.0,3.0
5,51,Poor,1,2.0,1.0
5,52,Poor,1,2.0,1.0
5,53,Poor,1,2.0,1.0
5,54,Poor,1,2.0,1.0
5,55,Poor,0,0.0,3.0
5,56,Poor,1,2.0,1.0
5,57,Poor,0,0.0,3.0
5,58,Poor,1,2.0,1.0
5,59,Poor,1,2.0,1.0
5,60,Poor,1,2.0,1.0
5,61,Poor,0,0.0,3.0
5,62,Poor,1,2.0,1.0
5,63,Poor,1,2.0,1.0
5,64,Poor,1,2.0,1.0
5,65,Poor,1,2.0,1.0
5,66,Poor,1,2.0,1.0
5,67,Poor,1,2.0,1.0
5,68,Poor,1,2.0,1.0
5,69,Poor,1,2.0,1.0
5,70,Middle,1,2.0,5.0
5,71,Middle,1,6.0,1.0
5,72,Middle,0,0.0,7.0
5,73,Middle,1,6.0,1.0
5,74,Middle,1,2.0,5.0
5,75,Middle,3,6.0,1.0
5,76,Middle,1,2.0,5.0
5,77,Middle,2,4.0,3.0
5,78,Middle,1,2.0,5.0
5,79,Middle,1,6.0,1.0
5,80,Middle,1,6.0,1.0
5,81,Middle,0,0.0,7.0
5,82,Middle,1,6.0,1.0
5,83,Middle,1,2.0,5.0
5,84,Middle,1,6.0,1.0
5,85,Middle,1,2.0,5.0
5,86,Middle,1,6.0,1.0
5,87,Middle,1,2.0,5.0
5,88,Middle,0,0.0,7.0
5,89,Middle,1,2.0,5.0
5,90,Rich,2,8.0,2.0
5,91,Rich,2,4.0,6.0
5,92,Rich,3,10.0,0.0
5,93,Rich,1,2.0,8.0
5,94,Rich,2,4.0,6.0
5,95,Rich,2,8.0,2.0
5,96,Rich,2,8.0,2.0
5,97,Rich,2,8.0,2.0
5,98,Rich,2,8.0,2.0
5,99,Rich,1,6.0,4.0
6,0,Poor,1,2.0,1.0
6,1,Poor,0,0.0,3.0
6,2,Poor,1,2.0,1.0
6,3,Poor,1,2.0,1.0
6,4,Poor,0,0.0,3.0
6,5,Poor,1,2.0,1.0
6,6,Poor,1,2.0,1.0
6,7,Poor,1,2.0,1.0
6,8,Poor,1,2.0,1.0
6,9,Poor,1,2.0,1.0
6,10,Poor,0,0.0,3.0
6,11,Poor,1,2.0,1.0
6,12,Poor,1,2.0,1.0
6,13,Poor,1,2.0,1.0
6,14,Poor,1,2.0,1.0
6,15,Poor,1,2.0,1.0
6,16,Poor,1,2.0,1.0
6,17,Poor,0,0.0,3.0
6,18,Poor,1,2.0,1.0
6,19,Poor,0,0.0,3.0
6,20,Poor,1,2.0,1.0
6,21,Poor,1,2.0,1.0
6,22,Poor,1,2.0,1.0
6,23,Poor,1,2.0,1.0
6,24,Poor,1,2.0,1.0
6,25,Poor,1,2.0,1.0
6,26,Poor,1,2.0,1.0
6,27,Poor,1,2.0,1.0
6,28,Poor,1,2.0,1.0
6,29,Poor,1,2.0,1.0
6,30,Poor,1,2.0,1.0
6,31,Poor,1,2.0,1.0
6,32,Poor,1,2.0,1.0
6,33,Poor,0,0.0,3.0
6,34,Poor,1,2.0,1.0
6,35,Poor,1,2.0,1.0
6,36,Poor,1,2.0,1.0
6,37,Poor,1,2.0,1.0
6,38,Poor,1,2.0,1.0
6,39,Poor,1,2.0,1.0
6,40,Poor,0,0.0,3.0
6,41,Poor,1,2.0,1.0
6,42,Poor,1,2.0,1.0
6,43,Poor,0,0.0,3.0
6,44,Poor,0,0.0,3.0
6,45,Poor,0,0.0,3.0
6,46,Poor,0,0.0,3.0
6,47,Poor,1,2.0,1.0
6,48,Poor,1,2.0,1.0
6,49,Poor,1,2.0,1.0
6,50,Poor,1,2.0,1.0
6,51,Poor,1,2.0,1.0
6,52,Poor,0,0.0,3.0
6,53,Poor,1,2.0,1.0
6,54,Poor,1,2.0,1.0
6,55,Poor,0,0.0,3.0
6,56,Poor,1,2.0,1.0
6,57,Poor,0,0.0,3.0
6,58,Poor,1,2.0,1.0
6,59,Poor,0,0.0,3.0
6,60,Poor,1,2.0,1.0
6,61,Poor,1,2.0,1.0
6,62,Poor,1,2.0,1.0
6,63,Poor,1,2.0,1.0
6,64,Poor,1,2.0,1.0
6,65,Poor,0,0.0,3.0
6,66,Poor,1,2.0,1.0
6,67,Poor,1,2.0,1.0
6,68,Poor,0,0.0,3.0
6,69,Poor,1,2.0,1.0
6,70,Middle,1,2.0,5.0
6,71,Middle,1,6.0,1.0
6,72,Middle,0,0.0,7.0
6,73,Middle,0,0.0,7.0
6,74,Middle,1,6.0,1.0
6,75,Middle,2,4.0,3.0
6,76,Middle,1,2.0,5.0
6,77,Middle,0,0.0,7.0
6,78,Middle,1,6.0,1.0
6,79,Middle,1,6.0,1.0
6,80,Middle,1,2.0,5.0
6,81,Middle,1,6.0,1.0
6,82,Middle,0,0.0,7.0
6,83,Middle,0,0.0,7.0
6,84,Middle,1,6.0,1.0
6,85,Middle,0,0.0,7.0
6,86,Middle,1,6.0,1.0
6,87,Middle,1,2.0,5.0
6,88,Middle,1,2.0,5.0
6,89,Middle,1,6.0,1.0
6,90,Rich,2,8.0,2.0
6,91,Rich,2,8.0,2.0
6,92,Rich,2,8.0,2.0
6,93,Rich,2,8.0,2.0
6,94,Rich,2,8.0,2.0
6,95,Rich,2,8.0,2.0
6,96,Rich,2,8.0,2.0
6,97,Rich,2,8.0,2.0
6,98,Rich,0,0.0,10.0
6,99,Rich,2,8.0,2.0
7,0,Poor,1,2.0,1.0
7,1,Poor,1,2.0,1.0
7,2,Poor,1,2.0,1.0
7,3,Poor,1,2.0,1.0
7,4,Poor,1,2.0,1.0
7,5,Poor,1,2.0,1.0
7,6,Poor,0,0.0,3.0
7,7,Poor,1,2.0,1.0
7,8,Poor,1,2.0,1.0
7,9,Poor,1,2.0,1.0
7,10,Poor,0,0.0,3.0
7,11,Poor,1,2.0,1.0
7,12,Poor,1,2.0,1.0
7,13,Poor,0,0.0,3.0
7,14,Poor,0,0.0,3.0
7,15,Poor,1,2.0,1.0
7,16,Poor,1,2.0,1.0
7,17,Poor,1,2.0,1.0
7,18,Poor,1,2.0,1.0
7,19,Poor,1,2.0,1.0
7,20,Poor,1,2.0,1.0
7,21,Poor,1,2.0,1.0
7,22,Poor,0,0.0,3.0
7,23,Poor,0,0.0,3.0
7,24,Poor,1,2.0,1.0
7,25,Poor,1,2.0,1.0
7,26,Poor,1,2.0,1.0
7,27,Poor,1,2.0,1.0
7,28,Poor,1,2.0,1.0
7,29,Poor,0,0.0,3.0
7,30,Poor,0,0.0,3.0
7,31,Poor,0,0.0,3.0
7,32,Poor,1,2.0,1.0
7,33,Poor,0,0.0,3.0
7,34,Poor,1,2.0,1.0
7,35,Poor,1,2.0,1.0
7,36,Poor,0,0.0,3.0
7,37,Poor,0,0.0,3.0
7,38,Poor,1,2.0,1.0
7,39,Poor,1,2.0,1.0
7,40,Poor,1,2.0,1.0
7,41,Poor,1,2.0,1.0
7,42,Poor,0,0.0,3.0
7,43,Poor,1,2.0,1.0
7,44,Poor,1,2.0,1.0
7,45,Poor,0,0.0,3.0
7,46,Poor,1,2.0,1.0
7,47,Poor,1,2.0,1.0
7,48,Poor,0,0.0,3.0
7,49,Poor,1,2.0,1.0
7,50,Poor,1,2.0,1.0
7,51,Poor,0,0.0,3.0
7,52,Poor,0,0.0,3.0
7,53,Poor,1,2.0,1.0
7,54,Poor,0,0.0,3.0
7,55,Poor,1,2.0,1.0
7,56,Poor,1,2.0,1.0
7,57,Poor,1,2.0,1.0
7,58,Poor,1,2.0,1.0
7,59,Poor,1,2.0,1.0
7,60,Poor,1,2.0,1.0
7,61,Poor,0,0.0,3.0
7,62,Poor,1,2.0,1.0
7,63,Poor,1,2.0,1.0
7,64,Poor,1,2.0,1.0
7,65,Poor,0,0.0,3.0
7,66,Poor,1,2.0,1.0
7,67,Poor,1,2.0,1.0
7,68,Poor,1,2.0,1.0
7,69,Poor,0,0.0,3.0
7,70,Middle,1,2.0,5.0
7,71,Middle,1,2.0,5.0
7,72,Middle,2,6.199999999999999,0.8000000000000007
7,73,Middle,1,2.0,5.0
7,74,Middle,1,2.0,5.0
7,75,Middle,1,2.0,5.0
7,76,Middle,2,6.199999999999999,0.8000000000000007
7,77,Middle,2,6.199999999999999,0.8000000000000007
7,78,Middle,2,4.0,3.0
7,79,Middle,1,6.0,1.0
7,80,Middle,2,4.0,3.0
7,81,Middle,1,4.199999999999999,2.8000000000000007
7,82,Middle,0,0.0,7.0
7,83,Middle,2,4.0,3.0
7,84,Middle,2,6.199999999999999,0.8000000000000007
7,85,Middle,2,6.199999999999999,0.8000000000000007
7,86,Middle,2,4.0,3.0
7,87,Middle,2,4.0,3.0
7,88,Middle,2,6.199999999999999,0.8000000000000007
7,89,Middle,1,6.0,1.0
7,90,Rich,3,10.0,0.0
7,91,Rich,1,2.0,8.0
7,92,Rich,3,6.0,4.0
7,93,Rich,1,2.0,8.0
7,94,Rich,2,8.0,2.0
7,95,Rich,2,4.0,6.0
7,96,Rich,1,2.0,8.0
7,97,Rich,2,6.199999999999999,3.8000000000000007
7,98,Rich,0,0.0,10.0
7,99,Rich,2,4.0,6.0
8,0,Poor,0,0.0,3.0
8,1,Poor,0,0.0,3.0
8,2,Poor,0,0.0,3.0
8,3,Poor,0,0.0,3.0
8,4,Poor,0,0.0,3.0
8,5,Poor,0,0.0,3.0
8,6,Poor,1,2.0,1.0
8,7,Poor,1,2.0,1.0
8,8,Poor,1,2.0,1.0
8,9,Poor,1,2.0,1.0
8,10,Poor,1,2.0,1.0
8,11,Poor,0,0.0,3.0
8,12,Poor,0,0.0,3.0
8,13,Poor,1,2.0,1.0
8,14,Poor,1,2.0,1.0
8,15,Poor,0,0.0,3.0
8,16,Poor,1,2.0,1.0
8,17,Poor,1,2.0,1.0
8,18,Poor,1,2.0,1.0
8,19,Poor,0,0.0,3.0
8,20,Poor,0,0.0,3.0
8,21,Poor,1,2.0,1.0
8,22,Poor,0,0.0,3.0
8,23,Poor,1,2.0,1.0
8,24,Poor,1,2.0,1.0
8,25,Poor,1,2.0,1.0
8,26,Poor,0,0.0,3.0
8,27,Poor,0,0.0,3.0
8,28,Poor,1,2.0,1.0
8,29,Poor,1,2.0,1.0
8,30,Poor,0,0.0,3.0
8,31,Poor,1,2.0,1.0
8,32,Poor,0,0.0,3.0
8,33,Poor,1,2.0,1.0
8,34,Poor,1,2.0,1.0
8,35,Poor,1,2.0,1.0
8,36,Poor,1,2.0,1.0
8,37,Poor,1,2.0,1.0
8,38,Poor,1,2.0,1.0
8,39,Poor,1,2.0,1.0
8,40,Poor,1,2.0,1.0
8,41,Poor,1,2.0,1.0
8,42,Poor,0,0.0,3.0
8,43,Poor,1,2.0,1.0
8,44,Poor,0,0.0,3.0
8,45,Poor,1,2.0,1.0
8,46,Poor,1,2.0,1.0
8,47,Poor,0,0.0,3.0
8,48,Poor,1,2.0,1.0
8,49,Poor,1,2.0,1.0
8,50,Poor,0,0.0,3.0
8,51,Poor,1,2.0,1.0
8,52,Poor,1,2.0,1.0
8,53,Poor,1,2.0,1.0
8,54,Poor,1,2.0,1.0
8,55,Poor,1,2.0,1.0
8,56,Poor,1,2.0,1.0
8,57,Poor,1,2.0,1.0
8,58,Poor,1,2.0,1.0
8,59,Poor,1,2.0,1.0
8,60,Poor,1,2.0,1.0
8,61,Poor,0,0.0,3.0
8,62,Poor,0,0.0,3.0
8,63,Poor,0,0.0,3.0
8,64,Poor,1,2.0,1.0
8,65,Poor,0,0.0,3.0
8,66,Poor,1,2.0,1.0
8,67,Poor,0,0.0,3.0
8,68,Poor,0,0.0,3.0
8,69,Poor,1,2.0,1.0
8,70,Middle,1,2.0,5.0
8,71,Middle,1,6.0,1.0
8,72,Middle,2,4.0,3.0
8,73,Middle,1,2.0,5.0
8,74,Middle,3,6.0,1.0
8,75,Middle,1,2.0,5.0
8,76,Middle,2,4.0,3.0
8,77,Middle,3,6.0,1.0
8,78,Middle,2,4.0,3.0
8,79,Middle,2,4.0,3.0
8,80,Middle,1,2.0,5.0
8,81,Middle,1,6.0,1.0
8,82,Middle,1,6.0,1.0
8,83,Middle,1,2.0,5.0
8,84,Middle,1,2.0,5.0
8,85,Middle,2,4.0,3.0
8,86,Middle,1,6.0,1.0
8,87,Middle,1,2.0,5.0
8,88,Middle,2,4.0,3.0
8,89,Middle,1,6.0,1.0
8,90,Rich,2,8.0,2.0
8,91,Rich,0,0.0,10.0
8,92,Rich,2,8.0,2.0
8,93,Rich,1,2.0,8.0
8,94,Rich,3,6.0,4.0
8,95,Rich,1,2.0,8.0
8,96,Rich,1,2.0,8.0
8,97,Rich,1,2.0,8.0
8,98,Rich,2,8.0,2.0
8,99,Rich,2,8.0,2.0
9,0,Poor,1,2.0,1.0
9,1,Poor,1,2.0,1.0
9,2,Poor,1,2.0,1.0
9,3,Poor,0,0.0,3.0
9,4,Poor,0,0.0,3.0
9,5,Poor,0,0.0,3.0
9,6,Poor,0,0.0,3.0
9,7,Poor,1,2.0,1.0
9,8,Poor,1,2.0,1.0
9,9,Poor,1,2.0,1.0
9,10,Poor,0,0.0,3.0
9,11,Poor,1,2.0,1.0
9,12,Poor,1,2.0,1.0
9,13,Poor,0,0.0,3.0
9,14,Poor,1,2.0,1.0
9,15,Poor,0,0.0,3.0
9,16,Poor,1,2.0,1.0
9,17,Poor,1,2.0,1.0
9,18,Poor,1,2.0,1.0
9,19,Poor,0,0.0,3.0
9,20,Poor,0,0.0,3.0
9,21,Poor,0,0.0,3.0
9,22,Poor,0,0.0,3.0
9,23,Poor,1,2.0,1.0
9,24,Poor,1,2.0,1.0
9,25,Poor,0,0.0,3.0
9,26,Poor,1,2.0,1.0
9,27,Poor,1,2.0,1.0
9,28,Poor,0,0.0,3.0
9,29,Poor,1,2.0,1.0
9,30,Poor,0,0.0,3.0
9,31,Poor,1,2.0,1.0
9,32,Poor,1,2.0,1.0
9,33,Poor,1,2.0,1.0
9,34,Poor,1,2.0,1.0
9,35,Poor,1,2.0,1.0
9,36,Poor,1,2.0,1.0
9,37,Poor,0,0.0,3.0
9,38,Poor,1,2.0,1.0
9,39,Poor,1,2.0,1.0
9,40,Poor,1,2.0,1.0
9,41,Poor,1,2.0,1.0
9,42,Poor,1,2.0,1.0
9,43,Poor,1,2.0,1.0
9,44,Poor,0,0.0,3.0
9,45,Poor,0,0.0,3.0
9,46,Poor,1,2.0,1.0
9,47,Poor,0,0.0,3.0
9,48,Poor,1,2.0,1.0
9,49,Poor,1,2.0,1.0
9,50,Poor,1,2.0,1.0
9,51,Poor,1,2.0,1.0
9,52,Poor,0,0.0,3.0
9,53,Poor,0,0.0,3.0
9,54,Poor,1,2.0,1.0
9,55,Poor,1,2.0,1.0
9,56,Poor,1,2.0,1.0
9,57,Poor,1,2.0,1.0
9,58,Poor,1,2.0,1.0
9,59,Poor,1,2.0,1.0
9,60,Poor,1,2.0,1.0
9,61,Poor,0,0.0,3.0
9,62,Poor,1,2.0,1.0
9,63,Poor,0,0.0,3.0
9,64,Poor,1,2.0,1.0
9,65,Poor,1,2.0,1.0
9,66,Poor,1,2.0,1.0
9,67,Poor,0,0.0,3.0
9,68,Poor,1,2.0,1.0
9,69,Poor,0,0.0,3.0
9,70,Middle,1,2.0,5.0
9,71,Middle,1,6.0,1.0
9,72,Middle,3,6.0,1.0
9,73,Middle,1,6.0,1.0
9,74,Middle,1,6.0,1.0
9,75,Middle,1,6.0,1.0
9,76,Middle,0,0.0,7.0
9,77,Middle,1,2.0,5.0
9,78,Middle,3,6.0,1.0
9,79,Middle,2,4.0,3.0
9,80,Middle,0,0.0,7.0
9,81,Middle,1,2.0,5.0
9,82,Middle,1,6.0,1.0
9,83,Middle,3,6.0,1.0
9,84,Middle,1,2.0,5.0
9,85,Middle,1,6.0,1.0
9,86,Middle,1,2.0,5.0
9,87,Middle,1,2.0,5.0
9,88,Middle,2,4.0,3.0
9,89,Middle,1,2.0,5.0
9,90,Rich,3,10.0,0.0
9,91,Rich,1,2.0,8.0
9,92,Rich,1,6.0,4.0
9,93,Rich,1,6.0,4.0
9,94,Rich,2,8.0,2.0
9,95,Rich,1,2.0,8.0
9,96,Rich,2,8.0,2.0
9,97,Rich,2,4.0,6.0
9,98,Rich,2,4.0,6.0
9,99,Rich,2,8.0,2.0
10,0,Poor,1,2.0,1.0
10,1,Poor,1,2.0,1.0
10,2,Poor,0,0.0,3.0
10,3,Poor,1,2.0,1.0
10,4,Poor,1,2.0,1.0
10,5,Poor,0,0.0,3.0
10,6,Poor,1,1.4,1.6
10,7,Poor,0,0.0,3.0
10,8,Poor,0,0.0,3.0
10,9,Poor,1,2.0,1.0
10,10,Poor,1,2.0,1.0
10,11,Poor,0,0.0,3.0
10,12,Poor,0,0.0,3.0
10,13,Poor,1,2.0,1.0
10,14,Poor,1,1.4,1.6
10,15,Poor,0,0.0,3.0
10,16,Poor,0,0.0,3.0
10,17,Poor,1,2.0,1.0
10,18,Poor,0,0.0,3.0
10,19,Poor,1,2.0,1.0
10,20,Poor,1,1.4,1.6
10,21,Poor,1,2.0,1.0
10,22,Poor,1,1.4,1.6
10,23,Poor,1,1.4,1.6
10,24,Poor,1,1.4,1.6
10,25,Poor,0,0.0,3.0
10,26,Poor,0,0.0,3.0
10,27,Poor,1,2.0,1.0
10,28,Poor,1,1.4,1.6
10,29,Poor,1,1.4,1.6
10,30,Poor,1,2.0,1.0
10,31,Poor,0,0.0,3.0
10,32,Poor,1,1.4,1.6
10,33,Poor,0,0.0,3.0
10,34,Poor,1,2.0,1.0
10,35,Poor,1,2.0,1.0
10,36,Poor,1,1.4,1.6
10,37,Poor,1,2.0,1.0
10,38,Poor,1,2.0,1.0
10,39,Poor,1,2.0,1.0
10,40,Poor,0,0.0,3.0
10,41,Poor,1,2.0,1.0
10,42,Poor,1,2.0,1.0
10,43,Poor,1,2.0,1.0
10,44,Poor,0,0.0,3.0
10,45,Poor,1,1.4,1.6
10,46,Poor,1,2.0,1.0
10,47,Poor,1,2.0,1.0
10,48,Poor,1,2.0,1.0
10,49,Poor,1,1.4,1.6
10,50,Poor,1,2.0,1.0
10,51,Poor,1,1.4,1.6
10,52,Poor,1,2.0,1.0
10,53,Poor,1,2.0,1.0
10,54,Poor,1,2.0,1.0
10,55,Poor,1,2.0,1.0
10,56,Poor,0,0.0,3.0
10,57,Poor,1,1.4,1.6
10,58,Poor,1,2.0,1.0
10,59,Poor,1,2.0,1.0
10,60,Poor,1,2.0,1.0
10,61,Poor,1,2.0,1.0
10,62,Poor,1,1.4,1.6
10,63,Poor,1,1.4,1.6
10,64,Poor,1,1.4,1.6
10,65,Poor,0,0.0,3.0
10,66,Poor,0,0.0,3.0
10,67,Poor,1,2.0,1.0
10,68,Poor,1,2.0,1.0
10,69,Poor,1,2.0,1.0
10,70,Middle,1,6.0,1.0
10,71,Middle,1,2.0,5.0
10,72,Middle,0,0.0,7.0
10,73,Middle,1,2.0,5.0
10,74,Middle,1,1.4,5.6
10,75,Middle,2,4.0,3.0
10,76,Middle,1,2.0,5.0
10,77,Middle,2,3.4,3.6
10,78,Middle,1,2.0,5.0
10,79,Middle,2,4.0,3.0
10,80,Middle,3,5.4,1.6
10,81,Middle,1,6.0,1.0
10,82,Middle,0,0.0,7.0
10,83,Middle,1,6.0,1.0
10,84,Middle,1,2.0,5.0
10,85,Middle,1,2.0,5.0
10,86,Middle,2,3.4,3.6
10,87,Middle,1,6.0,1.0
10,88,Middle,1,2.0,5.0
10,89,Middle,1,1.4,5.6
10,90,Rich,2,8.0,2.0
10,91,Rich,2,8.0,2.0
10,92,Rich,3,9.4,0.6000000000000001
10,93,Rich,3,5.4,4.6
10,94,Rich,2,3.4,6.6
10,95,Rich,3,9.4,0.6000000000000001
10,96,Rich,1,6.0,4.0
10,97,Rich,3,5.4,4.6
10,98,Rich,1,6.0,4.0
10,99,Rich,0,0.0,10.0
11,0,Poor,0,0.0,3.0
11,1,Poor,1,2.0,1.0
11,2,Poor,1,2.0,1.0
11,3,Poor,1,2.0,1.0
11,4,Poor,1,2.0,1.0
11,5,Poor,1,2.0,1.0
11,6,Poor,0,0.0,3.0
11,7,Poor,1,2.0,1.0
11,8,Poor,0,0.0,3.0
11,9,Poor,1,2.0,1.0
11,10,Poor,1,2.0,1.0
11,11,Poor,1,2.0,1.0
11,12,Poor,1,2.0,1.0
11,13,Poor,0,0.0,3.0
11,14,Poor,1,2.0,1.0
11,15,Poor,1,2.0,1.0
11,16,Poor,0,0.0,3.0
11,17,Poor,1,2.0,1.0
11,18,Poor,1,2.0,1.0
11,19,Poor,1,2.0,1.0
11,20,Poor,0,0.0,3.0
11,21,Poor,1,2.0,1.0
11,22,Poor,1,2.0,1.0
11,23,Poor,0,0.0,3.0
11,24,Poor,0,0.0,3.0
11,25,Poor,1,2.0,1.0
11,26,Poor,0,0.0,3.0
11,27,Poor,1,2.0,1.0
11,28,Poor,1,2.0,1.0
11,29,Poor,1,2.0,1.0
11,30,Poor,1,2.0,1.0
11,31,Poor,1,2.0,1.0
11,32,Poor,1,2.0,1.0
11,33,Poor,0,0.0,3.0
11,34,Poor,1,2.0,1.0
11,35,Poor,1,2.0,1.0
11,36,Poor,0,0.0,3.0
11,37,Poor,1,2.0,1.0
11,38,Poor,0,0.0,3.0
11,39,Poor,0,0.0,3.0
11,40,Poor,0,0.0,3.0
11,41,Poor,1,2.0,1.0
11,42,Poor,1,2.0,1.0
11,43,Poor,0,0.0,3.0
11,44,Poor,1,2.0,1.0
11,45,Poor,1,2.0,1.0
11,46,Poor,1,2.0,1.0
11,47,Poor,1,2.0,1.0
11,48,Poor,0,0.0,3.0
11,49,Poor,1,2.0,1.0
11,50,Poor,1,2.0,1.0
11,51,Poor,0,0.0,3.0
11,52,Poor,1,2.0,1.0
11,53,Poor,1,2.0,1.0
11,54,Poor,1,2.0,1.0
11,55,Poor,1,2.0,1.0
11,56,Poor,0,0.0,3.0
11,57,Poor,1,2.0,1.0
11,58,Poor,1,2.0,1.0
11,59,Poor,1,2.0,1.0
11,60,Poor,0,0.0,3.0
11,61,Poor,1,2.0,1.0
11,62,Poor,1,2.0,1.0
11,63,Poor,0,0.0,3.0
11,64,Poor,1,2.0,1.0
11,65,Poor,1,2.0,1.0
11,66,Poor,1,2.0,1.0
11,67,Poor,1,2.0,1.0
11,68,Poor,1,2.0,1.0
11,69,Poor,0,0.0,3.0
11,70,Middle,2,6.199999999999999,0.8000000000000007
11,71,Middle,2,4.0,3.0
11,72,Middle,1,2.0,5.0
11,73,Middle,2,6.199999999999999,0.8000000000000007
11,74,Middle,1,2.0,5.0
11,75,Middle,0,0.0,7.0
11,76,Middle,3,6.0,1.0
11,77,Middle,2,4.0,3.0
11,78,Middle,1,6.0,1.0
11,79,Middle,1,6.0,1.0
11,80,Middle,1,2.0,5.0
11,81,Middle,2,6.199999999999999,0.8000000000000007
11,82,Middle,0,0.0,7.0
11,83,Middle,0,0.0,7.0
11,84,Middle,1,2.0,5.0
11,85,Middle,2,4.0,3.0
11,86,Middle,1,2.0,5.0
11,87,Middle,1,4.199999999999999,2.8000000000000007
11,88,Middle,1,2.0,5.0
11,89,Middle,1,4.199999999999999,2.8000000000000007
11,90,Rich,2,6.199999999999999,3.8000000000000007
11,91,Rich,1,2.0,8.0
11,92,Rich,2,4.0,6.0
11,93,Rich,2,8.0,2.0
11,94,Rich,1,6.0,4.0
11,95,Rich,1,2.0,8.0
11,96,Rich,1,2.0,8.0
11,97,Rich,1,2.0,8.0
11,98,Rich,1,4.199999999999999,5.800000000000001
11,99,Rich,0,0.0,10.0
12,0,Poor,1,2.0,1.0
12,1,Poor,0,0.0,3.0
12,2,Poor,1,2.0,1.0
12,3,Poor,1,2.0,1.0
12,4,Poor,1,2.0,1.0
12,5,Poor,1,1.4,1.6
12,6,Poor,0,0.0,3.0
12,7,Poor,1,2.0,1.0
12,8,Poor,0,0.0,3.0
12,9,Poor,0,0.0,3.0
12,10,Poor,1,2.0,1.0
12,11,Poor,1,2.0,1.0
12,12,Poor,1,2.0,1.0
12,13,Poor,1,2.0,1.0
12,14,Poor,1,1.4,1.6
12,15,Poor,1,2.0,1.0
12,16,Poor,1,2.0,1.0
12,17,Poor,1,2.0,1.0
12,18,Poor,1,2.0,1.0
12,19,Poor,1,2.0,1.0
12,20,Poor,1,1.4,1.6
12,21,Poor,1,2.0,1.0
12,22,Poor,1,2.0,1.0
12,23,Poor,1,1.4,1.6
12,24,Poor,1,2.0,1.0
12,25,Poor,1,2.0,1.0
12,26,Poor,0,0.0,3.0
12,27,Poor,1,1.4,1.6
12,28,Poor,1,1.4,1.6
12,29,Poor,1,1.4,1.6
12,30,Poor,1,1.4,1.6
12,31,Poor,1,2.0,1.0
12,32,Poor,1,1.4,1.6
12,33,Poor,1,2.0,1.0
12,34,Poor,1,2.0,1.0
12,35,Poor,0,0.0,3.0
12,36,Poor,0,0.0,3.0
12,37,Poor,1,2.0,1.0
12,38,Poor,0,0.0,3.0
12,39,Poor,0,0.0,3.0
12,40,Poor,0,0.0,3.0
12,41,Poor,1,2.0,1.0
12,42,Poor,0,0.0,3.0
12,43,Poor,1,1.4,1.6
12,44,Poor,1,2.0,1.0
12,45,Poor,1,1.4,1.6
12,46,Poor,0,0.0,3.0
12,47,Poor,1,1.4,1.6
12,48,Poor,1,2.0,1.0
12,49,Poor,1,2.0,1.0
12,50,Poor,0,0.0,3.0
12,51,Poor,1,2.0,1.0
12,52,Poor,1,2.0,1.0
12,53,Poor,1,2.0,1.0
12,54,Poor,1,2.0,1.0
12,55,Poor,1,2.0,1.0
12,56,Poor,1,2.0,1.0
12,57,Poor,0,0.0,3.0
12,58,Poor,1,2.0,1.0
12,59,Poor,1,1.4,1.6
12,60,Poor,1,1.4,1.6
12,61,Poor,1,2.0,1.0
12,62,Poor,1,2.0,1.0
12,63,Poor,1,1.4,1.6
12,64,Poor,1,2.0,1.0
12,65,Poor,1,1.4,1.6
12,66,Poor,1,1.4,1.6
12,67,Poor,0,0.0,3.0
12,68,Poor,0,0.0,3.0
12,69,Poor,1,2.0,1.0
12,70,Middle,0,0.0,7.0
12,71,Middle,1,6.0,1.0
12,72,Middle,2,3.4,3.5999999999999996
12,73,Middle,2,3.4,3.6
12,74,Middle,1,6.0,1.0
12,75,Middle,0,0.0,7.0
12,76,Middle,2,3.4,3.6
12,77,Middle,0,0.0,7.0
12,78,Middle,2,3.4,3.5999999999999996
12,79,Middle,0,0.0,7.0
12,80,Middle,1,6.0,1.0
12,81,Middle,1,6.0,1.0
12,82,Middle,0,0.0,7.0
12,83,Middle,0,0.0,7.0
12,84,Middle,1,2.0,5.0
12,85,Middle,2,4.0,3.0
12,86,Middle,2,3.4,3.6
12,87,Middle,1,1.4,5.6
12,88,Middle,1,6.0,1.0
12,89,Middle,0,0.0,7.0
12,90,Rich,0,0.0,10.0
12,91,Rich,2,4.0,6.0
12,92,Rich,2,7.4,2.5999999999999996
12,93,Rich,2,3.4,6.6
12,94,Rich,2,8.0,2.0
12,95,Rich,2,8.0,2.0
12,96,Rich,1,2.0,8.0
12,97,Rich,1,2.0,8.0
12,98,Rich,0,0.0,10.0
12,99,Rich,2,7.4,2.5999999999999996
13,0,Poor,1,2.0,1.0
13,1,Poor,1,2.0,1.0
13,2,Poor,0,0.0,3.0
13,3,Poor,1,2.0,1.0
13,4,Poor,1,2.0,1.0
13,5,Poor,1,2.0,1.0
13,6,Poor,1,2.0,1.0
13,7,Poor,1,2.0,1.0
13,8,Poor,1,2.0,1.0
13,9,Poor,1,2.0,1.0
13,10,Poor,0,0.0,3.0
13,11,Poor,0,0.0,3.0
13,12,Poor,1,2.0,1.0
13,13,Poor,1,2.0,1.0
13,14,Poor,0,0.0,3.0
13,15,Poor,1,2.0,1.0
13,16,Poor,0,0.0,3.0
13,17,Poor,1,2.0,1.0
13,18,Poor,1,2.0,1.0
13,19,Poor,1,2.0,1.0
13,20,Poor,1,2.0,1.0
13,21,Poor,1,2.0,1.0
13,22,Poor,1,2.0,1.0
13,23,Poor,1,2.0,1.0
13,24,Poor,1,2.0,1.0
13,25,Poor,1,2.0,1.0
13,26,Poor,1,2.0,1.0
13,27,Poor,0,0.0,3.0
13,28,Poor,1,2.0,1.0
13,29,Poor,0,0.0,3.0
13,30,Poor,1,2.0,1.0
13,31,Poor,1,2.0,1.0
13,32,Poor,1,2.0,1.0
13,33,Poor,1,2.0,1.0
13,34,Poor,1,2.0,1.0
13,35,Poor,0,0.0,3.0
13,36,Poor,1,2.0,1.0
13,37,Poor,1,2.0,1.0
13,38,Poor,0,0.0,3.0
13,39,Poor,1,2.0,1.0
13,40,Poor,0,0.0,3.0
13,41,Poor,1,2.0,1.0
13,42,Poor,1,2.0,1.0
13,43,Poor,0,0.0,3.0
13,44,Poor,1,2.0,1.0
13,45,Poor,1,2.0,1.0
13,46,Poor,1,2.0,1.0
13,47,Poor,0,0.0,3.0
13,48,Poor,1,2.0,1.0
13,49,Poor,1,2.0,1.0
13,50,Poor,1,2.0,1.0
13,51,Poor,1,2.0,1.0
13,52,Poor,0,0.0,3.0
13,53,Poor,0,0.0,3.0
13,54,Poor,1,2.0,1.0
13,55,Poor,1,2.0,1.0
13,56,Poor,0,0.0,3.0
13,57,Poor,1,2.0,1.0
13,58,Poor,1,2.0,1.0
13,59,Poor,1,2.0,1.0
13,60,Poor,1,2.0,1.0
13,61,Poor,1,2.0,1.0
13,62,Poor,0,0.0,3.0
13,63,Poor,1,2.0,1.0
13,64,Poor,1,2.0,1.0
13,65,Poor,0,0.0,3.0
13,66,Poor,1,2.0,1.0
13,67,Poor,0,0.0,3.0
13,68,Poor,0,0.0,3.0
13,69,Poor,0,0.0,3.0
13,70,Middle,0,0.0,7.0
13,71,Middle,1,2.0,5.0
13,72,Middle,0,0.0,7.0
13,73,Middle,1,2.0,5.0
13,74,Middle,0,0.0,7.0
13,75,Middle,1,2.0,5.0
13,76,Middle,0,0.0,7.0
13,77,Middle,2,4.0,3.0
13,78,Middle,1,2.0,5.0
13,79,Middle,1,6.0,1.0
13,80,Middle,1,6.0,1.0
13,81,Middle,0,0.0,7.0
13,82,Middle,1,6.0,1.0
13,83,Middle,0,0.0,7.0
13,84,Middle,0,0.0,7.0
13,85,Middle,2,4.0,3.0
13,86,Middle,0,0.0,7.0
13,87,Middle,1,2.0,5.0
13,88,Middle,1,2.0,5.0
13,89,Middle,1,6.0,1.0
13,90,Rich,2,4.0,6.0
13,91,Rich,2,8.0,2.0
13,92,Rich,3,6.0,4.0
13,93,Rich,0,0.0,10.0
13,94,Rich,1,2.0,8.0
13,95,Rich,2,4.0,6.0
13,96,Rich,2,8.0,2.0
13,97,Rich,3,10.0,0.0
13,98,Rich,3,10.0,0.0
13,99,Rich,1,2.0,8.0
14,0,Poor,1,2.0,1.0
14,1,Poor,0,0.0,3.0
14,2,Poor,1,2.0,1.0
14,3,Poor,1,2.0,1.0
14,4,Poor,1,2.0,1.0
14,5,Poor,0,0.0,3.0
14,6,Poor,1,2.0,1.0
14,7,Poor,1,2.0,1.0
14,8,Poor,1,2.0,1.0
14,9,Poor,1,2.0,1.0
14,10,Poor,1,2.0,1.0
14,11,Poor,1,2.0,1.0
14,12,Poor,1,2.0,1.0
14,13,Poor,1,2.0,1.0
14,14,Poor,0,0.0,3.0
14,15,Poor,0,0.0,3.0
14,16,Poor,1,2.0,1.0
14,17,Poor,1,2.0,1.0
14,18,Poor,1,2.0,1.0
14,19,Poor,1,2.0,1.0
14,20,Poor,1,2.0,1.0
14,21,Poor,0,0.0,3.0
14,22,Poor,1,2.0,1.0
14,23,Poor,1,2.0,1.0
14,24,Poor,1,2.0,1.0
14,25,Poor,1,2.0,1.0
14,26,Poor,0,0.0,3.0
14,27,Poor,0,0.0,3.0
14,28,Poor,1,2.0,1.0
14,29,Poor,1,2.0,1.0
14,30,Poor,0,0.0,3.0
14,31,Poor,1,2.0,1.0
14,32,Poor,1,2.0,1.0
14,33,Poor,1,2.0,1.0
14,34,Poor,1,2.0,1.0
14,35,Poor,0,0.0,3.0
14,36,Poor,1,2.0,1.0
14,37,Poor,1,2.0,1.0
14,38,Poor,0,0.0,3.0
14,39,Poor,1,2.0,1.0
14,40,Poor,0,0.0,3.0
14,41,Poor,0,0.0,3.0
14,42,Poor,1,2.0,1.0
14,43,Poor,1,2.0,1.0
14,44,Poor,1,2.0,1.0
14,45,Poor,0,0.0,3.0
14,46,Poor,1,2.0,1.0
14,47,Poor,1,2.0,1.0
14,48,Poor,1,2.0,1.0
14,49,Poor,1,2.0,1.0
14,50,Poor,1,2.0,1.0
14,51,Poor,1,2.0,1.0
14,52,Poor,1,2.0,1.0
14,53,Poor,0,0.0,3.0
14,54,Poor,1,2.0,1.0
14,55,Poor,0,0.0,3.0
14,56,Poor,1,2.0,1.0
14,57,Poor,0,0.0,3.0
14,58,Poor,1,2.0,1.0
14,59,Poor,0,0.0,3.0
14,60,Poor,1,2.0,1.0
14,61,Poor,1,2.0,1.0
14,62,Poor,0,0.0,3.0
14,63,Poor,0,0.0,3.0
14,64,Poor,0,0.0,3.0
14,65,Poor,1,2.0,1.0
14,66,Poor,1,2.0,1.0
14,67,Poor,1,2.0,1.0
14,68,Poor,0,0.0,3.0
14,69,Poor,0,0.0,3.0
14,70,Middle,2,4.0,3.0
14,71,Middle,2,4.0,3.0
14,72,Middle,2,4.0,3.0
14,73,Middle,2,4.0,3.0
14,74,Middle,1,6.0,1.0
14,75,Middle,1,2.0,5.0
14,76,Middle,1,6.0,1.0
14,77,Middle,1,2.0,5.0
14,78,Middle,1,6.0,1.0
14,79,Middle,2,4.0,3.0
14,80,Middle,1,6.0,1.0
14,81,Middle,1,6.0,1.0
14,82,Middle,1,6.0,1.0
14,83,Middle,1,2.0,5.0
14,84,Middle,2,4.0,3.0
14,85,Middle,1,2.0,5.0
14,86,Middle,1,2.0,5.0
14,87,Middle,0,0.0,7.0
14,88,Middle,1,6.0,1.0
14,89,Middle,3,6.0,1.0
14,90,Rich,3,10.0,0.0
14,91,Rich,2,8.0,2.0
14,92,Rich,0,0.0,10.0
14,93,Rich,2,8.0,2.0
14,94,Rich,2,8.0,2.0
14,95,Rich,1,6.0,4.0
14,96,Rich,2,4.0,6.0
14,97,Rich,1,2.0,8.0
14,98,Rich,1,2.0,8.0
14,99,Rich,0,0.0,10.0
15,0,Poor,1,2.0,1.0
15,1,Poor,0,0.0,3.0
15,2,Poor,1,2.0,1.0
15,3,Poor,0,0.0,3.0
15,4,Poor,0,0.0,3.0
15,5,Poor,0,0.0,3.0
15,6,Poor,1,2.0,1.0
15,7,Poor,1,2.0,1.0
15,8,Poor,1,2.0,1.0
15,9,Poor,1,2.0,1.0
15,10,Poor,1,2.0,1.0
15,11,Poor,1,2.0,1.0
15,12,Poor,1,2.0,1.0
15,13,Poor,0,0.0,3.0
15,14,Poor,1,2.0,1.0
15,15,Poor,0,0.0,3.0
15,16,Poor,1,2.0,1.0
15,17,Poor,1,2.0,1.0
15,18,Poor,1,2.0,1.0
15,19,Poor,1,2.0,1.0
15,20,Poor,1,2.0,1.0
15,21,Poor,1,2.0,1.0
15,22,Poor,1,2.0,1.0
15,23,Poor,0,0.0,3.0
15,24,Poor,1,2.0,1.0
15,25,Poor,0,0.0,3.0
15,26,Poor,1,2.0,1.0
15,27,Poor,1,2.0,1.0
15,28,Poor,0,0.0,3.0
15,29,Poor,1,2.0,1.0
15,30,Poor,0,0.0,3.0
15,31,Poor,1,2.0,1.0
15,32,Poor,0,0.0,3.0
15,33,Poor,1,2.0,1.0
15,34,Poor,0,0.0,3.0
15,35,Poor,0,0.0,3.0
15,36,Poor,1,2.0,1.0
15,37,Poor,1,2.0,1.0
15,38,Poor,0,0.0,3.0
15,39,Poor,1,2.0,1.0
15,40,Poor,1,2.0,1.0
15,41,Poor,1,2.0,1.0
15,42,Poor,1,2.0,1.0
15,43,Poor,0,0.0,3.0
15,44,Poor,1,2.0,1.0
15,45,Poor,0,0.0,3.0
15,46,Poor,1,2.0,1.0
15,47,Poor,1,2.0,1.0
15,48,Poor,0,0.0,3.0
15,49,Poor,1,2.0,1.0
15,50,Poor,1,2.0,1.0
15,51,Poor,1,2.0,1.0
15,52,Poor,0,0.0,3.0
15,53,Poor,1,2.0,1.0
15,54,Poor,0,0.0,3.0
15,55,Poor,1,2.0,1.0
15,56,Poor,1,2.0,1.0
15,57,Poor,0,0.0,3.0
15,58,Poor,1,2.0,1.0
15,59,Poor,0,0.0,3.0
15,60,Poor,0,0.0,3.0
15,61,Poor,0,0.0,3.0
15,62,Poor,1,2.0,1.0
15,63,Poor,1,2.0,1.0
15,64,Poor,0,0.0,3.0
15,65,Poor,1,2.0,1.0
15,66,Poor,0,0.0,3.0
15,67,Poor,0,0.0,3.0
15,68,Poor,1,2.0,1.0
15,69,Poor,0,0.0,3.0
15,70,Middle,1,2.0,5.0
15,71,Middle,2,4.0,3.0
15,72,Middle,1,2.0,5.0
15,73,Middle,1,2.0,5.0
15,74,Middle,1,2.0,5.0
15,75,Middle,1,2.0,5.0
15,76,Middle,2,4.0,3.0
15,77,Middle,1,2.0,5.0
15,78,Middle,3,6.0,1.0
15,79,Middle,1,2.0,5.0
15,80,Middle,2,4.0,3.0
15,81,Middle,2,4.0,3.0
15,82,Middle,1,2.0,5.0
15,83,Middle,1,6.0,1.0
15,84,Middle,2,4.0,3.0
15,85,Middle,1,2.0,5.0
15,86,Middle,1,6.0,1.0
15,87,Middle,1,2.0,5.0
15,88,Middle,1,6.0,1.0
15,89,Middle,1,6.0,1.0
15,90,Rich,3,10.0,0.0
15,91,Rich,1,2.0,8.0
15,92,Rich,2,8.0,2.0
15,93,Rich,1,2.0,8.0
15,94,Rich,2,8.0,2.0
15,95,Rich,1,6.0,4.0
15,96,Rich,2,4.0,6.0
15,97,Rich,2,4.0,6.0
15,98,Rich,2,4.0,6.0
15,99,Rich,1,6.0,4.0
16,0,Poor,1,2.0,1.0
16,1,Poor,0,0.0,3.0
16,2,Poor,0,0.0,3.0
16,3,Poor,1,2.0,1.0
16,4,Poor,0,0.0,3.0
16,5,Poor,0,0.0,3.0
16,6,Poor,1,2.0,1.0
16,7,Poor,1,2.0,1.0
16,8,Poor,1,2.0,1.0
16,9,Poor,1,2.0,1.0
16,10,Poor,1,2.0,1.0
16,11,Poor,1,2.0,1.0
16,12,Poor,0,0.0,3.0
16,13,Poor,1,2.0,1.0
16,14,Poor,1,2.0,1.0
16,15,Poor,1,2.0,1.0
16,16,Poor,0,0.0,3.0
16,17,Poor,1,2.0,1.0
16,18,Poor,1,2.0,1.0
16,19,Poor,1,2.0,1.0
16,20,Poor,1,2.0,1.0
16,21,Poor,0,0.0,3.0
16,22,Poor,1,2.0,1.0
16,23,Poor,1,2.0,1.0
16,24,Poor,1,2.0,1.0
16,25,Poor,1,2.0,1.0
16,26,Poor,1,2.0,1.0
16,27,Poor,0,0.0,3.0
16,28,Poor,0,0.0,3.0
16,29,Poor,1,2.0,1.0
16,30,Poor,1,2.0,1.0
16,31,Poor,0,0.0,3.0
16,32,Poor,0,0.0,3.0
16,33,Poor,0,0.0,3.0
16,34,Poor,0,0.0,3.0
16,35,Poor,1,2.0,1.0
16,36,Poor,0,0.0,3.0
16,37,Poor,0,0.0,3.0
16,38,Poor,1,2.0,1.0
16,39,Poor,0,0.0,3.0
16,40,Poor,1,2.0,1.0
16,41,Poor,1,2.0,1.0
16,42,Poor,1,2.0,1.0
16,43,Poor,0,0.0,3.0
16,44,Poor,1,2.0,1.0
16,45,Poor,1,2.0,1.0
16,46,Poor,1,2.0,1.0
16,47,Poor,1,2.0,1.0
16,48,Poor,1,2.0,1.0
16,49,Poor,1,2.0,1.0
16,50,Poor,1,2.0,1.0
16,51,Poor,0,0.0,3.0
16,52,Poor,0,0.0,3.0
16,53,Poor,1,2.0,1.0
16,54,Poor,0,0.0,3.0
16,55,Poor,0,0.0,3.0
16,56,Poor,1,2.0,1.0
16,57,Poor,1,2.0,1.0
16,58,Poor,1,2.0,1.0
16,59,Poor,1,2.0,1.0
16,60,Poor,1,2.0,1.0
16,61,Poor,0,0.0,3.0
16,62,Poor,0,0.0,3.0
16,63,Poor,1,2.0,1.0
16,64,Poor,0,0.0,3.0
16,65,Poor,1,2.0,1.0
16,66,Poor,1,2.0,1.0
16,67,Poor,0,0.0,3.0
16,68,Poor,1,2.0,1.0
16,69,Poor,1,2.0,1.0
16,70,Middle,2,4.0,3.0
16,71,Middle,2,4.0,3.0
16,72,Middle,1,2.0,5.0
16,73,Middle,1,6.0,1.0
16,74,Middle,0,0.0,7.0
16,75,Middle,1,6.0,1.0
16,76,Middle,1,6.0,1.0
16,77,Middle,2,4.0,3.0
16,78,Middle,1,6.0,1.0
16,79,Middle,3,6.0,1.0
16,80,Middle,2,4.0,3.0
16,81,Middle,1,6.0,1.0
16,82,Middle,1,6.0,1.0
16,83,Middle,1,2.0,5.0
16,84,Middle,1,2.0,5.0
16,85,Middle,2,4.0,3.0
16,86,Middle,2,4.0,3.0
16,87,Middle,1,6.0,1.0
16,88,Middle,0,0.0,7.0
16,89,Middle,1,6.0,1.0
16,90,Rich,3,6.0,4.0
16,91,Rich,2,8.0,2.0
16,92,Rich,2,4.0,6.0
16,93,Rich,2,4.0,6.0
16,94,Rich,2,4.0,6.0
16,95,Rich,1,6.0,4.0
16,96,Rich,1,2.0,8.0
16,97,Rich,2,8.0,2.0
16,98,Rich,2,8.0,2.0
16,99,Rich,2,8.0,2.0
17,0,Poor,1,2.0,1.0
17,1,Poor,1,2.0,1.0
17,2,Poor,1,2.0,1.0
17,3,Poor,0,0.0,3.0
17,4,Poor,1,2.0,1.0
17,5,Poor,0,0.0,3.0
17,6,Poor,1,2.0,1.0
17,7,Poor,1,2.0,1.0
17,8,Poor,1,2.0,1.0
17,9,Poor,1,2.0,1.0
17,10,Poor,0,0.0,3.0
17,11,Poor,0,0.0,3.0
17,12,Poor,1,2.0,1.0
17,13,Poor,1,2.0,1.0
17,14,Poor,1,2.0,1.0
17,15,Poor,1,2.0,1.0
17,16,Poor,1,2.0,1.0
17,17,Poor,1,2.0,1.0
17,18,Poor,1,2.0,1.0
17,19,Poor,1,2.0,1.0
17,20,Poor,1,2.0,1.0
17,21,Poor,1,2.0,1.0
17,22,Poor,0,0.0,3.0
17,23,Poor,0,0.0,3.0
17,24,Poor,1,2.0,1.0
17,25,Poor,0,0.0,3.0
17,26,Poor,1,2.0,1.0
17,27,Poor,0,0.0,3.0
17,28,Poor,0,0.0,3.0
17,29,Poor,1,2.0,1.0
17,30,Poor,0,0.0,3.0
17,31,Poor,1,2.0,1.0
17,32,Poor,0,0.0,3.0
17,33,Poor,1,2.0,1.0
17,34,Poor,1,2.0,1.0
17,35,Poor,1,2.0,1.0
17,36,Poor,1,2.0,1.0
17,37,Poor,1,2.0,1.0
17,38,Poor,0,0.0,3.0
17,39,Poor,1,2.0,1.0
17,40,Poor,1,2.0,1.0
17,41,Poor,1,2.0,1.0
17,42,Poor,1,2.0,1.0
17,43,Poor,1,2.0,1.0
17,44,Poor,1,2.0,1.0
17,45,Poor,1,2.0,1.0
17,46,Poor,1,2.0,1.0
17,47,Poor,1,2.0,1.0
17,48,Poor,0,0.0,3.0
17,49,Poor,1,2.0,1.0
17,50,Poor,1,2.0,1.0
17,51,Poor,1,2.0,1.0
17,52,Poor,1,2.0,1.0
17,53,Poor,1,2.0,1.0
17,54,Poor,1,2.0,1.0
17,55,Poor,1,2.0,1.0
17,56,Poor,1,2.0,1.0
17,57,Poor,1,2.0,1.0
17,58,Poor,0,0.0,3.0
17,59,Poor,0,0.0,3.0
17,60,Poor,1,2.0,1.0
17,61,Poor,1,2.0,1.0
17,62,Poor,1,2.0,1.0
17,63,Poor,1,2.0,1.0
17,64,Poor,0,0.0,3.0
17,65,Poor,0,0.0,3.0
17,66,Poor,0,0.0,3.0
17,67,Poor,1,2.0,1.0
17,68,Poor,1,2.0,1.0
17,69,Poor,1,2.0,1.0
17,70,Middle,2,4.0,3.0
17,71,Middle,1,6.0,1.0
17,72,Middle,1,2.0,5.0
17,73,Middle,0,0.0,7.0
17,74,Middle,1,2.0,5.0
17,75,Middle,0,0.0,7.0
17,76,Middle,1,2.0,5.0
17,77,Middle,2,4.0,3.0
17,78,Middle,1,6.0,1.0
17,79,Middle,1,6.0,1.0
17,80,Middle,1,6.0,1.0
17,81,Middle,1,6.0,1.0
17,82,Middle,1,6.0,1.0
17,83,Middle,2,4.0,3.0
17,84,Middle,1,6.0,1.0
17,85,Middle,1,2.0,5.0
17,86,Middle,1,2.0,5.0
17,87,Middle,1,2.0,5.0
17,88,Middle,2,4.0,3.0
17,89,Middle,1,2.0,5.0
17,90,Rich,2,8.0,2.0
17,91,Rich,2,8.0,2.0
17,92,Rich,1,6.0,4.0
17,93,Rich,1,2.0,8.0
17,94,Rich,2,8.0,2.0
17,95,Rich,3,6.0,4.0
17,96,Rich,2,8.0,2.0
17,97,Rich,2,8.0,2.0
17,98,Rich,0,0.0,10.0
17,99,Rich,2,4.0,6.0
18,0,Poor,1,2.0,1.0
18,1,Poor,1,2.0,1.0
18,2,Poor,1,2.0,1.0
18,3,Poor,0,0.0,3.0
18,4,Poor,1,2.0,1.0
18,5,Poor,1,2.0,1.0
18,6,Poor,1,2.0,1.0
18,7,Poor,1,2.0,1.0
18,8,Poor,1,2.0,1.0
18,9,Poor,1,2.0,1.0
18,10,Poor,1,2.0,1.0
18,11,Poor,1,2.0,1.0
18,12,Poor,0,0.0,3.0
18,13,Poor,1,2.0,1.0
18,14,Poor,0,0.0,3.0
18,15,Poor,0,0.0,3.0
18,16,Poor,0,0.0,3.0
18,17,Poor,0,0.0,3.0
18,18,Poor,1,2.0,1.0
18,19,Poor,1,2.0,1.0
18,20,Poor,1,2.0,1.0
18,21,Poor,0,0.0,3.0
18,22,Poor,1,2.0,1.0
18,23,Poor,0,0.0,3.0
18,24,Poor,1,2.0,1.0
18,25,Poor,1,2.0,1.0
18,26,Poor,1,2.0,1.0
18,27,Poor,1,2.0,1.0
18,28,Poor,0,0.0,3.0
18,29,Poor,1,2.0,1.0
18,30,Poor,0,0.0,3.0
18,31,Poor,0,0.0,3.0
18,32,Poor,0,0.0,3.0
18,33,Poor,1,2.0,1.0
18,34,Poor,1,2.0,1.0
18,35,Poor,0,0.0,3.0
18,36,Poor,1,2.0,1.0
18,37,Poor,1,2.0,1.0
18,38,Poor,1,2.0,1.0
18,39,Poor,1,2.0,1.0
18,40,Poor,1,2.0,1.0
18,41,Poor,1,2.0,1.0
18,42,Poor,1,2.0,1.0
18,43,Poor,1,2.0,1.0
18,44,Poor,0,0.0,3.0
18,45,Poor,1,2.0,1.0
18,46,Poor,0,0.0,3.0
18,47,Poor,1,2.0,1.0
18,48,Poor,1,2.0,1.0
18,49,Poor,1,2.0,1.0
18,50,Poor,1,2.0,1.0
18,51,Poor,0,0.0,3.0
18,52,Poor,1,2.0,1.0
18,53,Poor,0,0.0,3.0
18,54,Poor,0,0.0,3.0
18,55,Poor,1,2.0,1.0
18,56,Poor,0,0.0,3.0
18,57,Poor,1,2.0,1.0
18,58,Poor,0,0.0,3.0
18,59,Poor,0,0.0,3.0
18,60,Poor,0,0.0,3.0
18,61,Poor,1,2.0,1.0
18,62,Poor,1,2.0,1.0
18,63,Poor,1,2.0,1.0
18,64,Poor,0,0.0,3.0
18,65,Poor,1,2.0,1.0
18,66,Poor,0,0.0,3.0
18,67,Poor,1,2.0,1.0
18,68,Poor,0,0.0,3.0
18,69,Poor,1,2.0,1.0
18,70,Middle,0,0.0,7.0
18,71,Middle,1,6.0,1.0
18,72,Middle,1,2.0,5.0
18,73,Middle,2,4.0,3.0
18,74,Middle,2,4.0,3.0
18,75,Middle,1,2.0,5.0
18,76,Middle,1,6.0,1.0
18,77,Middle,1,2.0,5.0
18,78,Middle,1,2.0,5.0
18,79,Middle,0,0.0,7.0
18,80,Middle,2,4.0,3.0
18,81,Middle,1,2.0,5.0
18,82,Middle,0,0.0,7.0
18,83,Middle,1,2.0,5.0
18,84,Middle,0,0.0,7.0
18,85,Middle,1,6.0,1.0
18,86,Middle,1,2.0,5.0
18,87,Middle,2,4.0,3.0
18,88,Middle,0,0.0,7.0
18,89,Middle,1,6.0,1.0
18,90,Rich,1,2.0,8.0
18,91,Rich,1,2.0,8.0
18,92,Rich,0,0.0,10.0
18,93,Rich,2,8.0,2.0
18,94,Rich,2,8.0,2.0
18,95,Rich,2,8.0,2.0
18,96,Rich,1,2.0,8.0
18,97,Rich,1,6.0,4.0
18,98,Rich,2,4.0,6.0
18,99,Rich,2,4.0,6.0
19,0,Poor,1,2.0,1.0
19,1,Poor,1,2.0,1.0
19,2,Poor,0,0.0,3.0
19,3,Poor,1,2.0,1.0
19,4,Poor,1,2.0,1.0
19,5,Poor,1,2.0,1.0
19,6,Poor,0,0.0,3.0
19,7,Poor,0,0.0,3.0
19,8,Poor,1,2.0,1.0
19,9,Poor,1,2.0,1.0
19,10,Poor,1,2.0,1.0
19,11,Poor,1,2.0,1.0
19,12,Poor,0,0.0,3.0
19,13,Poor,0,0.0,3.0
19,14,Poor,1,2.0,1.0
19,15,Poor,1,2.0,1.0
19,16,Poor,1,2.0,1.0
19,17,Poor,0,0.0,3.0
19,18,Poor,1,2.0,1.0
19,19,Poor,0,0.0,3.0
19,20,Poor,0,0.0,3.0
19,21,Poor,1,2.0,1.0
19,22,Poor,1,2.0,1.0
19,23,Poor,0,0.0,3.0
19,24,Poor,1,2.0,1.0
19,25,Poor,0,0.0,3.0
19,26,Poor,1,2.0,1.0
19,27,Poor,1,2.0,1.0
19,28,Poor,1,2.0,1.0
19,29,Poor,0,0.0,3.0
19,30,Poor,1,2.0,1.0
19,31,Poor,0,0.0,3.0
19,32,Poor,1,2.0,1.0
19,33,Poor,0,0.0,3.0
19,34,Poor,1,2.0,1.0
19,35,Poor,1,2.0,1.0
19,36,Poor,0,0.0,3.0
19,37,Poor,0,0.0,3.0
19,38,Poor,1,2.0,1.0
19,39,Poor,0,0.0,3.0
19,40,Poor,0,0.0,3.0
19,41,Poor,1,2.0,1.0
19,42,Poor,1,2.0,1.0
19,43,Poor,1,2.0,1.0
19,44,Poor,1,2.0,1.0
19,45,Poor,1,2.0,1.0
19,46,Poor,1,2.0,1.0
19,47,Poor,1,2.0,1.0
19,48,Poor,1,2.0,1.0
19,49,Poor,1,2.0,1.0
19,50,Poor,1,2.0,1.0
19,51,Poor,1,2.0,1.0
19,52,Poor,1,2.0,1.0
19,53,Poor,0,0.0,3.0
19,54,Poor,1,2.0,1.0
19,55,Poor,1,2.0,1.0
19,56,Poor,1,2.0,1.0
19,57,Poor,1,2.0,1.0
19,58,Poor,1,2.0,1.0
19,59,Poor,1,2.0,1.0
19,60,Poor,0,0.0,3.0
19,61,Poor,1,2.0,1.0
19,62,Poor,0,0.0,3.0
19,63,Poor,0,0.0,3.0
19,64,Poor,1,2.0,1.0
19,65,Poor,1,2.0,1.0
19,66,Poor,0,0.0,3.0
19,67,Poor,1,2.0,1.0
19,68,Poor,1,2.0,1.0
19,69,Poor,1,2.0,1.0
19,70,Middle,1,6.0,1.0
19,71,Middle,1,6.0,1.0
19,72,Middle,1,2.0,5.0
19,73,Middle,1,2.0,5.0
19,74,Middle,2,4.0,3.0
19,75,Middle,1,6.0,1.0
19,76,Middle,1,2.0,5.0
19,77,Middle,1,2.0,5.0
19,78,Middle,2,4.0,3.0
19,79,Middle,0,0.0,7.0
19,80,Middle,1,2.0,5.0
19,81,Middle,2,4.0,3.0
19,82,Middle,1,6.0,1.0
19,83,Middle,2,4.0,3.0
19,84,Middle,1,2.0,5.0
19,85,Middle,1,2.0,5.0
19,86,Middle,1,2.0,5.0
19,87,Middle,1,2.0,5.0
19,88,Middle,1,2.0,5.0
19,89,Middle,1,6.0,1.0
19,90,Rich,2,8.0,2.0
19,91,Rich,2,8.0,2.0
19,92,Rich,2,4.0,6.0
19,93,Rich,3,10.0,0.0
19,94,Rich,1,2.0,8.0
19,95,Rich,2,8.0,2.0
19,96,Rich,2,4.0,6.0
19,97,Rich,1,2.0,8.0
19,98,Rich,2,4.0,6.0
19,99,Rich,2,8.0,2.0
20,0,Poor,0,0.0,3.0
20,1,Poor,0,0.0,3.0
20,2,Poor,1,2.0,1.0
20,3,Poor,1,2.0,1.0
20,4,Poor,0,0.0,3.0
20,5,Poor,1,2.0,1.0
20,6,Poor,1,2.0,1.0
20,7,Poor,1,2.0,1.0
20,8,Poor,1,2.0,1.0
20,9,Poor,0,0.0,3.0
20,10,Poor,0,0.0,3.0
20,11,Poor,1,2.0,1.0
20,12,Poor,1,2.0,1.0
20,13,Poor,1,2.0,1.0
20,14,Poor,1,2.0,1.0
20,15,Poor,1,2.0,1.0
20,16,Poor,1,2.0,1.0
20,17,Poor,1,2.0,1.0
20,18,Poor,0,0.0,3.0
20,19,Poor,1,2.0,1.0
20,20,Poor,1,2.0,1.0
20,21,Poor,1,2.0,1.0
20,22,Poor,0,0.0,3.0
20,23,Poor,1,2.0,1.0
20,24,Poor,1,2.0,1.0
20,25,Poor,1,2.0,1.0
20,26,Poor,1,2.0,1.0
20,27,Poor,0,0.0,3.0
20,28,Poor,1,2.0,1.0
20,29,Poor,1,2.0,1.0
20,30,Poor,0,0.0,3.0
20,31,Poor,1,2.0,1.0
20,32,Poor,1,2.0,1.0
20,33,Poor,0,0.0,3.0
20,34,Poor,1,2.0,1.0
20,35,Poor,1,2.0,1.0
20,36,Poor,1,2.0,1.0
20,37,Poor,0,0.0,3.0
20,38,Poor,0,0.0,3.0
20,39,Poor,1,2.0,1.0
20,40,Poor,1,2.0,1.0
20,41,Poor,0,0.0,3.0
20,42,Poor,0,0.0,3.0
20,43,Poor,0,0.0,3.0
20,44,Poor,1,2.0,1.0
20,45,Poor,0,0.0,3.0
20,46,Poor,1,2.0,1.0
20,47,Poor,0,0.0,3.0
20,48,Poor,0,0.0,3.0
20,49,Poor,1,2.0,1.0
20,50,Poor,1,2.0,1.0
20,51,Poor,0,0.0,3.0
20,52,Poor,1,2.0,1.0
20,53,Poor,1,2.0,1.0
20,54,Poor,1,2.0,1.0
20,55,Poor,0,0.0,3.0
20,56,Poor,0,0.0,3.0
20,57,Poor,1,2.0,1.0
20,58,Poor,1,2.0,1.0
20,59,Poor,1,2.0,1.0
20,60,Poor,1,2.0,1.0
20,61,Poor,1,2.0,1.0
20,62,Poor,1,2.0,1.0
20,63,Poor,0,0.0,3.0
20,64,Poor,1,2.0,1.0
20,65,Poor,1,2.0,1.0
20,66,Poor,0,0.0,3.0
20,67,Poor,0,0.0,3.0
20,68,Poor,1,2.0,1.0
20,69,Poor,1,2.0,1.0
20,70,Middle,1,6.0,1.0
20,71,Middle,3,6.0,1.0
20,72,Middle,0,0.0,7.0
20,73,Middle,1,6.0,1.0
20,74,Middle,1,2.0,5.0
20,75,Middle,1,2.0,5.0
20,76,Middle,1,2.0,5.0
20,77,Middle,1,6.0,1.0
20,78,Middle,1,6.0,1.0
20,79,Middle,1,6.0,1.0
20,80,Middle,1,2.0,5.0
20,81,Middle,1,2.0,5.0
20,82,Middle,1,2.0,5.0
20,83,Middle,1,6.0,1.0
20,84,Middle,0,0.0,7.0
20,85,Middle,1,2.0,5.0
20,86,Middle,2,4.0,3.0
20,87,Middle,1,6.0,1.0
20,88,Middle,2,4.0,3.0
20,89,Middle,0,0.0,7.0
20,90,Rich,2,8.0,2.0
20,91,Rich,2,8.0,2.0
20,92,Rich,2,8.0,2.0
20,93,Rich,2,8.0,2.0
20,94,Rich,2,8.0,2.0
20,95,Rich,2,8.0,2.0
20,96,Rich,2,8.0,2.0
20,97,Rich,2,8.0,2.0
20,98,Rich,1,6.0,4.0
20,99,Rich,2,4.0,6.0
21,0,Poor,1,2.0,1.0
21,1,Poor,1,2.0,1.0
21,2,Poor,1,2.0,1.0
21,3,Poor,0,0.0,3.0
21,4,Poor,1,2.0,1.0
21,5,Poor,1,2.0,1.0
21,6,Poor,1,2.0,1.0
21,7,Poor,0,0.0,3.0
21,8,Poor,1,2.0,1.0
21,9,Poor,0,0.0,3.0
21,10,Poor,1,2.0,1.0
21,11,Poor,1,2.0,1.0
21,12,Poor,1,2.0,1.0
21,13,Poor,1,2.0,1.0
21,14,Poor,0,0.0,3.0
21,15,Poor,0,0.0,3.0
21,16,Poor,1,2.0,1.0
21,17,Poor,1,2.0,1.0
21,18,Poor,0,0.0,3.0
21,19,Poor,1,2.0,1.0
21,20,Poor,1,2.0,1.0
21,21,Poor,1,2.0,1.0
21,22,Poor,1,2.0,1.0
21,23,Poor,0,0.0,3.0
21,24,Poor,1,2.0,1.0
21,25,Poor,1,2.0,1.0
21,26,Poor,1,2.0,1.0
21,27,Poor,1,2.0,1.0
21,28,Poor,0,0.0,3.0
21,29,Poor,1,2.0,1.0
21,30,Poor,1,2.0,1.0
21,31,Poor,1,2.0,1.0
21,32,Poor,0,0.0,3.0
21,33,Poor,1,2.0,1.0
21,34,Poor,1,2.0,1.0
21,35,Poor,1,2.0,1.0
21,36,Poor,0,0.0,3.0
21,37,Poor,1,2.0,1.0
21,38,Poor,1,2.0,1.0
21,39,Poor,1,2.0,1.0
21,40,Poor,1,2.0,1.0
21,41,Poor,1,2.0,1.0
21,42,Poor,1,2.0,1.0
21,43,Poor,0,0.0,3.0
21,44,Poor,0,0.0,3.0
21,45,Poor,1,2.0,1.0
21,46,Poor,0,0.0,3.0
21,47,Poor,1,2.0,1.0
21,48,Poor,0,0.0,3.0
21,49,Poor,0,0.0,3.0
21,50,Poor,1,2.0,1.0
21,51,Poor,1,2.0,1.0
21,52,Poor,1,2.0,1.0
21,53,Poor,1,2.0,1.0
21,54,Poor,1,2.0,1.0
21,55,Poor,1,2.0,1.0
21,56,Poor,1,2.0,1.0
21,57,Poor,1,2.0,1.0
21,58,Poor,1,2.0,1.0
21,59,Poor,1,2.0,1.0
21,60,Poor,1,2.0,1.0
21,61,Poor,1,2.0,1.0
21,62,Poor,0,0.0,3.0
21,63,Poor,1,2.0,1.0
21,64,Poor,0,0.0,3.0
21,65,Poor,0,0.0,3.0
21,66,Poor,1,2.0,1.0
21,67,Poor,0,0.0,3.0
21,68,Poor,1,2.0,1.0
21,69,Poor,1,2.0,1.0
21,70,Middle,2,4.0,3.0
21,71,Middle,1,2.0,5.0
21,72,Middle,1,6.0,1.0
21,73,Middle,1,6.0,1.0
21,74,Middle,0,0.0,7.0
21,75,Middle,1,6.0,1.0
21,76,Middle,1,2.0,5.0
21,77,Middle,2,4.0,3.0
21,78,Middle,1,6.0,1.0
21,79,Middle,1,2.0,5.0
21,80,Middle,1,2.0,5.0
21,81,Middle,1,2.0,5.0
21,82,Middle,1,2.0,5.0
21,83,Middle,0,0.0,7.0
21,84,Middle,2,4.0,3.0
21,85,Middle,1,6.0,1.0
21,86,Middle,0,0.0,7.0
21,87,Middle,2,4.0,3.0
21,88,Middle,1,2.0,5.0
21,89,Middle,1,2.0,5.0
21,90,Rich,2,8.0,2.0
21,91,Rich,2,8.0,2.0
21,92,Rich,1,6.0,4.0
21,93,Rich,2,8.0,2.0
21,94,Rich,1,2.0,8.0
21,95,Rich,0,0.0,10.0
21,96,Rich,3,6.0,4.0
21,97,Rich,2,8.0,2.0
21,98,Rich,1,2.0,8.0
21,99,Rich,3,10.0,0.0
22,0,Poor,0,0.0,3.0
22,1,Poor,1,2.0,1.0
22,2,Poor,1,2.0,1.0
22,3,Poor,1,2.0,1.0
22,4,Poor,1,2.0,1.0
22,5,Poor,1,2.0,1.0
22,6,Poor,0,0.0,3.0
22,7,Poor,1,2.0,1.0
22,8,Poor,1,2.0,1.0
22,9,Poor,1,2.0,1.0
22,10,Poor,1,2.0,1.0
22,11,Poor,0,0.0,3.0
22,12,Poor,0,0.0,3.0
22,13,Poor,1,2.0,1.0
22,14,Poor,0,0.0,3.0
22,15,Poor,0,0.0,3.0
22,16,Poor,1,2.0,1.0
22,17,Poor,0,0.0,3.0
22,18,Poor,1,2.0,1.0
22,19,Poor,0,0.0,3.0
22,20,Poor,0,0.0,3.0
22,21,Poor,1,2.0,1.0
22,22,Poor,1,2.0,1.0
22,23,Poor,1,2.0,1.0
22,24,Poor,1,2.0,1.0
22,25,Poor,1,2.0,1.0
22,26,Poor,1,2.0,1.0
22,27,Poor,1,2.0,1.0
22,28,Poor,1,2.0,1.0
22,29,Poor,0,0.0,3.0
22,30,Poor,1,2.0,1.0
22,31,Poor,1,2.0,1.0
22,32,Poor,1,2.0,1.0
22,33,Poor,1,2.0,1.0
22,34,Poor,1,2.0,1.0
22,35,Poor,1,2.0,1.0
22,36,Poor,1,2.0,1.0
22,37,Poor,1,2.0,1.0
22,38,Poor,1,2.0,1.0
22,39,Poor,1,2.0,1.0
22,40,Poor,0,0.0,3.0
22,41,Poor,0,0.0,3.0
22,42,Poor,1,2.0,1.0
22,43,Poor,0,0.0,3.0
22,44,Poor,0,0.0,3.0
22,45,Poor,1,2.0,1.0
22,46,Poor,1,2.0,1.0
22,47,Poor,0,0.0,3.0
22,48,Poor,1,2.0,1.0
22,49,Poor,1,2.0,1.0
22,50,Poor,1,2.0,1.0
22,51,Poor,0,0.0,3.0
22,52,Poor,1,2.0,1.0
22,53,Poor,1,2.0,1.0
22,54,Poor,1,2.0,1.0
22,55,Poor,0,0.0,3.0
22,56,Poor,0,0.0,3.0
22,57,Poor,1,2.0,1.0
22,58,Poor,1,2.0,1.0
22,59,Poor,1,2.0,1.0
22,60,Poor,1,2.0,1.0
22,61,Poor,0,0.0,3.0
22,62,Poor,1,2.0,1.0
22,63,Poor,1,2.0,1.0
22,64,Poor,0,0.0,3.0
22,65,Poor,1,2.0,1.0
22,66,Poor,1,2.0,1.0
22,67,Poor,1,2.0,1.0
22,68,Poor,1,2.0,1.0
22,69,Poor,1,2.0,1.0
22,70,Middle,1,2.0,5.0
22,71,Middle,1,2.0,5.0
22,72,Middle,1,2.0,5.0
22,73,Middle,1,6.0,1.0
22,74,Middle,1,2.0,5.0
22,75,Middle,2,4.0,3.0
22,76,Middle,0,0.0,7.0
22,77,Middle,1,6.0,1.0
22,78,Middle,2,4.0,3.0
22,79,Middle,1,6.0,1.0
22,80,Middle,0,0.0,7.0
22,81,Middle,1,6.0,1.0
22,82,Middle,3,6.0,1.0
22,83,Middle,1,2.0,5.0
22,84,Middle,1,2.0,5.0
22,85,Middle,1,2.0,5.0
22,86,Middle,1,6.0,1.0
22,87,Middle,1,2.0,5.0
22,88,Middle,0,0.0,7.0
22,89,Middle,1,6.0,1.0
22,90,Rich,2,4.0,6.0
22,91,Rich,2,8.0,2.0
22,92,Rich,2,8.0,2.0
22,93,Rich,2,8.0,2.0
22,94,Rich,0,0.0,10.0
22,95,Rich,1,2.0,8.0
22,96,Rich,2,8.0,2.0
22,97,Rich,0,0.0,10.0
22,98,Rich,3,6.0,4.0
22,99,Rich,2,8.0,2.0
23,0,Poor,1,2.0,1.0
23,1,Poor,1,2.0,1.0
23,2,Poor,1,2.0,1.0
23,3,Poor,1,2.0,1.0
23,4,Poor,1,2.0,1.0
23,5,Poor,1,2.0,1.0
23,6,Poor,1,2.0,1.0
23,7,Poor,1,2.0,1.0
23,8,Poor,0,0.0,3.0
23,9,Poor,1,2.0,1.0
23,10,Poor,1,2.0,1.0
23,11,Poor,1,2.0,1.0
23,12,Poor,0,0.0,3.0
23,13,Poor,0,0.0,3.0
23,14,Poor,1,2.0,1.0
23,15,Poor,1,2.0,1.0
23,16,Poor,0,0.0,3.0
23,17,Poor,1,2.0,1.0
23,18,Poor,1,2.0,1.0
23,19,Poor,1,2.0,1.0
23,20,Poor,0,0.0,3.0
23,21,Poor,1,2.0,1.0
23,22,Poor,1,2.0,1.0
23,23,Poor,1,2.0,1.0
23,24,Poor,1,2.0,1.0
23,25,Poor,1,2.0,1.0
23,26,Poor,0,0.0,3.0
23,27,Poor,1,2.0,1.0
23,28,Poor,1,2.0,1.0
23,29,Poor,1,2.0,1.0
23,30,Poor,1,2.0,1.0
23,31,Poor,1,2.0,1.0
23,32,Poor,1,2.0,1.0
23,33,Poor,0,0.0,3.0
23,34,Poor,1,2.0,1.0
23,35,Poor,0,0.0,3.0
23,36,Poor,1,2.0,1.0
23,37,Poor,1,2.0,1.0
23,38,Poor,0,0.0,3.0
23,39,Poor,1,2.0,1.0
23,40,Poor,0,0.0,3.0
23,41,Poor,0,0.0,3.0
23,42,Poor,0,0.0,3.0
23,43,Poor,1,2.0,1.0
23,44,Poor,1,2.0,1.0
23,45,Poor,1,2.0,1.0
23,46,Poor,0,0.0,3.0
23,47,Poor,1,2.0,1.0
23,48,Poor,1,2.0,1.0
23,49,Poor,1,2.0,1.0
23,50,Poor,0,0.0,3.0
23,51,Poor,0,0.0,3.0
23,52,Poor,1,2.0,1.0
23,53,Poor,1,2.0,1.0
23,54,Poor,1,2.0,1.0
23,55,Poor,1,2.0,1.0
23,56,Poor,1,2.0,1.0
23,57,Poor,1,2.0,1.0
23,58,Poor,1,2.0,1.0
23,59,Poor,1,2.0,1.0
23,60,Poor,1,2.0,1.0
23,61,Poor,1,2.0,1.0
23,62,Poor,1,2.0,1.0
23,63,Poor,1,2.0,1.0
23,64,Poor,1,2.0,1.0
23,65,Poor,0,0.0,3.0
23,66,Poor,1,2.0,1.0
23,67,Poor,1,2.0,1.0
23,68,Poor,1,2.0,1.0
23,69,Poor,1,2.0,1.0
23,70,Middle,1,6.0,1.0
23,71,Middle,0,0.0,7.0
23,72,Middle,2,4.0,3.0
23,73,Middle,2,4.0,3.0
23,74,Middle,2,4.0,3.0
23,75,Middle,2,4.0,3.0
23,76,Middle,2,4.0,3.0
23,77,Middle,0,0.0,7.0
23,78,Middle,1,2.0,5.0
23,79,Middle,2,4.0,3.0
23,80,Middle,3,6.0,1.0
23,81,Middle,0,0.0,7.0
23,82,Middle,0,0.0,7.0
23,83,Middle,1,2.0,5.0
23,84,Middle,2,4.0,3.0
23,85,Middle,1,2.0,5.0
23,86,Middle,1,6.0,1.0
23,87,Middle,2,4.0,3.0
23,88,Middle,2,4.0,3.0
23,89,Middle,1,6.0,1.0
23,90,Rich,2,4.0,6.0
23,91,Rich,2,8.0,2.0
23,92,Rich,3,10.0,0.0
23,93,Rich,1,2.0,8.0
23,94,Rich,2,4.0,6.0
23,95,Rich,1,2.0,8.0
23,96,Rich,1,2.0,8.0
23,97,Rich,2,8.0,2.0
23,98,Rich,1,6.0,4.0
23,99,Rich,1,2.0,8.0
24,0,Poor,1,2.0,1.0
24,1,Poor,1,2.0,1.0
24,2,Poor,1,2.0,1.0
24,3,Poor,0,0.0,3.0
24,4,Poor,1,2.0,1.0
24,5,Poor,1,2.0,1.0
24,6,Poor,1,2.0,1.0
24,7,Poor,0,0.0,3.0
24,8,Poor,0,0.0,3.0
24,9,Poor,0,0.0,3.0
24,10,Poor,0,0.0,3.0
24,11,Poor,1,2.0,1.0
24,12,Poor,0,0.0,3.0
24,13,Poor,1,2.0,1.0
24,14,Poor,1,2.0,1.0
24,15,Poor,1,2.0,1.0
24,16,Poor,1,2.0,1.0
24,17,Poor,1,2.0,1.0
24,18,Poor,1,2.0,1.0
24,19,Poor,1,2.0,1.0
24,20,Poor,1,2.0,1.0
24,21,Poor,1,2.0,1.0
24,22,Poor,1,2.0,1.0
24,23,Poor,0,0.0,3.0
24,24,Poor,1,2.0,1.0
24,25,Poor,1,2.0,1.0
24,26,Poor,1,2.0,1.0
24,27,Poor,1,2.0,1.0
24,28,Poor,0,0.0,3.0
24,29,Poor,1,2.0,1.0
24,30,Poor,1,2.0,1.0
24,31,Poor,0,0.0,3.0
24,32,Poor,0,0.0,3.0
24,33,Poor,1,2.0,1.0
24,34,Poor,1,2.0,1.0
24,35,Poor,1,2.0,1.0
24,36,Poor,1,2.0,1.0
24,37,Poor,1,2.0,1.0
24,38,Poor,0,0.0,3.0
24,39,Poor,1,2.0,1.0
24,40,Poor,0,0.0,3.0
24,41,Poor,1,2.0,1.0
24,42,Poor,1,2.0,1.0
24,43,Poor,0,0.0,3.0
24,44,Poor,1,2.0,1.0
24,45,Poor,0,0.0,3.0
24,46,Poor,1,2.0,1.0
24,47,Poor,1,2.0,1.0
24,48,Poor,1,2.0,1.0
24,49,Poor,1,2.0,1.0
24,50,Poor,1,2.0,1.0
24,51,Poor,0,0.0,3.0
24,52,Poor,1,2.0,1.0
24,53,Poor,1,2.0,1.0
24,54,Poor,1,2.0,1.0
24,55,Poor,0,0.0,3.0
24,56,Poor,1,2.0,1.0
24,57,Poor,0,0.0,3.0
24,58,Poor,0,0.0,3.0
24,59,Poor,1,2.0,1.0
24,60,Poor,0,0.0,3.0
24,61,Poor,1,2.0,1.0
24,62,Poor,1,2.0,1.0
24,63,Poor,0,0.0,3.0
24,64,Poor,1,2.0,1.0
24,65,Poor,1,2.0,1.0
24,66,Poor,1,2.0,1.0
24,67,Poor,1,2.0,1.0
24,68,Poor,1,2.0,1.0
24,69,Poor,0,0.0,3.0
24,70,Middle,1,2.0,5.0
24,71,Middle,3,6.0,1.0
24,72,Middle,1,2.0,5.0
24,73,Middle,1,2.0,5.0
24,74,Middle,1,6.0,1.0
24,75,Middle,1,6.0,1.0
24,76,Middle,2,4.0,3.0
24,77,Middle,0,0.0,7.0
24,78,Middle,1,6.0,1.0
24,79,Middle,1,6.0,1.0
24,80,Middle,1,6.0,1.0
24,81,Middle,1,2.0,5.0
24,82,Middle,0,0.0,7.0
24,83,Middle,0,0.0,7.0
24,84,Middle,1,6.0,1.0
24,85,Middle,1,6.0,1.0
24,86,Middle,2,4.0,3.0
24,87,Middle,1,2.0,5.0
24,88,Middle,1,2.0,5.0
24,89,Middle,2,4.0,3.0
24,90,Rich,3,10.0,0.0
24,91,Rich,2,4.0,6.0
24,92,Rich,2,8.0,2.0
24,93,Rich,3,10.0,0.0
24,94,Rich,2,4.0,6.0
24,95,Rich,3,6.0,4.0
24,96,Rich,1,6.0,4.0
24,97,Rich,1,6.0,4.0
24,98,Rich,0,0.0,10.0
24,99,Rich,1,6.0,4.0
25,0,Poor,1,2.0,1.0
25,1,Poor,0,0.0,3.0
25,2,Poor,1,2.0,1.0
25,3,Poor,1,2.0,1.0
25,4,Poor,1,2.0,1.0
25,5,Poor,0,0.0,3.0
25,6,Poor,0,0.0,3.0
25,7,Poor,0,0.0,3.0
25,8,Poor,1,2.0,1.0
25,9,Poor,0,0.0,3.0
25,10,Poor,1,2.0,1.0
25,11,Poor,1,2.0,1.0
25,12,Poor,0,0.0,3.0
25,13,Poor,1,2.0,1.0
25,14,Poor,1,2.0,1.0
25,15,Poor,1,2.0,1.0
25,16,Poor,0,0.0,3.0
25,17,Poor,1,2.0,1.0
25,18,Poor,0,0.0,3.0
25,19,Poor,1,2.0,1.0
25,20,Poor,1,2.0,1.0
25,21,Poor,1,2.0,1.0
25,22,Poor,1,2.0,1.0
25,23,Poor,0,0.0,3.0
25,24,Poor,0,0.0,3.0
25,25,Poor,1,2.0,1.0
25,26,Poor,1,2.0,1.0
25,27,Poor,0,0.0,3.0
25,28,Poor,1,2.0,1.0
25,29,Poor,1,2.0,1.0
25,30,Poor,1,2.0,1.0
25,31,Poor,1,2.0,1.0
25,32,Poor,0,0.0,3.0
25,33,Poor,1,2.0,1.0
25,34,Poor,1,2.0,1.0
25,35,Poor,1,2.0,1.0
25,36,Poor,1,2.0,1.0
25,37,Poor,1,2.0,1.0
25,38,Poor,1,2.0,1.0
25,39,Poor,1,2.0,1.0
25,40,Poor,1,2.0,1.0
25,41,Poor,1,2.0,1.0
25,42,Poor,0,0.0,3.0
25,43,Poor,1,2.0,1.0
25,44,Poor,1,2.0,1.0
25,45,Poor,1,2.0,1.0
25,46,Poor,1,2.0,1.0
25,47,Poor,1,2.0,1.0
25,48,Poor,1,2.0,1.0
25,49,Poor,0,0.0,3.0
25,50,Poor,1,2.0,1.0
25,51,Poor,0,0.0,3.0
25,52,Poor,1,2.0,1.0
25,53,Poor,1,2.0,1.0
25,54,Poor,1,2.0,1.0
25,55,Poor,0,0.0,3.0
25,56,Poor,0,0.0,3.0
25,57,Poor,1,2.0,1.0
25,58,Poor,1,2.0,1.0
25,59,Poor,1,2.0,1.0
25,60,Poor,1,2.0,1.0
25,61,Poor,0,0.0,3.0
25,62,Poor,0,0.0,3.0
25,63,Poor,1,2.0,1.0
25,64,Poor,0,0.0,3.0
25,65,Poor,1,2.0,1.0
25,66,Poor,0,0.0,3.0
25,67,Poor,1,2.0,1.0
25,68,Poor,1,2.0,1.0
25,69,Poor,1,2.0,1.0
25,70,Middle,2,4.0,3.0
25,71,Middle,0,0.0,7.0
25,72,Middle,1,6.0,1.0
25,73,Middle,2,4.0,3.0
25,74,Middle,0,0.0,7.0
25,75,Middle,2,4.0,3.0
25,76,Middle,1,2.0,5.0
25,77,Middle,1,6.0,1.0
25,78,Middle,1,6.0,1.0
25,79,Middle,1,2.0,5.0
25,80,Middle,0,0.0,7.0
25,81,Middle,1,2.0,5.0
25,82,Middle,1,2.0,5.0
25,83,Middle,1,2.0,5.0
25,84,Middle,1,6.0,1.0
25,85,Middle,2,4.0,3.0
25,86,Middle,2,4.0,3.0
25,87,Middle,2,4.0,3.0
25,88,Middle,0,0.0,7.0
25,89,Middle,1,2.0,5.0
25,90,Rich,1,2.0,8.0
25,91,Rich,3,10.0,0.0
25,92,Rich,2,4.0,6.0
25,93,Rich,1,2.0,8.0
25,94,Rich,1,2.0,8.0
25,95,Rich,2,4.0,6.0
25,96,Rich,2,8.0,2.0
25,97,Rich,1,2.0,8.0
25,98,Rich,1,2.0,8.0
25,99,Rich,1,6.0,4.0
26,0,Poor,1,1.4,1.6
26,1,Poor,1,1.4,1.6
26,2,Poor,1,2.0,1.0
26,3,Poor,1,1.4,1.6
26,4,Poor,0,0.0,3.0
26,5,Poor,1,1.4,1.6
26,6,Poor,1,2.0,1.0
26,7,Poor,1,1.4,1.6
26,8,Poor,0,0.0,3.0
26,9,Poor,1,2.0,1.0
26,10,Poor,1,2.0,1.0
26,11,Poor,1,2.0,1.0
26,12,Poor,1,1.4,1.6
26,13,Poor,1,1.4,1.6
26,14,Poor,0,0.0,3.0
26,15,Poor,0,0.0,3.0
26,16,Poor,1,1.4,1.6
26,17,Poor,0,0.0,3.0
26,18,Poor,1,1.4,1.6
26,19,Poor,1,2.0,1.0
26,20,Poor,1,2.0,1.0
26,21,Poor,1,1.4,1.6
26,22,Poor,0,0.0,3.0
26,23,Poor,1,2.0,1.0
26,24,Poor,1,2.0,1.0
26,25,Poor,0,0.0,3.0
26,26,Poor,0,0.0,3.0
26,27,Poor,1,2.0,1.0
26,28,Poor,1,2.0,1.0
26,29,Poor,0,0.0,3.0
26,30,Poor,0,0.0,3.0
26,31,Poor,1,2.0,1.0
26,32,Poor,1,2.0,1.0
26,33,Poor,1,1.4,1.6
26,34,Poor,0,0.0,3.0
26,35,Poor,1,2.0,1.0
26,36,Poor,1,1.4,1.6
26,37,Poor,1,1.4,1.6
26,38,Poor,0,0.0,3.0
26,39,Poor,0,0.0,3.0
26,40,Poor,1,2.0,1.0
26,41,Poor,0,0.0,3.0
26,42,Poor,1,1.4,1.6
26,43,Poor,0,0.0,3.0
26,44,Poor,1,2.0,1.0
26,45,Poor,1,1.4,1.6
26,46,Poor,1,2.0,1.0
26,47,Poor,1,2.0,1.0
26,48,Poor,0,0.0,3.0
26,49,Poor,0,0.0,3.0
26,50,Poor,1,1.4,1.6
26,51,Poor,1,2.0,1.0
26,52,Poor,1,2.0,1.0
26,53,Poor,0,0.0,3.0
26,54,Poor,1,2.0,1.0
26,55,Poor,1,1.4,1.6
26,56,Poor,1,1.4,1.6
26,57,Poor,1,2.0,1.0
26,58,Poor,1,2.0,1.0
26,59,Poor,1,2.0,1.0
26,60,Poor,0,0.0,3.0
26,61,Poor,1,2.0,1.0
26,62,Poor,1,1.4,1.6
26,63,Poor,1,1.4,1.6
26,64,Poor,1,2.0,1.0
26,65,Poor,1,2.0,1.0
26,66,Poor,0,0.0,3.0
26,67,Poor,1,2.0,1.0
26,68,Poor,0,0.0,3.0
26,69,Poor,0,0.0,3.0
26,70,Middle,2,4.0,3.0
26,71,Middle,3,5.4,1.6
26,72,Middle,0,0.0,7.0
26,73,Middle,0,0.0,7.0
26,74,Middle,1,6.0,1.0
26,75,Middle,1,1.4,5.6
26,76,Middle,1,1.4,5.6
26,77,Middle,2,3.4,3.5999999999999996
26,78,Middle,3,5.4,1.5999999999999996
26,79,Middle,2,4.0,3.0
26,80,Middle,1,2.0,5.0
26,81,Middle,2,3.4,3.5999999999999996
26,82,Middle,3,5.4,1.6
26,83,Middle,2,4.0,3.0
26,84,Middle,2,4.0,3.0
26,85,Middle,1,1.4,5.6
26,86,Middle,0,0.0,7.0
26,87,Middle,1,6.0,1.0
26,88,Middle,1,2.0,5.0
26,89,Middle,0,0.0,7.0
26,90,Rich,2,7.4,2.6
26,91,Rich,2,7.4,2.6
26,92,Rich,3,5.4,4.6
26,93,Rich,1,2.0,8.0
26,94,Rich,2,8.0,2.0
26,95,Rich,2,8.0,2.0
26,96,Rich,1,2.0,8.0
26,97,Rich,2,3.4,6.6
26,98,Rich,2,3.4,6.6
26,99,Rich,3,9.4,0.6000000000000001
27,0,Poor,0,0.0,3.0
27,1,Poor,1,2.0,1.0
27,2,Poor,1,2.0,1.0
27,3,Poor,0,0.0,3.0
27,4,Poor,1,2.0,1.0
27,5,Poor,1,2.0,1.0
27,6,Poor,0,0.0,3.0
27,7,Poor,1,2.0,1.0
27,8,Poor,0,0.0,3.0
27,9,Poor,1,2.0,1.0
27,10,Poor,1,2.0,1.0
27,11,Poor,0,0.0,3.0
27,12,Poor,0,0.0,3.0
27,13,Poor,0,0.0,3.0
27,14,Poor,1,2.0,1.0
27,15,Poor,1,2.0,1.0
27,16,Poor,1,2.0,1.0
27,17,Poor,0,0.0,3.0
27,18,Poor,1,2.0,1.0
27,19,Poor,1,2.0,1.0
27,20,Poor,1,2.0,1.0
27,21,Poor,1,2.0,1.0
27,22,Poor,0,0.0,3.0
27,23,Poor,1,2.0,1.0
27,24,Poor,0,0.0,3.0
27,25,Poor,1,2.0,1.0
27,26,Poor,1,2.0,1.0
27,27,Poor,1,2.0,1.0
27,28,Poor,1,2.0,1.0
27,29,Poor,1,2.0,1.0
27,30,Poor,0,0.0,3.0
27,31,Poor,1,2.0,1.0
27,32,Poor,1,2.0,1.0
27,33,Poor,1,2.0,1.0
27,34,Poor,1,2.0,1.0
27,35,Poor,1,2.0,1.0
27,36,Poor,1,2.0,1.0
27,37,Poor,0,0.0,3.0
27,38,Poor,0,0.0,3.0
27,39,Poor,1,2.0,1.0
27,40,Poor,1,2.0,1.0
27,41,Poor,1,2.0,1.0
27,42,Poor,1,2.0,1.0
27,43,Poor,1,2.0,1.0
27,44,Poor,1,2.0,1.0
27,45,Poor,0,0.0,3.0
27,46,Poor,0,0.0,3.0
27,47,Poor,1,2.0,1.0
27,48,Poor,0,0.0,3.0
27,49,Poor,0,0.0,3.0
27,50,Poor,1,2.0,1.0
27,51,Poor,0,0.0,3.0
27,52,Poor,0,0.0,3.0
27,53,Poor,0,0.0,3.0
27,54,Poor,0,0.0,3.0
27,55,Poor,1,2.0,1.0
27,56,Poor,0,0.0,3.0
27,57,Poor,1,2.0,1.0
27,58,Poor,0,0.0,3.0
27,59,Poor,1,2.0,1.0
27,60,Poor,1,2.0,1.0
27,61,Poor,1,2.0,1.0
27,62,Poor,1,2.0,1.0
27,63,Poor,1,2.0,1.0
27,64,Poor,1,2.0,1.0
27,65,Poor,1,2.0,1.0
27,66,Poor,1,2.0,1.0
27,67,Poor,1,2.0,1.0
27,68,Poor,1,2.0,1.0
27,69,Poor,1,2.0,1.0
27,70,Middle,1,6.0,1.0
27,71,Middle,1,6.0,1.0
27,72,Middle,1,6.0,1.0
27,73,Middle,1,2.0,5.0
27,74,Middle,2,4.0,3.0
27,75,Middle,1,6.0,1.0
27,76,Middle,2,4.0,3.0
27,77,Middle,1,2.0,5.0
27,78,Middle,2,4.0,3.0
27,79,Middle,1,2.0,5.0
27,80,Middle,1,6.0,1.0
27,81,Middle,0,0.0,7.0
27,82,Middle,1,2.0,5.0
27,83,Middle,1,2.0,5.0
27,84,Middle,2,4.0,3.0
27,85,Middle,2,4.0,3.0
27,86,Middle,1,2.0,5.0
27,87,Middle,1,2.0,5.0
27,88,Middle,1,6.0,1.0
27,89,Middle,2,4.0,3.0
27,90,Rich,2,4.0,6.0
27,91,Rich,2,8.0,2.0
27,92,Rich,2,8.0,2.0
27,93,Rich,3,10.0,0.0
27,94,Rich,2,8.0,2.0
27,95,Rich,2,4.0,6.0
27,96,Rich,2,4.0,6.0
27,97,Rich,2,4.0,6.0
27,98,Rich,2,4.0,6.0
27,99,Rich,1,2.0,8.0
28,0,Poor,1,2.0,1.0
28,1,Poor,1,2.0,1.0
28,2,Poor,1,2.0,1.0
28,3,Poor,0,0.0,3.0
28,4,Poor,1,2.0,1.0
28,5,Poor,0,0.0,3.0
28,6,Poor,1,2.0,1.0
28,7,Poor,1,2.0,1.0
28,8,Poor,0,0.0,3.0
28,9,Poor,1,2.0,1.0
28,10,Poor,1,2.0,1.0
28,11,Poor,0,0.0,3.0
28,12,Poor,1,2.0,1.0
28,13,Poor,0,0.0,3.0
28,14,Poor,0,0.0,3.0
28,15,Poor,0,0.0,3.0
28,16,Poor,0,0.0,3.0
28,17,Poor,1,2.0,1.0
28,18,Poor,1,2.0,1.0
28,19,Poor,1,2.0,1.0
28,20,Poor,0,0.0,3.0
28,21,Poor,1,2.0,1.0
28,22,Poor,1,2.0,1.0
28,23,Poor,1,2.0,1.0
28,24,Poor,1,2.0,1.0
28,25,Poor,0,0.0,3.0
28,26,Poor,1,2.0,1.0
28,27,Poor,1,2.0,1.0
28,28,Poor,1,2.0,1.0
28,29,Poor,1,2.0,1.0
28,30,Poor,1,2.0,1.0
28,31,Poor,1,2.0,1.0
28,32,Poor,1,2.0,1.0
28,33,Poor,1,2.0,1.0
28,34,Poor,1,2.0,1.0
28,35,Poor,1,2.0,1.0
28,36,Poor,1,2.0,1.0
28,37,Poor,0,0.0,3.0
28,38,Poor,1,2.0,1.0
28,39,Poor,1,2.0,1.0
28,40,Poor,1,2.0,1.0
28,41,Poor,1,2.0,1.0
28,42,Poor,1,2.0,1.0
28,43,Poor,1,2.0,1.0
28,44,Poor,1,2.0,1.0
28,45,Poor,1,2.0,1.0
28,46,Poor,0,0.0,3.0
28,47,Poor,1,2.0,1.0
28,48,Poor,0,0.0,3.0
28,49,Poor,1,2.0,1.0
28,50,Poor,1,2.0,1.0
28,51,Poor,1,2.0,1.0
28,52,Poor,0,0.0,3.0
28,53,Poor,1,2.0,1.0
28,54,Poor,1,2.0,1.0
28,55,Poor,0,0.0,3.0
28,56,Poor,0,0.0,3.0
28,57,Poor,1,2.0,1.0
28,58,Poor,0,0.0,3.0
28,59,Poor,1,2.0,1.0
28,60,Poor,1,2.0,1.0
28,61,Poor,1,2.0,1.0
28,62,Poor,1,2.0,1.0
28,63,Poor,1,2.0,1.0
28,64,Poor,0,0.0,3.0
28,65,Poor,1,2.0,1.0
28,66,Poor,1,2.0,1.0
28,67,Poor,1,2.0,1.0
28,68,Poor,1,2.0,1.0
28,69,Poor,0,0.0,3.0
28,70,Middle,0,0.0,7.0
28,71,Middle,3,6.0,1.0
28,72,Middle,1,6.0,1.0
28,73,Middle,2,4.0,3.0
28,74,Middle,1,6.0,1.0
28,75,Middle,1,2.0,5.0
28,76,Middle,1,2.0,5.0
28,77,Middle,2,4.0,3.0
28,78,Middle,1,6.0,1.0
28,79,Middle,2,4.0,3.0
28,80,Middle,1,6.0,1.0
28,81,Middle,0,0.0,7.0
28,82,Middle,0,0.0,7.0
28,83,Middle,1,6.0,1.0
28,84,Middle,1,2.0,5.0
28,85,Middle,1,2.0,5.0
28,86,Middle,1,6.0,1.0
28,87,Middle,2,4.0,3.0
28,88,Middle,1,2.0,5.0
28,89,Middle,0,0.0,7.0
28,90,Rich,2,4.0,6.0
28,91,Rich,3,10.0,0.0
28,92,Rich,0,0.0,10.0
28,93,Rich,1,2.0,8.0
28,94,Rich,1,2.0,8.0
28,95,Rich,2,8.0,2.0
28,96,Rich,2,8.0,2.0
28,97,Rich,1,2.0,8.0
28,98,Rich,3,6.0,4.0
28,99,Rich,1,2.0,8.0
29,0,Poor,0,0.0,3.0
29,1,Poor,1,2.0,1.0
29,2,Poor,1,2.0,1.0
29,3,Poor,1,2.0,1.0
29,4,Poor,0,0.0,3.0
29,5,Poor,1,2.0,1.0
29,6,Poor,1,2.0,1.0
29,7,Poor,1,2.0,1.0
29,8,Poor,0,0.0,3.0
29,9,Poor,1,2.0,1.0
29,10,Poor,1,2.0,1.0
29,11,Poor,1,2.0,1.0
29,12,Poor,1,2.0,1.0
29,13,Poor,1,2.0,1.0
29,14,Poor,1,2.0,1.0
29,15,Poor,1,2.0,1.0
29,16,Poor,0,0.0,3.0
29,17,Poor,0,0.0,3.0
29,18,Poor,1,2.0,1.0
29,19,Poor,0,0.0,3.0
29,20,Poor,1,2.0,1.0
29,21,Poor,1,2.0,1.0
29,22,Poor,0,0.0,3.0
29,23,Poor,1,2.0,1.0
29,24,Poor,1,2.0,1.0
29,25,Poor,1,2.0,1.0
29,26,Poor,0,0.0,3.0
29,27,Poor,1,2.0,1.0
29,28,Poor,0,0.0,3.0
29,29,Poor,1,2.0,1.0
29,30,Poor,0,0.0,3.0
29,31,Poor,0,0.0,3.0
29,32,Poor,1,2.0,1.0
29,33,Poor,0,0.0,3.0
29,34,Poor,1,2.0,1.0
29,35,Poor,1,2.0,1.0
29,36,Poor,1,2.0,1.0
29,37,Poor,0,0.0,3.0
29,38,Poor,0,0.0,3.0
29,39,Poor,0,0.0,3.0
29,40,Poor,1,2.0,1.0
29,41,Poor,0,0.0,3.0
29,42,Poor,1,2.0,1.0
29,43,Poor,1,2.0,1.0
29,44,Poor,1,2.0,1.0
29,45,Poor,1,2.0,1.0
29,46,Poor,1,2.0,1.0
29,47,Poor,1,2.0,1.0
29,48,Poor,1,2.0,1.0
29,49,Poor,0,0.0,3.0
29,50,Poor,1,2.0,1.0
29,51,Poor,1,2.0,1.0
29,52,Poor,1,2.0,1.0
29,53,Poor,1,2.0,1.0
29,54,Poor,1,2.0,1.0
29,55,Poor,0,0.0,3.0
29,56,Poor,0,0.0,3.0
29,57,Poor,0,0.0,3.0
29,58,Poor,0,0.0,3.0
29,59,Poor,0,0.0,3.0
29,60,Poor,1,2.0,1.0
29,61,Poor,1,2.0,1.0
29,62,Poor,0,0.0,3.0
29,63,Poor,1,2.0,1.0
29,64,Poor,1,2.0,1.0
29,65,Poor,1,2.0,1.0
29,66,Poor,1,2.0,1.0
29,67,Poor,1,2.0,1.0
29,68,Poor,1,2.0,1.0
29,69,Poor,0,0.0,3.0
29,70,Middle,1,2.0,5.0
29,71,Middle,2,4.0,3.0
29,72,Middle,1,2.0,5.0
29,73,Middle,1,2.0,5.0
29,74,Middle,2,4.0,3.0
29,75,Middle,1,2.0,5.0
29,76,Middle,1,6.0,1.0
29,77,Middle,1,2.0,5.0
29,78,Middle,1,2.0,5.0
29,79,Middle,1,6.0,1.0
29,80,Middle,0,0.0,7.0
29,81,Middle,1,2.0,5.0
29,82,Middle,1,2.0,5.0
29,83,Middle,1,2.0,5.0
29,84,Middle,0,0.0,7.0
29,85,Middle,1,6.0,1.0
29,86,Middle,2,4.0,3.0
29,87,Middle,1,6.0,1.0
29,88,Middle,1,2.0,5.0
29,89,Middle,2,4.0,3.0
29,90,Rich,2,8.0,2.0
29,91,Rich,2,8.0,2.0
29,92,Rich,1,2.0,8.0
29,93,Rich,2,8.0,2.0
29,94,Rich,2,8.0,2.0
29,95,Rich,2,4.0,6.0
29,96,Rich,2,8.0,2.0
29,97,Rich,1,2.0,8.0
29,98,Rich,1,6.0,4.0
29,99,Rich,2,8.0,2.0
