prompt,probability,reasoning
"a high-income shopper, who rarely buys overall, is at a budget stall priced at 1.40. The shopper bought here last week and has bought nothing yet today. It is early in the season.",0.15,"Need probability. High income, rare buyer, price low, previous purchase last week, none today, early season. Likely low but some chance due to prior visit. Maybe 15%."
"a high-income shopper, who rarely buys overall, is at a budget stall priced at 1.40. The shopper bought here last week and has bought nothing yet today. It is late in the season.",0.15,"Need probability. High income, rare buyer, price low, previous purchase last week, none today, late season. Likely low chance maybe 15%."
"a high-income shopper, who rarely buys overall, is at a budget stall priced at 1.40. The shopper has never bought here and has already bought 1 item(s) today, spending about 2. It is early in the season.",0.05,Need probability low. Maybe 5%.
"a high-income shopper, who rarely buys overall, is at a budget stall priced at 1.40. The shopper has never bought here and has already bought 1 item(s) today, spending about 2. It is late in the season.",0.05,Need probability low. Maybe 5%.
"a high-income shopper, who rarely buys overall, is at a budget stall priced at 1.40. The shopper has never bought here and has already bought 1 item(s) today, spending about 2. It is mid-season.",0.05,Need probability low. Maybe 5%.
"a high-income shopper, who rarely buys overall, is at a budget stall priced at 1.40. The shopper has never bought here and has already bought 1 item(s) today, spending about 6. It is early in the season.",0.05,Need probability low. Maybe 5%.
"a high-income shopper, who rarely buys overall, is at a budget stall priced at 1.40. The shopper has never bought here and has already bought 1 item(s) today, spending about 6. It is mid-season.",0.04,Need probability low. Maybe 5%.
"a high-income shopper, who rarely buys overall, is at a budget stall priced at 1.40. The shopper has never bought here and has bought nothing yet today. It is early in the season.",0.05,Need probability low. Maybe 5%.
"a high-income shopper, who rarely buys overall, is at a budget stall priced at 1.40. The shopper has never bought here and has bought nothing yet today. It is late in the season.",0.05,Need probability low. Maybe 5%.
"a high-income shopper, who rarely buys overall, is at a budget stall priced at 1.40. The shopper has never bought here and has bought nothing yet today. It is mid-season.",0.05,Need probability low. Maybe 5%.
"a high-income shopper, who rarely buys overall, is at a budget stall priced at 2.00. The shopper bought here last week and has already bought 1 item(s) today, spending about 2. It is late in the season.",0.05,Need probability low. Maybe 5%.
"a high-income shopper, who rarely buys overall, is at a budget stall priced at 2.00. The shopper bought here last week and has already bought 1 item(s) today, spending about 2. It is mid-season.",0.12,"Need probability low because high income, rare buyer, price $2, already bought one today. Maybe 10%."
"a high-income shopper, who rarely buys overall, is at a budget stall priced at 2.00. The shopper bought here last week and has already bought 1 item(s) today, spending about 4. It is late in the season.",0.05,Need probability low. Maybe 5%.
"a high-income shopper, who rarely buys overall, is at a budget stall priced at 2.00. The shopper bought here last week and has already bought 1 item(s) today, spending about 6. It is early in the season.",0.12,"Need probability. High income, rarely buys, budget stall $2, bought last week, already bought 1 today spending ~6 (so maybe other items). Early season. Likely low chance. Maybe 15%."
"a high-income shopper, who rarely buys overall, is at a budget stall priced at 2.00. The shopper bought here last week and has already bought 1 item(s) today, spending about 6. It is mid-season.",0.12,"Need probability low because high income, rare buyer, price $2, already spent 6 today. Maybe 10%."
"a high-income shopper, who rarely buys overall, is at a budget stall priced at 2.00. The shopper bought here last week and has already bought 2 item(s) today, spending about 8. It is late in the season.",0.05,Need probability low. Maybe 5%.
"a high-income shopper, who rarely buys overall, is at a budget stall priced at 2.00. The shopper bought here last week and has bought nothing yet today. It is early in the season.",0.12,"Need probability. High income, rare buyer, budget stall $2, bought last week, none today, early season. Likely low chance maybe 10-15%. I'll output 12."
"a high-income shopper, who rarely buys overall, is at a budget stall priced at 2.00. The shopper bought here last week and has bought nothing yet today. It is late in the season.",0.12,"Need probability. High income, rare buyer, budget stall $2, bought last week, none today, late season. Likely low chance maybe 10-15%. I'll output 12."
"a high-income shopper, who rarely buys overall, is at a budget stall priced at 2.00. The shopper bought here last week and has bought nothing yet today. It is mid-season.",0.15,"Need probability. High income, rare buyer, price low, previous purchase last week, hasn't bought today, mid-season. Likely low chance maybe 15%."
"a high-income shopper, who rarely buys overall, is at a budget stall priced at 2.00. The shopper has bought here 2 weeks running and has already bought 1 item(s) today, spending about 2. It is late in the season.",0.05,"Need probability low because high income, rare buyer, price $2, already spent 2 today, late season. Maybe 5%."
"a high-income shopper, who rarely buys overall, is at a budget stall priced at 2.00. The shopper has bought here 2 weeks running and has already bought 1 item(s) today, spending about 2. It is mid-season.",0.12,"Need probability low because high income, rare buyer, price $2, already spent 2 today. Maybe 10%."
"a high-income shopper, who rarely buys overall, is at a budget stall priced at 2.00. The shopper has bought here 2 weeks running and has bought nothing yet today. It is late in the season.",0.35,"Need probability. High income, rare buyer, but regular for 2 weeks. Budget stall price low. Late season may reduce demand. Maybe moderate chance ~30%."
"a high-income shopper, who rarely buys overall, is at a budget stall priced at 2.00. The shopper has bought here 2 weeks running and has bought nothing yet today. It is mid-season.",0.3,"Need probability. High income, rarely buys, but regular buyer for 2 weeks. Budget stall price low. Mid-season maybe less demand. I'd say moderate chance ~30%."
"a high-income shopper, who rarely buys overall, is at a budget stall priced at 2.00. The shopper has bought here 3 weeks running and has already bought 1 item(s) today, spending about 2. It is late in the season.",0.05,"Need probability low because high income, rare buyer, price $2, already spent 2 today, late season. Maybe 5%."
"a high-income shopper, who rarely buys overall, is at a budget stall priced at 2.00. The shopper has bought here 3 weeks running and has bought nothing yet today. It is late in the season.",0.35,"Need probability. High income, rare buyer, but regular 3 weeks. Budget stall price low. Late season maybe less demand. I'd say moderate chance ~35%."
"a high-income shopper, who rarely buys overall, is at a budget stall priced at 2.00. The shopper has bought here 3 weeks running and has bought nothing yet today. It is mid-season.",0.3,"Need probability. High income, rarely buys, but regular buyer 3 weeks. Budget stall price low. Mid-season maybe less demand. I'd say moderate chance ~30%."
"a high-income shopper, who rarely buys overall, is at a budget stall priced at 2.00. The shopper has never bought here and has already bought 1 item(s) today, spending about 1. It is late in the season.",0.05,Need probability low. Maybe 5%.
"a high-income shopper, who rarely buys overall, is at a budget stall priced at 2.00. The shopper has never bought here and has already bought 1 item(s) today, spending about 2. It is early in the season.",0.05,Need probability low. Maybe 5%.
"a high-income shopper, who rarely buys overall, is at a budget stall priced at 2.00. The shopper has never bought here and has already bought 1 item(s) today, spending about 2. It is late in the season.",0.05,Need probability low. Maybe 5%.
"a high-income shopper, who rarely buys overall, is at a budget stall priced at 2.00. The shopper has never bought here and has already bought 1 item(s) today, spending about 2. It is mid-season.",0.05,Need probability low. Maybe 5%.
"a high-income shopper, who rarely buys overall, is at a budget stall priced at 2.00. The shopper has never bought here and has already bought 1 item(s) today, spending about 4. It is late in the season.",0.05,Need probability low. Maybe 5%.
"a high-income shopper, who rarely buys overall, is at a budget stall priced at 2.00. The shopper has never bought here and has already bought 1 item(s) today, spending about 6. It is early in the season.",0.05,Need probability low. Maybe 5%.
"a high-income shopper, who rarely buys overall, is at a budget stall priced at 2.00. The shopper has never bought here and has already bought 1 item(s) today, spending about 6. It is late in the season.",0.05,Need probability low. Maybe 5%.
"a high-income shopper, who rarely buys overall, is at a budget stall priced at 2.00. The shopper has never bought here and has already bought 1 item(s) today, spending about 6. It is mid-season.",0.05,Need probability low. Maybe 5%.
"a high-income shopper, who rarely buys overall, is at a budget stall priced at 2.00. The shopper has never bought here and has already bought 2 item(s) today, spending about 4. It is mid-season.",0.05,Need probability low. Maybe 5%.
"a high-income shopper, who rarely buys overall, is at a budget stall priced at 2.00. The shopper has never bought here and has already bought 2 item(s) today, spending about 8. It is early in the season.",0.05,Need probability low. Maybe 5%.
"a high-income shopper, who rarely buys overall, is at a budget stall priced at 2.00. The shopper has never bought here and has already bought 2 item(s) today, spending about 8. It is late in the season.",0.05,Need probability low. Maybe 5%.
"a high-income shopper, who rarely buys overall, is at a budget stall priced at 2.00. The shopper has never bought here and has bought nothing yet today. It is early in the season.",0.05,Need probability low. Maybe 5%.
"a high-income shopper, who rarely buys overall, is at a budget stall priced at 2.00. The shopper has never bought here and has bought nothing yet today. It is late in the season.",0.05,Need probability low. Maybe 5%.
"a high-income shopper, who rarely buys overall, is at a budget stall priced at 2.00. The shopper has never bought here and has bought nothing yet today. It is mid-season.",0.05,Need probability low. Maybe 5%.
"a high-income shopper, who rarely buys overall, is at a premium stall priced at 4.20. The shopper bought here last week and has bought nothing yet today. It is late in the season.",0.15,"Need probability. High income, rare buyer, premium stall, price 4.20, bought last week, none today, late season. Likely low but some chance due to previous purchase. Maybe 15%."
"a high-income shopper, who rarely buys overall, is at a premium stall priced at 4.20. The shopper bought here last week and has bought nothing yet today. It is mid-season.",0.15,"Need probability. High income, rare buyer, premium stall price 4.20, bought last week, none today, mid-season. Likely low but some chance due to previous purchase. Maybe 15%."
"a high-income shopper, who rarely buys overall, is at a premium stall priced at 4.20. The shopper has never bought here and has already bought 1 item(s) today, spending about 2. It is late in the season.",0.05,Need probability low. Maybe 5%.
"a high-income shopper, who rarely buys overall, is at a premium stall priced at 4.20. The shopper has never bought here and has already bought 1 item(s) today, spending about 6. It is early in the season.",0.05,Need probability low. Maybe 5%.
"a high-income shopper, who rarely buys overall, is at a premium stall priced at 4.20. The shopper has never bought here and has bought nothing yet today. It is early in the season.",0.05,Need probability low. Maybe 5%.
"a high-income shopper, who rarely buys overall, is at a premium stall priced at 4.20. The shopper has never bought here and has bought nothing yet today. It is late in the season.",0.05,Need probability low. Maybe 5%.
"a high-income shopper, who rarely buys overall, is at a premium stall priced at 4.20. The shopper has never bought here and has bought nothing yet today. It is mid-season.",0.05,Need probability low. Maybe 5%.
"a high-income shopper, who rarely buys overall, is at a premium stall priced at 6.00. The shopper bought here last week and has already bought 1 item(s) today, spending about 2. It is early in the season.",0.12,"Need probability low because rare buyer, price high, early season. Maybe 15%."
"a high-income shopper, who rarely buys overall, is at a premium stall priced at 6.00. The shopper bought here last week and has already bought 1 item(s) today, spending about 2. It is late in the season.",0.12,Need probability low. Maybe 15.
"a high-income shopper, who rarely buys overall, is at a premium stall priced at 6.00. The shopper bought here last week and has already bought 1 item(s) today, spending about 2. It is mid-season.",0.08,"Need probability low because high income but rarely buys, price 6, already bought 1 today, spent 2 total? maybe 2 items? unclear. Likely low chance ~10%."
"a high-income shopper, who rarely buys overall, is at a premium stall priced at 6.00. The shopper bought here last week and has already bought 1 item(s) today, spending about 6. It is mid-season.",0.12,"Need probability low because rare buyer, price high, already bought one today. Maybe 10%."
"a high-income shopper, who rarely buys overall, is at a premium stall priced at 6.00. The shopper bought here last week and has bought nothing yet today. It is early in the season.",0.15,"Need probability. High income, rare buyer, premium stall price 6, bought last week, none today, early season. Likely low chance maybe 15%."
"a high-income shopper, who rarely buys overall, is at a premium stall priced at 6.00. The shopper bought here last week and has bought nothing yet today. It is late in the season.",0.15,"Need probability. High income, rare buyer, premium stall price 6, bought last week, none today, late season. Likely low but some chance. Maybe 15%."
"a high-income shopper, who rarely buys overall, is at a premium stall priced at 6.00. The shopper bought here last week and has bought nothing yet today. It is mid-season.",0.15,"Need probability. High income, rare buyer, premium stall price 6, bought last week, none today, mid-season. Likely low chance maybe 15%."
"a high-income shopper, who rarely buys overall, is at a premium stall priced at 6.00. The shopper has bought here 2 weeks running and has already bought 1 item(s) today, spending about 2. It is mid-season.",0.35,"Need probability. High income, rare buyer, premium stall price 6, has bought 2 weeks running (so habit), already bought 1 today spending ~2 (maybe earlier). Mid-season. Likely to buy again? Maybe moderate low. I'll give 35."
"a high-income shopper, who rarely buys overall, is at a premium stall priced at 6.00. The shopper has bought here 2 weeks running and has bought nothing yet today. It is early in the season.",0.18,"Need probability. High income, rare buyer, premium stall, price 6, regular for 2 weeks, none today, early season. Likely low but some loyalty. Maybe 20%."
"a high-income shopper, who rarely buys overall, is at a premium stall priced at 6.00. The shopper has bought here 2 weeks running and has bought nothing yet today. It is late in the season.",0.15,"Need probability. High income, rare buyer, premium stall, price 6, two weeks running, none today, late season. Likely low chance maybe 15%."
"a high-income shopper, who rarely buys overall, is at a premium stall priced at 6.00. The shopper has bought here 2 weeks running and has bought nothing yet today. It is mid-season.",0.35,"Need probability. High income, rare buyer, but regular for 2 weeks. Premium stall price 6.00 moderate. Mid-season maybe less demand. I'd say 35%."
"a high-income shopper, who rarely buys overall, is at a premium stall priced at 6.00. The shopper has bought here 3 weeks running and has already bought 1 item(s) today, spending about 6. It is late in the season.",0.15,"Need probability low because rare buyer, high price, late season. Maybe 15%."
"a high-income shopper, who rarely buys overall, is at a premium stall priced at 6.00. The shopper has bought here 3 weeks running and has bought nothing yet today. It is late in the season.",0.15,"Need probability. High income, rare buyer, premium stall, price 6, 3 weeks streak, none today, late season. Likely low but some loyalty. Maybe 15%."
"a high-income shopper, who rarely buys overall, is at a premium stall priced at 6.00. The shopper has bought here 3 weeks running and has bought nothing yet today. It is mid-season.",0.35,"Need probability. High income, rare buyer, but regular 3 weeks. Premium stall price 6. Likely moderate chance maybe 30%."
"a high-income shopper, who rarely buys overall, is at a premium stall priced at 6.00. The shopper has never bought here and has already bought 1 item(s) today, spending about 1. It is late in the season.",0.04,Need probability low. Maybe 5%.
"a high-income shopper, who rarely buys overall, is at a premium stall priced at 6.00. The shopper has never bought here and has already bought 1 item(s) today, spending about 2. It is early in the season.",0.05,Need probability low. Maybe 5%.
"a high-income shopper, who rarely buys overall, is at a premium stall priced at 6.00. The shopper has never bought here and has already bought 1 item(s) today, spending about 2. It is late in the season.",0.05,Need probability low. Maybe 5%.
"a high-income shopper, who rarely buys overall, is at a premium stall priced at 6.00. The shopper has never bought here and has already bought 1 item(s) today, spending about 2. It is mid-season.",0.05,Need probability low. Maybe 5%.
"a high-income shopper, who rarely buys overall, is at a premium stall priced at 6.00. The shopper has never bought here and has already bought 1 item(s) today, spending about 6. It is early in the season.",0.05,Need probability low. Maybe 5%.
"a high-income shopper, who rarely buys overall, is at a premium stall priced at 6.00. The shopper has never bought here and has already bought 1 item(s) today, spending about 6. It is late in the season.",0.05,Need probability low. Maybe 5%.
"a high-income shopper, who rarely buys overall, is at a premium stall priced at 6.00. The shopper has never bought here and has already bought 1 item(s) today, spending about 6. It is mid-season.",0.05,Need probability low. Maybe 5%.
"a high-income shopper, who rarely buys overall, is at a premium stall priced at 6.00. The shopper has never bought here and has already bought 2 item(s) today, spending about 3. It is late in the season.",0.05,Need probability low. Maybe 5%.
"a high-income shopper, who rarely buys overall, is at a premium stall priced at 6.00. The shopper has never bought here and has already bought 2 item(s) today, spending about 4. It is late in the season.",0.05,Need probability low. Maybe 5%.
"a high-income shopper, who rarely buys overall, is at a premium stall priced at 6.00. The shopper has never bought here and has already bought 2 item(s) today, spending about 8. It is late in the season.",0.05,Need probability low. Maybe 5%.
"a high-income shopper, who rarely buys overall, is at a premium stall priced at 6.00. The shopper has never bought here and has already bought 2 item(s) today, spending about 8. It is mid-season.",0.05,Need probability low. Maybe 5%.
"a high-income shopper, who rarely buys overall, is at a premium stall priced at 6.00. The shopper has never bought here and has bought nothing yet today. It is early in the season.",0.05,Need probability low. Maybe 5%.
"a high-income shopper, who rarely buys overall, is at a premium stall priced at 6.00. The shopper has never bought here and has bought nothing yet today. It is late in the season.",0.05,Need probability low. Maybe 5%.
"a high-income shopper, who rarely buys overall, is at a premium stall priced at 6.00. The shopper has never bought here and has bought nothing yet today. It is mid-season.",0.05,Need probability low. Maybe 5%.
"a low-budget shopper, who rarely buys overall, is at a budget stall priced at 1.40. The shopper bought here last week and has already bought 1 item(s) today, spending about 2. It is early in the season.",0.12,"Need probability. Low-budget, rarely buys, but bought last week, already bought 1 today, spent ~2 (so maybe 1.4*? 2/1.4≈1.43 items). Early season. Likely low chance. Maybe 15%."
"a low-budget shopper, who rarely buys overall, is at a budget stall priced at 1.40. The shopper bought here last week and has bought nothing yet today. It is early in the season.",0.12,"Need probability. Low-budget, rare buyer, price 1.40, bought last week, none today, early season. Likely low chance maybe 10-15%. I'll output 12."
"a low-budget shopper, who rarely buys overall, is at a budget stall priced at 1.40. The shopper bought here last week and has bought nothing yet today. It is late in the season.",0.12,"Need probability. Low-budget, rare buyer, price 1.40, bought last week, none today, late season. Likely low chance maybe 10-15%. I'll output 12."
"a low-budget shopper, who rarely buys overall, is at a budget stall priced at 1.40. The shopper bought here last week and has bought nothing yet today. It is mid-season.",0.15,"Need probability. Low-budget, rarely buys, but bought last week. Price 1.40 moderate. Mid-season maybe less demand. I'd say low chance ~15%."
"a low-budget shopper, who rarely buys overall, is at a budget stall priced at 1.40. The shopper has bought here 2 weeks running and has already bought 1 item(s) today, spending about 2. It is early in the season.",0.18,"Need probability. Low-budget, rare buyer, but regular 2 weeks, already bought 1 today, spent ~2. Price 1.40. Early season. Likely low chance maybe 20%."
"a low-budget shopper, who rarely buys overall, is at a budget stall priced at 1.40. The shopper has bought here 2 weeks running and has already bought 1 item(s) today, spending about 2. It is late in the season.",0.15,"Need probability. Low-budget, rare buyer, but regular for 2 weeks, already bought 1 today, spent ~2. Price 1.40. Late season maybe less demand. I'd say low chance: maybe 15%."
"a low-budget shopper, who rarely buys overall, is at a budget stall priced at 1.40. The shopper has bought here 2 weeks running and has bought nothing yet today. It is early in the season.",0.3,"Need probability. Low-budget, rare buyer, but regular for 2 weeks. Price low. Early season maybe less demand. I'd say 30%."
"a low-budget shopper, who rarely buys overall, is at a budget stall priced at 1.40. The shopper has bought here 2 weeks running and has bought nothing yet today. It is late in the season.",0.3,"Need probability. Low-budget, rare buyer, but regular for 2 weeks. Price low. Late season maybe less demand. I'd say moderate low: maybe 30%."
"a low-budget shopper, who rarely buys overall, is at a budget stall priced at 1.40. The shopper has bought here 2 weeks running and has bought nothing yet today. It is mid-season.",0.3,"Need probability. Low-budget, rarely buys, but regular buyer 2 weeks. Price low. Mid-season maybe good. I'd say 30%."
"a low-budget shopper, who rarely buys overall, is at a budget stall priced at 1.40. The shopper has bought here 3 weeks running and has bought nothing yet today. It is early in the season.",0.18,"Need probability. Low-budget, rare buyer, but regular patron. Price 1.40, early season. Likely low chance maybe 15%."
"a low-budget shopper, who rarely buys overall, is at a budget stall priced at 1.40. The shopper has bought here 3 weeks running and has bought nothing yet today. It is late in the season.",0.25,"Need probability. Low-budget, rare buyer, but regular patron. Price 1.40, low. Late season maybe less demand. I'd say moderate low: maybe 25%."
"a low-budget shopper, who rarely buys overall, is at a budget stall priced at 1.40. The shopper has bought here 3 weeks running and has bought nothing yet today. It is mid-season.",0.18,"Need probability. Low-budget, rarely buys, but regular. Price 1.40 moderate. Mid-season maybe less demand. I'd say low chance ~20%."
"a low-budget shopper, who rarely buys overall, is at a budget stall priced at 1.40. The shopper has never bought here and has already bought 1 item(s) today, spending about 2. It is early in the season.",0.05,Need probability low. Maybe 5%.
"a low-budget shopper, who rarely buys overall, is at a budget stall priced at 1.40. The shopper has never bought here and has already bought 1 item(s) today, spending about 2. It is late in the season.",0.07,"Need probability. Low-budget, rare buyer, first time, price 1.40, already spent 2, late season. Likely low chance maybe 5-10%. I'll output 7."
"a low-budget shopper, who rarely buys overall, is at a budget stall priced at 1.40. The shopper has never bought here and has already bought 1 item(s) today, spending about 2. It is mid-season.",0.04,Need probability low. Maybe 5%.
"a low-budget shopper, who rarely buys overall, is at a budget stall priced at 1.40. The shopper has never bought here and has bought nothing yet today. It is early in the season.",0.05,Need probability low. Maybe 5%.
"a low-budget shopper, who rarely buys overall, is at a budget stall priced at 1.40. The shopper has never bought here and has bought nothing yet today. It is late in the season.",0.04,Need probability low. Maybe 5%.
"a low-budget shopper, who rarely buys overall, is at a budget stall priced at 1.40. The shopper has never bought here and has bought nothing yet today. It is mid-season.",0.05,Need probability low. Maybe 5%.
"a low-budget shopper, who rarely buys overall, is at a budget stall priced at 2.00. The shopper bought here last week and has already bought 1 item(s) today, spending about 1. It is early in the season.",0.12,"Need probability. Low-budget, rarely buys, price 2, already bought 1 today, spent ~1 (so maybe 0.5 each). Early season. Likely low chance. Maybe 15%."
"a low-budget shopper, who rarely buys overall, is at a budget stall priced at 2.00. The shopper bought here last week and has already bought 1 item(s) today, spending about 2. It is early in the season.",0.15,"Need probability. Low-budget, rarely buys, but bought last week, already bought 1 today, price 2. Early season. Likely low chance maybe 15%."
"a low-budget shopper, who rarely buys overall, is at a budget stall priced at 2.00. The shopper bought here last week and has already bought 1 item(s) today, spending about 2. It is late in the season.",0.08,"Need probability. Low-budget, rare buyer, price 2, already bought 1 today, spent ~2. Late season. Likely low chance. Maybe 10%."
"a low-budget shopper, who rarely buys overall, is at a budget stall priced at 2.00. The shopper bought here last week and has already bought 1 item(s) today, spending about 2. It is mid-season.",0.15,"Need probability. Low-budget, rarely buys, but bought last week, already bought 1 today, price 2. Mid-season. Likely low chance maybe 15%."
"a low-budget shopper, who rarely buys overall, is at a budget stall priced at 2.00. The shopper bought here last week and has bought nothing yet today. It is early in the season.",0.12,"Need probability. Low-budget, rarely buys, price 2. Early season. Bought last week so some loyalty. Probably low chance maybe 15%."
"a low-budget shopper, who rarely buys overall, is at a budget stall priced at 2.00. The shopper bought here last week and has bought nothing yet today. It is late in the season.",0.12,"Need probability. Low-budget, rare buyer, price 2, bought last week, none today, late season. Likely low chance maybe 10%."
"a low-budget shopper, who rarely buys overall, is at a budget stall priced at 2.00. The shopper bought here last week and has bought nothing yet today. It is mid-season.",0.15,"Need probability. Low-budget, rarely buys, price 2.00 moderate. Bought last week, so some loyalty. Mid-season maybe less demand. I'd say low chance ~15%."
"a low-budget shopper, who rarely buys overall, is at a budget stall priced at 2.00. The shopper has bought here 2 weeks running and has already bought 1 item(s) today, spending about 1. It is late in the season.",0.18,"Need probability. Low-budget, rare buyer, but regular for 2 weeks, already bought 1 today, price 2, late season. Likely low chance maybe 20%."
"a low-budget shopper, who rarely buys overall, is at a budget stall priced at 2.00. The shopper has bought here 2 weeks running and has already bought 1 item(s) today, spending about 2. It is late in the season.",0.15,"Need probability. Low-budget, rarely buys, but has been buying for 2 weeks, already bought 1 today, spent ~2. Price 2.00. Late season may reduce demand. Probably low chance to buy another unit now. Maybe 15%."
"a low-budget shopper, who rarely buys overall, is at a budget stall priced at 2.00. The shopper has bought here 2 weeks running and has already bought 1 item(s) today, spending about 2. It is mid-season.",0.2,"Need probability. Low-budget, rarely buys, but has been buying for 2 weeks, already bought 1 today, spent ~2. Price 2.00. Mid-season. Likely to buy again? Maybe low chance: say 20%."
"a low-budget shopper, who rarely buys overall, is at a budget stall priced at 2.00. The shopper has bought here 2 weeks running and has bought nothing yet today. It is early in the season.",0.3,"Need probability. Low-budget, rarely buys overall, but has been buying for 2 weeks. Price low. Early season maybe less demand. I'd say moderate low: maybe 30%."
"a low-budget shopper, who rarely buys overall, is at a budget stall priced at 2.00. The shopper has bought here 2 weeks running and has bought nothing yet today. It is late in the season.",0.3,"Need probability. Low-budget, rare buyer, but regular for 2 weeks. Price low. Late season maybe less demand. I'd say 30%."
"a low-budget shopper, who rarely buys overall, is at a budget stall priced at 2.00. The shopper has bought here 2 weeks running and has bought nothing yet today. It is mid-season.",0.18,"Need probability. Low-budget, rarely buys overall, but has been buying for 2 weeks running (so some habit). Price 2.00 moderate. Mid-season maybe less demand. I'd say low chance ~20%."
"a low-budget shopper, who rarely buys overall, is at a budget stall priced at 2.00. The shopper has bought here 3 weeks running and has already bought 1 item(s) today, spending about 2. It is late in the season.",0.3,"Need probability. Low-budget, rare buyer, but regular for 3 weeks, price low, already spent 2, maybe will buy one more? Late season may reduce. I'd say 30%."
"a low-budget shopper, who rarely buys overall, is at a budget stall priced at 2.00. The shopper has bought here 3 weeks running and has already bought 1 item(s) today, spending about 2. It is mid-season.",0.18,"Need probability. Low-budget, rarely buys, but has been buying for 3 weeks, already bought 1 today, price 2.00, mid-season. Likely to buy again? Maybe low chance ~20%."
"a low-budget shopper, who rarely buys overall, is at a budget stall priced at 2.00. The shopper has bought here 3 weeks running and has bought nothing yet today. It is early in the season.",0.3,"Need probability. Low-budget, rarely buys overall, but regular for 3 weeks. Price low. Early season maybe less demand. I'd say 30%."
"a low-budget shopper, who rarely buys overall, is at a budget stall priced at 2.00. The shopper has bought here 3 weeks running and has bought nothing yet today. It is late in the season.",0.3,"Need probability. Low-budget, rare buyer, but regular patron. Price 2.00, low budget. Late season maybe less demand. I'd say 30%."
"a low-budget shopper, who rarely buys overall, is at a budget stall priced at 2.00. The shopper has bought here 3 weeks running and has bought nothing yet today. It is mid-season.",0.18,"Need probability. Low-budget, rarely buys overall, but regular for 3 weeks. Price 2.00 moderate. Mid-season maybe less demand. I'd say low chance ~20%."
"a low-budget shopper, who rarely buys overall, is at a budget stall priced at 2.00. The shopper has never bought here and has already bought 1 item(s) today, spending about 1. It is early in the season.",0.05,Need probability low. Maybe 5%.
"a low-budget shopper, who rarely buys overall, is at a budget stall priced at 2.00. The shopper has never bought here and has already bought 1 item(s) today, spending about 1. It is late in the season.",0.05,Need probability low. Maybe 5%.
"a low-budget shopper, who rarely buys overall, is at a budget stall priced at 2.00. The shopper has never bought here and has already bought 1 item(s) today, spending about 1. It is mid-season.",0.12,"Need probability. Low-budget, rare buyer, first time, price 2, spent 1 so far, mid-season. Likely low chance maybe 10%."
"a low-budget shopper, who rarely buys overall, is at a budget stall priced at 2.00. The shopper has never bought here and has already bought 1 item(s) today, spending about 2. It is early in the season.",0.05,Need probability low. Maybe 5%.
"a low-budget shopper, who rarely buys overall, is at a budget stall priced at 2.00. The shopper has never bought here and has already bought 1 item(s) today, spending about 2. It is late in the season.",0.05,Need probability low. Maybe 5.
"a low-budget shopper, who rarely buys overall, is at a budget stall priced at 2.00. The shopper has never bought here and has already bought 1 item(s) today, spending about 2. It is mid-season.",0.05,Need probability low. Maybe 5.
"a low-budget shopper, who rarely buys overall, is at a budget stall priced at 2.00. The shopper has never bought here and has already bought 2 item(s) today, spending about 4. It is mid-season.",0.05,Need probability low. Maybe 5%.
"a low-budget shopper, who rarely buys overall, is at a budget stall priced at 2.00. The shopper has never bought here and has bought nothing yet today. It is early in the season.",0.05,Need probability low. Maybe 5%.
"a low-budget shopper, who rarely buys overall, is at a budget stall priced at 2.00. The shopper has never bought here and has bought nothing yet today. It is late in the season.",0.05,Need probability low. Maybe 5%.
"a low-budget shopper, who rarely buys overall, is at a budget stall priced at 2.00. The shopper has never bought here and has bought nothing yet today. It is mid-season.",0.05,Need probability low. Maybe 5%.
"a low-budget shopper, who rarely buys overall, is at a premium stall priced at 4.20. The shopper has never bought here and has already bought 1 item(s) today, spending about 2. It is early in the season.",0.05,Need probability low. Maybe 5%.
"a low-budget shopper, who rarely buys overall, is at a premium stall priced at 4.20. The shopper has never bought here and has already bought 1 item(s) today, spending about 2. It is late in the season.",0.05,Need probability low. Maybe 5%.
"a low-budget shopper, who rarely buys overall, is at a premium stall priced at 4.20. The shopper has never bought here and has already bought 1 item(s) today, spending about 2. It is mid-season.",0.05,Need probability low. Maybe 5.
"a low-budget shopper, who rarely buys overall, is at a premium stall priced at 4.20. The shopper has never bought here and has bought nothing yet today. It is early in the season.",0.05,Need probability low. Maybe 5%.
"a low-budget shopper, who rarely buys overall, is at a premium stall priced at 4.20. The shopper has never bought here and has bought nothing yet today. It is late in the season.",0.05,Need probability low. Maybe 5%.
"a low-budget shopper, who rarely buys overall, is at a premium stall priced at 4.20. The shopper has never bought here and has bought nothing yet today. It is mid-season.",0.05,Need probability low. Maybe 5%.
"a low-budget shopper, who rarely buys overall, is at a premium stall priced at 6.00. The shopper has never bought here and has already bought 1 item(s) today, spending about 1. It is early in the season.",0.05,Need probability low. Maybe 5%.
"a low-budget shopper, who rarely buys overall, is at a premium stall priced at 6.00. The shopper has never bought here and has already bought 1 item(s) today, spending about 1. It is late in the season.",0.05,Need probability low. Maybe 5%.
"a low-budget shopper, who rarely buys overall, is at a premium stall priced at 6.00. The shopper has never bought here and has already bought 1 item(s) today, spending about 1. It is mid-season.",0.04,Need probability low. Maybe 5%.
"a low-budget shopper, who rarely buys overall, is at a premium stall priced at 6.00. The shopper has never bought here and has already bought 1 item(s) today, spending about 2. It is early in the season.",0.05,Need probability low. Maybe 5%.
"a low-budget shopper, who rarely buys overall, is at a premium stall priced at 6.00. The shopper has never bought here and has already bought 1 item(s) today, spending about 2. It is late in the season.",0.05,Need probability low. Maybe 5%.
"a low-budget shopper, who rarely buys overall, is at a premium stall priced at 6.00. The shopper has never bought here and has already bought 1 item(s) today, spending about 2. It is mid-season.",0.04,Need probability low. Maybe 5%.
"a low-budget shopper, who rarely buys overall, is at a premium stall priced at 6.00. The shopper has never bought here and has already bought 2 item(s) today, spending about 3. It is late in the season.",0.05,Need probability low. Maybe 5%.
"a low-budget shopper, who rarely buys overall, is at a premium stall priced at 6.00. The shopper has never bought here and has already bought 2 item(s) today, spending about 4. It is mid-season.",0.05,Need probability low. Maybe 5%.
"a low-budget shopper, who rarely buys overall, is at a premium stall priced at 6.00. The shopper has never bought here and has bought nothing yet today. It is early in the season.",0.05,Need probability low. Maybe 5%.
"a low-budget shopper, who rarely buys overall, is at a premium stall priced at 6.00. The shopper has never bought here and has bought nothing yet today. It is late in the season.",0.05,Need probability low. Maybe 5%.
"a low-budget shopper, who rarely buys overall, is at a premium stall priced at 6.00. The shopper has never bought here and has bought nothing yet today. It is mid-season.",0.05,Need probability low. Maybe 5%.
"a middle-income shopper, who rarely buys overall, is at a budget stall priced at 1.40. The shopper bought here last week and has bought nothing yet today. It is early in the season.",0.15,"Need probability. Factors: low income, rare buyer, price 1.40 moderate, previous purchase last week, none today, early season. Likely low chance maybe 15%."
"a middle-income shopper, who rarely buys overall, is at a budget stall priced at 1.40. The shopper bought here last week and has bought nothing yet today. It is late in the season.",0.15,"Need probability. Factors: low income, rare buyer, price 1.40 moderate, previous purchase last week, none today, late season. Likely low chance maybe 15%."
"a middle-income shopper, who rarely buys overall, is at a budget stall priced at 1.40. The shopper bought here last week and has bought nothing yet today. It is mid-season.",0.18,"Need probability. Given rare buyer, but previous visit, price low, mid-season. Maybe 20%."
"a middle-income shopper, who rarely buys overall, is at a budget stall priced at 1.40. The shopper has bought here 2 weeks running and has bought nothing yet today. It is late in the season.",0.3,"Need probability. Given low purchase frequency, but regular two weeks, price low, late season maybe less demand. I'd say 30%."
"a middle-income shopper, who rarely buys overall, is at a budget stall priced at 1.40. The shopper has bought here 2 weeks running and has bought nothing yet today. It is mid-season.",0.35,"Need probability. Given low buying habit, but regular two weeks, price moderate, mid-season. Maybe 30%."
"a middle-income shopper, who rarely buys overall, is at a budget stall priced at 1.40. The shopper has bought here 3 weeks running and has bought nothing yet today. It is late in the season.",0.35,"Need probability. Given low purchase frequency, but regular patronage. Price moderate. Late season may reduce demand. Maybe 30%."
"a middle-income shopper, who rarely buys overall, is at a budget stall priced at 1.40. The shopper has bought here 3 weeks running and has bought nothing yet today. It is mid-season.",0.35,"Need probability. Given low buying habit, but regular 3 weeks, price moderate, mid-season. Maybe 30%."
"a middle-income shopper, who rarely buys overall, is at a budget stall priced at 1.40. The shopper has never bought here and has already bought 1 item(s) today, spending about 2. It is early in the season.",0.05,Need probability low. Maybe 5%.
"a middle-income shopper, who rarely buys overall, is at a budget stall priced at 1.40. The shopper has never bought here and has already bought 1 item(s) today, spending about 2. It is late in the season.",0.05,Need probability low. Maybe 5%.
"a middle-income shopper, who rarely buys overall, is at a budget stall priced at 1.40. The shopper has never bought here and has already bought 1 item(s) today, spending about 6. It is early in the season.",0.05,Need probability low. Maybe 5%.
"a middle-income shopper, who rarely buys overall, is at a budget stall priced at 1.40. The shopper has never bought here and has already bought 1 item(s) today, spending about 6. It is mid-season.",0.05,Need probability low. Maybe 5%.
"a middle-income shopper, who rarely buys overall, is at a budget stall priced at 1.40. The shopper has never bought here and has bought nothing yet today. It is early in the season.",0.05,Need probability low. Maybe 5%.
"a middle-income shopper, who rarely buys overall, is at a budget stall priced at 1.40. The shopper has never bought here and has bought nothing yet today. It is late in the season.",0.05,Need probability low. Maybe 5%.
"a middle-income shopper, who rarely buys overall, is at a budget stall priced at 1.40. The shopper has never bought here and has bought nothing yet today. It is mid-season.",0.05,Need probability low. Maybe 5%.
"a middle-income shopper, who rarely buys overall, is at a budget stall priced at 2.00. The shopper bought here last week and has already bought 1 item(s) today, spending about 2. It is early in the season.",0.15,Need probability low. Maybe 15%.
"a middle-income shopper, who rarely buys overall, is at a budget stall priced at 2.00. The shopper bought here last week and has already bought 1 item(s) today, spending about 2. It is late in the season.",0.12,Need probability low. Maybe 15.
"a middle-income shopper, who rarely buys overall, is at a budget stall priced at 2.00. The shopper bought here last week and has already bought 1 item(s) today, spending about 2. It is mid-season.",0.12,"Need probability low because rare buyer, already spent 2, price 2, mid-season. Maybe 15%."
"a middle-income shopper, who rarely buys overall, is at a budget stall priced at 2.00. The shopper bought here last week and has already bought 1 item(s) today, spending about 4. It is early in the season.",0.12,Need probability low. Maybe 15.
"a middle-income shopper, who rarely buys overall, is at a budget stall priced at 2.00. The shopper bought here last week and has already bought 1 item(s) today, spending about 6. It is early in the season.",0.12,Need probability low. Maybe 15.
"a middle-income shopper, who rarely buys overall, is at a budget stall priced at 2.00. The shopper bought here last week and has already bought 1 item(s) today, spending about 6. It is late in the season.",0.12,Need probability low. Maybe 15.
"a middle-income shopper, who rarely buys overall, is at a budget stall priced at 2.00. The shopper bought here last week and has already bought 1 item(s) today, spending about 6. It is mid-season.",0.08,"Need probability. Given low income, rare buyer, price $2, already bought 1 today, spent ~6 total. Likely not buying more. Maybe 10%."
"a middle-income shopper, who rarely buys overall, is at a budget stall priced at 2.00. The shopper bought here last week and has bought nothing yet today. It is early in the season.",0.15,"Need probability. Factors: low income, rare buyer, price $2, previous purchase last week, none today, early season. Likely low chance maybe 15%."
"a middle-income shopper, who rarely buys overall, is at a budget stall priced at 2.00. The shopper bought here last week and has bought nothing yet today. It is late in the season.",0.15,"Need probability. Factors: low income, rare buyer, price $2, previous purchase last week, none today, late season. Likely low chance maybe 15%."
"a middle-income shopper, who rarely buys overall, is at a budget stall priced at 2.00. The shopper bought here last week and has bought nothing yet today. It is mid-season.",0.15,"Need probability. Factors: middle income, rare buyer, price $2, previous purchase last week, none today, mid-season. Likely low but some chance due to prior visit. Maybe 15%."
"a middle-income shopper, who rarely buys overall, is at a budget stall priced at 2.00. The shopper has bought here 2 weeks running and has already bought 1 item(s) today, spending about 2. It is late in the season.",0.3,"Need probability low because rare buyer, but regular for 2 weeks, price cheap, already bought one today, budget stall, late season maybe less demand. I'd say 30%."
"a middle-income shopper, who rarely buys overall, is at a budget stall priced at 2.00. The shopper has bought here 2 weeks running and has already bought 1 item(s) today, spending about 6. It is late in the season.",0.35,"Need probability low because rare buyer, but regular for 2 weeks, price cheap, late season maybe less. Maybe 30%."
"a middle-income shopper, who rarely buys overall, is at a budget stall priced at 2.00. The shopper has bought here 2 weeks running and has already bought 1 item(s) today, spending about 6. It is mid-season.",0.18,"Need probability. Given low frequency buyer, but regular for 2 weeks, price cheap, mid-season. Likely small chance maybe 20%."
"a middle-income shopper, who rarely buys overall, is at a budget stall priced at 2.00. The shopper has bought here 2 weeks running and has bought nothing yet today. It is early in the season.",0.15,"Need probability low because rarely buys, but regular. price low. early season maybe less demand. I'd say 15%."
"a middle-income shopper, who rarely buys overall, is at a budget stall priced at 2.00. The shopper has bought here 2 weeks running and has bought nothing yet today. It is late in the season.",0.12,Need probability low. Maybe 15%.
"a middle-income shopper, who rarely buys overall, is at a budget stall priced at 2.00. The shopper has bought here 2 weeks running and has bought nothing yet today. It is mid-season.",0.3,"Need probability low because rarely buys, but regular patron. price 2.00 moderate. Mid-season maybe less demand. I'd say 30%."
"a middle-income shopper, who rarely buys overall, is at a budget stall priced at 2.00. The shopper has bought here 3 weeks running and has already bought 1 item(s) today, spending about 2. It is late in the season.",0.3,"Need probability low because rare buyer, but regular for 3 weeks, price cheap, already bought one today. Late season maybe less. I'd say 30%."
"a middle-income shopper, who rarely buys overall, is at a budget stall priced at 2.00. The shopper has bought here 3 weeks running and has bought nothing yet today. It is late in the season.",0.35,"Need probability. Given low purchase frequency, but regular weekly buyer. Price $2, budget stall, late season maybe less demand. I'd say moderate chance ~35%."
"a middle-income shopper, who rarely buys overall, is at a budget stall priced at 2.00. The shopper has bought here 3 weeks running and has bought nothing yet today. It is mid-season.",0.35,Need probability. Given they buy 3 weeks running but none today; price low; mid-season. Maybe moderate chance ~30%.
"a middle-income shopper, who rarely buys overall, is at a budget stall priced at 2.00. The shopper has never bought here and has already bought 1 item(s) today, spending about 1. It is early in the season.",0.05,Need probability low. Maybe 5%.
"a middle-income shopper, who rarely buys overall, is at a budget stall priced at 2.00. The shopper has never bought here and has already bought 1 item(s) today, spending about 1. It is late in the season.",0.05,Need probability low. Maybe 5%.
"a middle-income shopper, who rarely buys overall, is at a budget stall priced at 2.00. The shopper has never bought here and has already bought 1 item(s) today, spending about 1. It is mid-season.",0.12,Need probability low. Maybe 15.
"a middle-income shopper, who rarely buys overall, is at a budget stall priced at 2.00. The shopper has never bought here and has already bought 1 item(s) today, spending about 2. It is early in the season.",0.05,Need probability low. Maybe 5%.
"a middle-income shopper, who rarely buys overall, is at a budget stall priced at 2.00. The shopper has never bought here and has already bought 1 item(s) today, spending about 2. It is late in the season.",0.05,Need probability low. Maybe 5%.
"a middle-income shopper, who rarely buys overall, is at a budget stall priced at 2.00. The shopper has never bought here and has already bought 1 item(s) today, spending about 2. It is mid-season.",0.05,Need probability low. Maybe 5%.
"a middle-income shopper, who rarely buys overall, is at a budget stall priced at 2.00. The shopper has never bought here and has already bought 1 item(s) today, spending about 4. It is late in the season.",0.05,Need probability low. Maybe 5%.
"a middle-income shopper, who rarely buys overall, is at a budget stall priced at 2.00. The shopper has never bought here and has already bought 1 item(s) today, spending about 4. It is mid-season.",0.05,Need probability low. Maybe 5%.
"a middle-income shopper, who rarely buys overall, is at a budget stall priced at 2.00. The shopper has never bought here and has already bought 1 item(s) today, spending about 6. It is early in the season.",0.05,Need probability low. Maybe 5%.
"a middle-income shopper, who rarely buys overall, is at a budget stall priced at 2.00. The shopper has never bought here and has already bought 1 item(s) today, spending about 6. It is late in the season.",0.05,Need probability low. Maybe 5%.
"a middle-income shopper, who rarely buys overall, is at a budget stall priced at 2.00. The shopper has never bought here and has already bought 1 item(s) today, spending about 6. It is mid-season.",0.05,Need probability low. Maybe 5%.
"a middle-income shopper, who rarely buys overall, is at a budget stall priced at 2.00. The shopper has never bought here and has already bought 2 item(s) today, spending about 4. It is late in the season.",0.05,Need probability low. Maybe 5%.
"a middle-income shopper, who rarely buys overall, is at a budget stall priced at 2.00. The shopper has never bought here and has bought nothing yet today. It is early in the season.",0.05,Need probability low. Maybe 5%.
"a middle-income shopper, who rarely buys overall, is at a budget stall priced at 2.00. The shopper has never bought here and has bought nothing yet today. It is late in the season.",0.05,Need probability low. Maybe 5%.
"a middle-income shopper, who rarely buys overall, is at a budget stall priced at 2.00. The shopper has never bought here and has bought nothing yet today. It is mid-season.",0.05,Need probability low. Maybe 5%.
"a middle-income shopper, who rarely buys overall, is at a premium stall priced at 4.20. The shopper bought here last week and has bought nothing yet today. It is late in the season.",0.15,"Need probability. Given rare buyer, premium stall, price high, late season, but previous purchase last week. Likely low. Maybe 15%."
"a middle-income shopper, who rarely buys overall, is at a premium stall priced at 4.20. The shopper bought here last week and has bought nothing yet today. It is mid-season.",0.18,"Need probability. Given rare buyer, but previous visit, price moderate, mid-season. Maybe low like 15%."
"a middle-income shopper, who rarely buys overall, is at a premium stall priced at 4.20. The shopper has bought here 3 weeks running and has bought nothing yet today. It is late in the season.",0.18,"Need probability. Given rare buyer, but regular 3 weeks, price high, late season. Maybe low ~15%."
"a middle-income shopper, who rarely buys overall, is at a premium stall priced at 4.20. The shopper has never bought here and has already bought 1 item(s) today, spending about 6. It is early in the season.",0.05,Need probability low. Maybe 5%.
"a middle-income shopper, who rarely buys overall, is at a premium stall priced at 4.20. The shopper has never bought here and has bought nothing yet today. It is early in the season.",0.05,Need probability low. Maybe 5%.
"a middle-income shopper, who rarely buys overall, is at a premium stall priced at 4.20. The shopper has never bought here and has bought nothing yet today. It is late in the season.",0.05,Need probability low. Maybe 5%.
"a middle-income shopper, who rarely buys overall, is at a premium stall priced at 4.20. The shopper has never bought here and has bought nothing yet today. It is mid-season.",0.05,Need probability low. Maybe 5%.
"a middle-income shopper, who rarely buys overall, is at a premium stall priced at 6.00. The shopper bought here last week and has already bought 1 item(s) today, spending about 2. It is early in the season.",0.15,"Need probability. Given rare buyer, premium stall, price high, early season, already bought one today. Likely low. Maybe 15%."
"a middle-income shopper, who rarely buys overall, is at a premium stall priced at 6.00. The shopper bought here last week and has already bought 1 item(s) today, spending about 2. It is late in the season.",0.12,Need probability low. Maybe 15.
"a middle-income shopper, who rarely buys overall, is at a premium stall priced at 6.00. The shopper bought here last week and has already bought 1 item(s) today, spending about 2. It is mid-season.",0.15,"Need probability. Given rare buyer, premium stall high price, only 1 item today, spent 2 total. Likely low chance. Maybe 15%."
"a middle-income shopper, who rarely buys overall, is at a premium stall priced at 6.00. The shopper bought here last week and has bought nothing yet today. It is early in the season.",0.15,"Need probability. Factors: rare buyer, premium stall price 6, bought last week, none today, early season. Likely low but some recency. Maybe 15%."
"a middle-income shopper, who rarely buys overall, is at a premium stall priced at 6.00. The shopper bought here last week and has bought nothing yet today. It is late in the season.",0.15,"Need probability. Given rare buyer, premium price, last week purchase, none today, late season. Likely low but some recency. Maybe 15%."
"a middle-income shopper, who rarely buys overall, is at a premium stall priced at 6.00. The shopper bought here last week and has bought nothing yet today. It is mid-season.",0.15,"Need probability. Given rare buyer, premium stall, price high, mid-season, previous purchase last week. Likely low. Maybe 15%."
"a middle-income shopper, who rarely buys overall, is at a premium stall priced at 6.00. The shopper has bought here 2 weeks running and has already bought 1 item(s) today, spending about 2. It is late in the season.",0.12,Need probability low. Maybe 15.
"a middle-income shopper, who rarely buys overall, is at a premium stall priced at 6.00. The shopper has bought here 2 weeks running and has already bought 1 item(s) today, spending about 2. It is mid-season.",0.12,"Need probability low because rare buyer, price high, already bought one today. Maybe 15%."
"a middle-income shopper, who rarely buys overall, is at a premium stall priced at 6.00. The shopper has bought here 2 weeks running and has bought nothing yet today. It is early in the season.",0.12,Need probability low. Maybe 15%.
"a middle-income shopper, who rarely buys overall, is at a premium stall priced at 6.00. The shopper has bought here 2 weeks running and has bought nothing yet today. It is late in the season.",0.12,Need probability low. Maybe 15%.
"a middle-income shopper, who rarely buys overall, is at a premium stall priced at 6.00. The shopper has bought here 2 weeks running and has bought nothing yet today. It is mid-season.",0.12,Need probability low. Maybe 15%.
"a middle-income shopper, who rarely buys overall, is at a premium stall priced at 6.00. The shopper has bought here 3 weeks running and has already bought 1 item(s) today, spending about 2. It is mid-season.",0.15,"Need probability. Given rare buyer, but regular for this stall. Price high. Already spent 2 of maybe budget? Likely low chance. Maybe 15%."
"a middle-income shopper, who rarely buys overall, is at a premium stall priced at 6.00. The shopper has bought here 3 weeks running and has bought nothing yet today. It is late in the season.",0.3,"Need probability. Given rare buyer, but regular for 3 weeks. Premium price 6.00, late season maybe less demand. I'd say moderate low: maybe 30%."
"a middle-income shopper, who rarely buys overall, is at a premium stall priced at 6.00. The shopper has bought here 3 weeks running and has bought nothing yet today. It is mid-season.",0.18,"Need probability. Given rare buyer, but regular for 3 weeks. Premium price 6.00 maybe high. Mid-season maybe less demand. I'd say low ~20%."
"a middle-income shopper, who rarely buys overall, is at a premium stall priced at 6.00. The shopper has never bought here and has already bought 1 item(s) today, spending about 1. It is early in the season.",0.05,Need probability low. Maybe 5%.
"a middle-income shopper, who rarely buys overall, is at a premium stall priced at 6.00. The shopper has never bought here and has already bought 1 item(s) today, spending about 1. It is late in the season.",0.05,Need probability low. Maybe 5%.
"a middle-income shopper, who rarely buys overall, is at a premium stall priced at 6.00. The shopper has never bought here and has already bought 1 item(s) today, spending about 1. It is mid-season.",0.05,Need probability low. Maybe 5%.
"a middle-income shopper, who rarely buys overall, is at a premium stall priced at 6.00. The shopper has never bought here and has already bought 1 item(s) today, spending about 2. It is early in the season.",0.05,Need probability low. Maybe 5%.
"a middle-income shopper, who rarely buys overall, is at a premium stall priced at 6.00. The shopper has never bought here and has already bought 1 item(s) today, spending about 2. It is late in the season.",0.05,Need probability low. Maybe 5%.
"a middle-income shopper, who rarely buys overall, is at a premium stall priced at 6.00. The shopper has never bought here and has already bought 1 item(s) today, spending about 2. It is mid-season.",0.05,Need probability low. Maybe 5%.
"a middle-income shopper, who rarely buys overall, is at a premium stall priced at 6.00. The shopper has never bought here and has already bought 1 item(s) today, spending about 4. It is early in the season.",0.05,Need probability low. Maybe 5%.
"a middle-income shopper, who rarely buys overall, is at a premium stall priced at 6.00. The shopper has never bought here and has already bought 1 item(s) today, spending about 4. It is late in the season.",0.05,Need probability low. Maybe 5%.
"a middle-income shopper, who rarely buys overall, is at a premium stall priced at 6.00. The shopper has never bought here and has already bought 1 item(s) today, spending about 6. It is early in the season.",0.05,Need probability low. Maybe 5%.
"a middle-income shopper, who rarely buys overall, is at a premium stall priced at 6.00. The shopper has never bought here and has already bought 1 item(s) today, spending about 6. It is late in the season.",0.05,Need probability low. Maybe 5%.
"a middle-income shopper, who rarely buys overall, is at a premium stall priced at 6.00. The shopper has never bought here and has already bought 1 item(s) today, spending about 6. It is mid-season.",0.05,Need probability low. Maybe 5%.
"a middle-income shopper, who rarely buys overall, is at a premium stall priced at 6.00. The shopper has never bought here and has already bought 2 item(s) today, spending about 4. It is late in the season.",0.05,Need probability low. Maybe 5%.
"a middle-income shopper, who rarely buys overall, is at a premium stall priced at 6.00. The shopper has never bought here and has already bought 2 item(s) today, spending about 4. It is mid-season.",0.05,Need probability low. Maybe 5%.
"a middle-income shopper, who rarely buys overall, is at a premium stall priced at 6.00. The shopper has never bought here and has bought nothing yet today. It is early in the season.",0.05,Need probability low. Maybe 5%.
"a middle-income shopper, who rarely buys overall, is at a premium stall priced at 6.00. The shopper has never bought here and has bought nothing yet today. It is late in the season.",0.05,Need probability low. Maybe 5%.
"a middle-income shopper, who rarely buys overall, is at a premium stall priced at 6.00. The shopper has never bought here and has bought nothing yet today. It is mid-season.",0.05,Need probability low. Maybe 5%.
