transaction_id,seed,buyer_id,seller_id,visit_order,price,budget_before,budget_after,seller_inventory_after
0,0,0,2,0,3.0,5.0,2.0,14
1,0,1,3,2,3.0,5.0,2.0,14
2,0,2,0,0,3.0,5.0,2.0,14
3,0,3,2,1,3.0,5.0,2.0,13
4,0,4,3,3,3.0,5.0,2.0,13
5,0,6,0,1,3.0,5.0,2.0,13
6,0,7,0,1,3.0,5.0,2.0,12
7,0,10,1,1,3.0,5.0,2.0,14
8,0,11,1,0,3.0,5.0,2.0,13
9,0,14,1,0,3.0,5.0,2.0,12
10,0,15,3,0,3.0,5.0,2.0,12
11,0,16,0,0,3.0,5.0,2.0,11
12,0,18,2,1,3.0,5.0,2.0,12
13,0,19,1,1,3.0,5.0,2.0,11
14,0,20,2,3,3.0,5.0,2.0,11
15,0,21,2,0,3.0,5.0,2.0,10
16,0,22,3,2,3.0,5.0,2.0,11
17,0,23,2,0,3.0,5.0,2.0,9
18,0,24,2,1,3.0,5.0,2.0,8
19,0,25,3,3,3.0,5.0,2.0,10
20,0,26,1,0,3.0,5.0,2.0,10
21,0,27,2,1,3.0,5.0,2.0,7
22,0,28,3,0,3.0,5.0,2.0,9
23,0,29,2,0,3.0,5.0,2.0,6
24,0,30,3,2,3.0,5.0,2.0,8
25,0,32,2,0,3.0,5.0,2.0,5
26,0,34,2,0,3.0,5.0,2.0,4
27,0,35,0,0,3.0,5.0,2.0,10
28,0,36,3,0,3.0,5.0,2.0,7
29,0,37,2,1,3.0,5.0,2.0,3
30,0,38,1,0,3.0,5.0,2.0,9
31,0,39,0,0,3.0,5.0,2.0,9
32,0,40,3,1,3.0,5.0,2.0,6
33,0,41,2,1,3.0,5.0,2.0,2
34,0,42,0,2,3.0,5.0,2.0,8
35,0,43,3,1,3.0,5.0,2.0,5
36,0,44,3,1,3.0,5.0,2.0,4
37,0,45,1,0,3.0,5.0,2.0,8
38,0,47,0,1,3.0,5.0,2.0,7
39,0,48,2,2,3.0,5.0,2.0,1
40,0,49,2,0,3.0,5.0,2.0,0
41,0,51,1,1,3.0,5.0,2.0,7
42,0,52,1,1,3.0,5.0,2.0,6
43,0,53,3,1,3.0,5.0,2.0,3
44,0,54,0,1,3.0,5.0,2.0,6
45,0,56,1,0,3.0,5.0,2.0,5
46,0,57,3,0,3.0,5.0,2.0,2
47,0,58,0,1,3.0,5.0,2.0,5
48,0,61,0,1,3.0,5.0,2.0,4
49,0,62,0,3,3.0,5.0,2.0,3
50,0,63,0,1,3.0,5.0,2.0,2
51,0,65,1,0,3.0,5.0,2.0,4
52,0,66,1,0,3.0,5.0,2.0,3
53,0,67,0,3,3.0,5.0,2.0,1
54,0,69,3,2,3.0,5.0,2.0,1
55,0,70,1,3,3.0,5.0,2.0,2
56,0,71,1,1,3.0,5.0,2.0,1
57,0,72,0,0,3.0,5.0,2.0,0
58,0,73,3,3,3.0,5.0,2.0,0
59,0,74,1,1,3.0,5.0,2.0,0
60,1,0,0,0,3.0,5.0,2.0,14
61,1,1,0,0,3.0,5.0,2.0,13
62,1,2,2,0,3.0,5.0,2.0,14
63,1,4,1,3,3.0,5.0,2.0,14
64,1,5,3,2,3.0,5.0,2.0,14
65,1,6,0,2,3.0,5.0,2.0,12
66,1,7,1,1,3.0,5.0,2.0,13
67,1,8,0,1,3.0,5.0,2.0,11
68,1,9,2,1,3.0,5.0,2.0,13
69,1,10,3,0,3.0,5.0,2.0,13
70,1,11,3,3,3.0,5.0,2.0,12
71,1,12,2,0,3.0,5.0,2.0,12
72,1,13,3,0,3.0,5.0,2.0,11
73,1,14,3,0,3.0,5.0,2.0,10
74,1,16,0,1,3.0,5.0,2.0,10
75,1,17,0,1,3.0,5.0,2.0,9
76,1,19,3,1,3.0,5.0,2.0,9
77,1,20,0,2,3.0,5.0,2.0,8
78,1,21,0,3,3.0,5.0,2.0,7
79,1,23,2,1,3.0,5.0,2.0,11
80,1,24,2,3,3.0,5.0,2.0,10
81,1,25,0,0,3.0,5.0,2.0,6
82,1,26,3,0,3.0,5.0,2.0,8
83,1,27,0,0,3.0,5.0,2.0,5
84,1,28,3,3,3.0,5.0,2.0,7
85,1,29,2,1,3.0,5.0,2.0,9
86,1,30,1,3,3.0,5.0,2.0,12
87,1,33,3,0,3.0,5.0,2.0,6
88,1,34,1,0,3.0,5.0,2.0,11
89,1,35,3,1,3.0,5.0,2.0,5
90,1,36,1,0,3.0,5.0,2.0,10
91,1,37,2,1,3.0,5.0,2.0,8
92,1,38,3,1,3.0,5.0,2.0,4
93,1,40,3,2,3.0,5.0,2.0,3
94,1,41,0,1,3.0,5.0,2.0,4
95,1,42,1,0,3.0,5.0,2.0,9
96,1,43,0,1,3.0,5.0,2.0,3
97,1,45,2,2,3.0,5.0,2.0,7
98,1,46,0,0,3.0,5.0,2.0,2
99,1,47,3,0,3.0,5.0,2.0,2
100,1,48,0,1,3.0,5.0,2.0,1
101,1,49,3,3,3.0,5.0,2.0,1
102,1,50,2,3,3.0,5.0,2.0,6
103,1,51,1,1,3.0,5.0,2.0,8
104,1,52,1,1,3.0,5.0,2.0,7
105,1,53,0,1,3.0,5.0,2.0,0
106,1,54,2,3,3.0,5.0,2.0,5
107,1,57,3,2,3.0,5.0,2.0,0
108,1,62,2,1,3.0,5.0,2.0,4
109,1,65,1,0,3.0,5.0,2.0,6
110,1,68,1,1,3.0,5.0,2.0,5
111,1,70,1,1,3.0,5.0,2.0,4
112,1,72,2,2,3.0,5.0,2.0,3
113,1,73,1,2,3.0,5.0,2.0,3
114,1,75,1,3,3.0,5.0,2.0,2
115,1,77,2,0,3.0,5.0,2.0,2
116,1,78,2,0,3.0,5.0,2.0,1
117,2,1,1,1,3.0,5.0,2.0,14
118,2,2,3,2,3.0,5.0,2.0,14
119,2,3,1,2,3.0,5.0,2.0,13
120,2,4,3,0,3.0,5.0,2.0,13
121,2,5,2,1,3.0,5.0,2.0,14
122,2,6,3,0,3.0,5.0,2.0,12
123,2,9,0,0,3.0,5.0,2.0,14
124,2,10,0,3,3.0,5.0,2.0,13
125,2,11,0,0,3.0,5.0,2.0,12
126,2,12,2,1,3.0,5.0,2.0,13
127,2,13,1,0,3.0,5.0,2.0,12
128,2,14,1,1,3.0,5.0,2.0,11
129,2,15,3,1,3.0,5.0,2.0,11
130,2,16,3,2,3.0,5.0,2.0,10
131,2,17,3,2,3.0,5.0,2.0,9
132,2,18,1,2,3.0,5.0,2.0,10
133,2,19,1,0,3.0,5.0,2.0,9
134,2,20,3,3,3.0,5.0,2.0,8
135,2,23,0,1,3.0,5.0,2.0,11
136,2,24,3,0,3.0,5.0,2.0,7
137,2,25,2,0,3.0,5.0,2.0,12
138,2,26,2,1,3.0,5.0,2.0,11
139,2,27,1,0,3.0,5.0,2.0,8
140,2,28,1,3,3.0,5.0,2.0,7
141,2,29,0,0,3.0,5.0,2.0,10
142,2,31,3,1,3.0,5.0,2.0,6
143,2,32,3,1,3.0,5.0,2.0,5
144,2,33,2,3,3.0,5.0,2.0,10
145,2,34,0,0,3.0,5.0,2.0,9
146,2,36,2,1,3.0,5.0,2.0,9
147,2,37,1,1,3.0,5.0,2.0,6
148,2,38,1,2,3.0,5.0,2.0,5
149,2,40,2,1,3.0,5.0,2.0,8
150,2,41,2,0,3.0,5.0,2.0,7
151,2,44,1,2,3.0,5.0,2.0,4
152,2,47,3,1,3.0,5.0,2.0,4
153,2,48,0,1,3.0,5.0,2.0,8
154,2,49,3,1,3.0,5.0,2.0,3
155,2,50,2,3,3.0,5.0,2.0,6
156,2,51,3,2,3.0,5.0,2.0,2
157,2,52,3,1,3.0,5.0,2.0,1
158,2,53,0,2,3.0,5.0,2.0,7
159,2,54,3,0,3.0,5.0,2.0,0
160,2,55,2,0,3.0,5.0,2.0,5
161,2,56,1,0,3.0,5.0,2.0,3
162,2,57,0,2,3.0,5.0,2.0,6
163,2,58,0,2,3.0,5.0,2.0,5
164,2,60,1,0,3.0,5.0,2.0,2
165,2,61,2,0,3.0,5.0,2.0,4
166,2,62,2,3,3.0,5.0,2.0,3
167,2,63,1,3,3.0,5.0,2.0,1
168,2,65,2,0,3.0,5.0,2.0,2
169,2,66,2,2,3.0,5.0,2.0,1
170,2,68,1,0,3.0,5.0,2.0,0
171,2,71,0,2,3.0,5.0,2.0,4
172,2,72,0,3,3.0,5.0,2.0,3
173,2,73,0,1,3.0,5.0,2.0,2
174,2,74,2,0,3.0,5.0,2.0,0
175,2,75,0,0,3.0,5.0,2.0,1
176,2,76,0,2,3.0,5.0,2.0,0
177,3,0,1,2,3.0,5.0,2.0,14
178,3,1,2,2,3.0,5.0,2.0,14
179,3,2,1,0,3.0,5.0,2.0,13
180,3,3,2,1,3.0,5.0,2.0,13
181,3,4,1,0,3.0,5.0,2.0,12
182,3,5,2,2,3.0,5.0,2.0,12
183,3,6,2,2,3.0,5.0,2.0,11
184,3,7,0,2,3.0,5.0,2.0,14
185,3,9,3,0,3.0,5.0,2.0,14
186,3,10,2,0,3.0,5.0,2.0,10
187,3,11,0,0,3.0,5.0,2.0,13
188,3,12,0,0,3.0,5.0,2.0,12
189,3,13,1,0,3.0,5.0,2.0,11
190,3,14,0,2,3.0,5.0,2.0,11
191,3,15,0,1,3.0,5.0,2.0,10
192,3,16,0,2,3.0,5.0,2.0,9
193,3,17,2,1,3.0,5.0,2.0,9
194,3,18,3,1,3.0,5.0,2.0,13
195,3,19,2,1,3.0,5.0,2.0,8
196,3,20,3,1,3.0,5.0,2.0,12
197,3,21,2,2,3.0,5.0,2.0,7
198,3,23,3,0,3.0,5.0,2.0,11
199,3,27,2,0,3.0,5.0,2.0,6
200,3,28,3,0,3.0,5.0,2.0,10
201,3,30,1,2,3.0,5.0,2.0,10
202,3,31,3,1,3.0,5.0,2.0,9
203,3,33,0,0,3.0,5.0,2.0,8
204,3,34,1,1,3.0,5.0,2.0,9
205,3,35,1,0,3.0,5.0,2.0,8
206,3,36,1,0,3.0,5.0,2.0,7
207,3,38,3,0,3.0,5.0,2.0,8
208,3,39,3,0,3.0,5.0,2.0,7
209,3,40,3,1,3.0,5.0,2.0,6
210,3,41,0,0,3.0,5.0,2.0,7
211,3,42,2,0,3.0,5.0,2.0,5
212,3,44,0,1,3.0,5.0,2.0,6
213,3,45,3,1,3.0,5.0,2.0,5
214,3,46,0,3,3.0,5.0,2.0,5
215,3,47,3,0,3.0,5.0,2.0,4
216,3,48,3,2,3.0,5.0,2.0,3
217,3,49,1,1,3.0,5.0,2.0,6
218,3,50,1,1,3.0,5.0,2.0,5
219,3,51,0,0,3.0,5.0,2.0,4
220,3,52,3,0,3.0,5.0,2.0,2
221,3,53,3,1,3.0,5.0,2.0,1
222,3,55,1,2,3.0,5.0,2.0,4
223,3,56,3,2,3.0,5.0,2.0,0
224,3,60,2,2,3.0,5.0,2.0,4
225,3,61,2,1,3.0,5.0,2.0,3
226,3,64,1,1,3.0,5.0,2.0,3
227,3,65,0,3,3.0,5.0,2.0,3
228,3,66,0,0,3.0,5.0,2.0,2
229,3,67,1,0,3.0,5.0,2.0,2
230,3,68,0,1,3.0,5.0,2.0,1
231,3,70,1,3,3.0,5.0,2.0,1
232,3,71,2,0,3.0,5.0,2.0,2
233,3,72,2,0,3.0,5.0,2.0,1
234,3,73,2,0,3.0,5.0,2.0,0
235,3,74,0,1,3.0,5.0,2.0,0
236,3,76,1,0,3.0,5.0,2.0,0
237,4,1,0,1,3.0,5.0,2.0,14
238,4,2,3,2,3.0,5.0,2.0,14
239,4,3,1,0,3.0,5.0,2.0,14
240,4,5,1,0,3.0,5.0,2.0,13
241,4,7,2,3,3.0,5.0,2.0,14
242,4,8,1,0,3.0,5.0,2.0,12
243,4,9,2,2,3.0,5.0,2.0,13
244,4,10,3,0,3.0,5.0,2.0,13
245,4,11,2,1,3.0,5.0,2.0,12
246,4,12,2,0,3.0,5.0,2.0,11
247,4,13,0,1,3.0,5.0,2.0,13
248,4,14,1,0,3.0,5.0,2.0,11
249,4,15,0,1,3.0,5.0,2.0,12
250,4,16,3,1,3.0,5.0,2.0,12
251,4,17,2,2,3.0,5.0,2.0,10
252,4,18,2,0,3.0,5.0,2.0,9
253,4,19,1,0,3.0,5.0,2.0,10
254,4,20,1,0,3.0,5.0,2.0,9
255,4,22,0,0,3.0,5.0,2.0,11
256,4,23,2,0,3.0,5.0,2.0,8
257,4,25,2,1,3.0,5.0,2.0,7
258,4,26,3,1,3.0,5.0,2.0,11
259,4,28,1,0,3.0,5.0,2.0,8
260,4,29,2,0,3.0,5.0,2.0,6
261,4,30,0,0,3.0,5.0,2.0,10
262,4,31,1,1,3.0,5.0,2.0,7
263,4,32,2,1,3.0,5.0,2.0,5
264,4,33,1,1,3.0,5.0,2.0,6
265,4,34,3,1,3.0,5.0,2.0,10
266,4,35,1,0,3.0,5.0,2.0,5
267,4,36,1,3,3.0,5.0,2.0,4
268,4,37,2,0,3.0,5.0,2.0,4
269,4,38,3,2,3.0,5.0,2.0,9
270,4,39,0,1,3.0,5.0,2.0,9
271,4,40,1,2,3.0,5.0,2.0,3
272,4,41,3,2,3.0,5.0,2.0,8
273,4,43,1,3,3.0,5.0,2.0,2
274,4,44,3,1,3.0,5.0,2.0,7
275,4,45,2,1,3.0,5.0,2.0,3
276,4,46,1,3,3.0,5.0,2.0,1
277,4,47,1,0,3.0,5.0,2.0,0
278,4,49,3,3,3.0,5.0,2.0,6
279,4,50,2,0,3.0,5.0,2.0,2
280,4,51,2,2,3.0,5.0,2.0,1
281,4,52,0,3,3.0,5.0,2.0,8
282,4,53,0,0,3.0,5.0,2.0,7
283,4,54,3,3,3.0,5.0,2.0,5
284,4,55,2,2,3.0,5.0,2.0,0
285,4,56,0,2,3.0,5.0,2.0,6
286,4,58,3,0,3.0,5.0,2.0,4
287,4,59,0,2,3.0,5.0,2.0,5
288,4,60,3,3,3.0,5.0,2.0,3
289,4,61,3,2,3.0,5.0,2.0,2
290,4,62,0,2,3.0,5.0,2.0,4
291,4,63,3,1,3.0,5.0,2.0,1
292,4,64,3,1,3.0,5.0,2.0,0
293,4,67,0,2,3.0,5.0,2.0,3
294,4,72,0,1,3.0,5.0,2.0,2
295,4,73,0,0,3.0,5.0,2.0,1
296,4,75,0,1,3.0,5.0,2.0,0
297,5,0,0,1,3.0,5.0,2.0,14
298,5,1,2,0,3.0,5.0,2.0,14
299,5,2,1,1,3.0,5.0,2.0,14
300,5,3,2,0,3.0,5.0,2.0,13
301,5,4,1,0,3.0,5.0,2.0,13
302,5,5,2,1,3.0,5.0,2.0,12
303,5,6,1,1,3.0,5.0,2.0,12
304,5,7,3,3,3.0,5.0,2.0,14
305,5,8,1,0,3.0,5.0,2.0,11
306,5,9,0,2,3.0,5.0,2.0,13
307,5,10,0,2,3.0,5.0,2.0,12
308,5,11,1,2,3.0,5.0,2.0,10
309,5,12,3,2,3.0,5.0,2.0,13
310,5,13,3,0,3.0,5.0,2.0,12
311,5,14,1,1,3.0,5.0,2.0,9
312,5,16,2,1,3.0,5.0,2.0,11
313,5,17,0,0,3.0,5.0,2.0,11
314,5,19,0,0,3.0,5.0,2.0,10
315,5,20,0,0,3.0,5.0,2.0,9
316,5,21,0,0,3.0,5.0,2.0,8
317,5,22,2,2,3.0,5.0,2.0,10
318,5,23,0,3,3.0,5.0,2.0,7
319,5,24,1,0,3.0,5.0,2.0,8
320,5,25,1,1,3.0,5.0,2.0,7
321,5,26,2,0,3.0,5.0,2.0,9
322,5,27,1,0,3.0,5.0,2.0,6
323,5,28,2,0,3.0,5.0,2.0,8
324,5,29,2,1,3.0,5.0,2.0,7
325,5,30,3,0,3.0,5.0,2.0,11
326,5,31,0,0,3.0,5.0,2.0,6
327,5,32,0,1,3.0,5.0,2.0,5
328,5,33,1,3,3.0,5.0,2.0,5
329,5,34,1,2,3.0,5.0,2.0,4
330,5,36,1,2,3.0,5.0,2.0,3
331,5,37,0,2,3.0,5.0,2.0,4
332,5,38,3,1,3.0,5.0,2.0,10
333,5,39,1,1,3.0,5.0,2.0,2
334,5,42,2,0,3.0,5.0,2.0,6
335,5,43,1,1,3.0,5.0,2.0,1
336,5,44,2,3,3.0,5.0,2.0,5
337,5,46,2,1,3.0,5.0,2.0,4
338,5,47,0,0,3.0,5.0,2.0,3
339,5,48,2,0,3.0,5.0,2.0,3
340,5,50,1,2,3.0,5.0,2.0,0
341,5,51,2,0,3.0,5.0,2.0,2
342,5,52,0,2,3.0,5.0,2.0,2
343,5,53,3,3,3.0,5.0,2.0,9
344,5,55,2,1,3.0,5.0,2.0,1
345,5,56,3,0,3.0,5.0,2.0,8
346,5,60,0,3,3.0,5.0,2.0,1
347,5,61,3,1,3.0,5.0,2.0,7
348,5,62,2,0,3.0,5.0,2.0,0
349,5,63,3,2,3.0,5.0,2.0,6
350,5,65,0,2,3.0,5.0,2.0,0
351,5,71,3,2,3.0,5.0,2.0,5
352,5,74,3,1,3.0,5.0,2.0,4
353,5,76,3,3,3.0,5.0,2.0,3
354,5,77,3,2,3.0,5.0,2.0,2
355,6,1,0,3,3.0,5.0,2.0,14
356,6,3,1,1,3.0,5.0,2.0,14
357,6,4,1,1,3.0,5.0,2.0,13
358,6,6,1,0,3.0,5.0,2.0,12
359,6,8,1,2,3.0,5.0,2.0,11
360,6,9,1,1,3.0,5.0,2.0,10
361,6,10,1,0,3.0,5.0,2.0,9
362,6,11,3,1,3.0,5.0,2.0,14
363,6,13,0,2,3.0,5.0,2.0,13
364,6,15,0,1,3.0,5.0,2.0,12
365,6,16,1,1,3.0,5.0,2.0,8
366,6,17,0,1,3.0,5.0,2.0,11
367,6,18,1,0,3.0,5.0,2.0,7
368,6,20,3,0,3.0,5.0,2.0,13
369,6,21,2,1,3.0,5.0,2.0,14
370,6,22,3,3,3.0,5.0,2.0,12
371,6,23,2,0,3.0,5.0,2.0,13
372,6,25,1,0,3.0,5.0,2.0,6
373,6,26,1,1,3.0,5.0,2.0,5
374,6,27,3,2,3.0,5.0,2.0,11
375,6,28,2,1,3.0,5.0,2.0,12
376,6,29,2,0,3.0,5.0,2.0,11
377,6,30,1,0,3.0,5.0,2.0,4
378,6,31,1,1,3.0,5.0,2.0,3
379,6,33,3,2,3.0,5.0,2.0,10
380,6,34,2,0,3.0,5.0,2.0,10
381,6,35,2,0,3.0,5.0,2.0,9
382,6,36,1,1,3.0,5.0,2.0,2
383,6,37,3,0,3.0,5.0,2.0,9
384,6,38,3,2,3.0,5.0,2.0,8
385,6,39,1,0,3.0,5.0,2.0,1
386,6,40,2,0,3.0,5.0,2.0,8
387,6,41,2,0,3.0,5.0,2.0,7
388,6,43,0,3,3.0,5.0,2.0,10
389,6,44,1,2,3.0,5.0,2.0,0
390,6,46,0,0,3.0,5.0,2.0,9
391,6,48,0,1,3.0,5.0,2.0,8
392,6,49,2,1,3.0,5.0,2.0,6
393,6,51,3,2,3.0,5.0,2.0,7
394,6,53,2,2,3.0,5.0,2.0,5
395,6,54,0,3,3.0,5.0,2.0,7
396,6,55,0,0,3.0,5.0,2.0,6
397,6,57,0,1,3.0,5.0,2.0,5
398,6,58,2,0,3.0,5.0,2.0,4
399,6,59,3,0,3.0,5.0,2.0,6
400,6,61,2,1,3.0,5.0,2.0,3
401,6,62,2,3,3.0,5.0,2.0,2
402,6,63,0,0,3.0,5.0,2.0,4
403,6,64,0,2,3.0,5.0,2.0,3
404,6,66,2,0,3.0,5.0,2.0,1
405,6,67,0,2,3.0,5.0,2.0,2
406,6,68,3,0,3.0,5.0,2.0,5
407,6,71,2,1,3.0,5.0,2.0,0
408,6,74,0,3,3.0,5.0,2.0,1
409,6,76,0,0,3.0,5.0,2.0,0
410,6,77,3,2,3.0,5.0,2.0,4
411,6,79,3,0,3.0,5.0,2.0,3
412,7,2,0,2,3.0,5.0,2.0,14
413,7,4,1,0,3.0,5.0,2.0,14
414,7,6,3,2,3.0,5.0,2.0,14
415,7,7,2,0,3.0,5.0,2.0,14
416,7,10,0,1,3.0,5.0,2.0,13
417,7,11,0,1,3.0,5.0,2.0,12
418,7,12,1,1,3.0,5.0,2.0,13
419,7,14,1,1,3.0,5.0,2.0,12
420,7,15,1,2,3.0,5.0,2.0,11
421,7,16,1,0,3.0,5.0,2.0,10
422,7,17,3,1,3.0,5.0,2.0,13
423,7,18,0,0,3.0,5.0,2.0,11
424,7,19,1,2,3.0,5.0,2.0,9
425,7,20,1,1,3.0,5.0,2.0,8
426,7,21,2,0,3.0,5.0,2.0,13
427,7,23,3,0,3.0,5.0,2.0,12
428,7,24,2,0,3.0,5.0,2.0,12
429,7,25,3,0,3.0,5.0,2.0,11
430,7,26,0,0,3.0,5.0,2.0,10
431,7,27,2,1,3.0,5.0,2.0,11
432,7,28,0,1,3.0,5.0,2.0,9
433,7,30,0,0,3.0,5.0,2.0,8
434,7,31,0,0,3.0,5.0,2.0,7
435,7,32,0,2,3.0,5.0,2.0,6
436,7,33,1,0,3.0,5.0,2.0,7
437,7,35,3,0,3.0,5.0,2.0,10
438,7,36,1,2,3.0,5.0,2.0,6
439,7,37,3,3,3.0,5.0,2.0,9
440,7,38,2,0,3.0,5.0,2.0,10
441,7,40,2,0,3.0,5.0,2.0,9
442,7,41,1,1,3.0,5.0,2.0,5
443,7,42,1,1,3.0,5.0,2.0,4
444,7,43,0,0,3.0,5.0,2.0,5
445,7,44,0,0,3.0,5.0,2.0,4
446,7,45,1,0,3.0,5.0,2.0,3
447,7,49,1,1,3.0,5.0,2.0,2
448,7,50,2,0,3.0,5.0,2.0,8
449,7,51,3,2,3.0,5.0,2.0,8
450,7,52,2,0,3.0,5.0,2.0,7
451,7,53,0,1,3.0,5.0,2.0,3
452,7,54,1,2,3.0,5.0,2.0,1
453,7,55,0,2,3.0,5.0,2.0,2
454,7,56,1,3,3.0,5.0,2.0,0
455,7,57,3,2,3.0,5.0,2.0,7
456,7,59,3,3,3.0,5.0,2.0,6
457,7,60,2,0,3.0,5.0,2.0,6
458,7,62,0,3,3.0,5.0,2.0,1
459,7,63,2,2,3.0,5.0,2.0,5
460,7,65,0,0,3.0,5.0,2.0,0
461,7,68,2,1,3.0,5.0,2.0,4
462,7,69,3,0,3.0,5.0,2.0,5
463,7,70,2,2,3.0,5.0,2.0,3
464,7,73,2,1,3.0,5.0,2.0,2
465,7,74,2,1,3.0,5.0,2.0,1
466,7,75,3,1,3.0,5.0,2.0,4
467,7,76,3,0,3.0,5.0,2.0,3
468,7,77,3,3,3.0,5.0,2.0,2
469,7,78,3,1,3.0,5.0,2.0,1
470,8,1,0,1,3.0,5.0,2.0,14
471,8,4,3,0,3.0,5.0,2.0,14
472,8,5,0,0,3.0,5.0,2.0,13
473,8,6,1,2,3.0,5.0,2.0,14
474,8,7,3,3,3.0,5.0,2.0,13
475,8,9,1,0,3.0,5.0,2.0,13
476,8,11,3,2,3.0,5.0,2.0,12
477,8,12,0,2,3.0,5.0,2.0,12
478,8,13,1,2,3.0,5.0,2.0,12
479,8,15,2,0,3.0,5.0,2.0,14
480,8,17,2,0,3.0,5.0,2.0,13
481,8,18,0,0,3.0,5.0,2.0,11
482,8,19,3,0,3.0,5.0,2.0,11
483,8,20,0,2,3.0,5.0,2.0,10
484,8,21,1,0,3.0,5.0,2.0,11
485,8,22,0,3,3.0,5.0,2.0,9
486,8,23,2,0,3.0,5.0,2.0,12
487,8,24,2,1,3.0,5.0,2.0,11
488,8,25,3,2,3.0,5.0,2.0,10
489,8,26,2,1,3.0,5.0,2.0,10
490,8,28,2,1,3.0,5.0,2.0,9
491,8,29,2,2,3.0,5.0,2.0,8
492,8,30,3,1,3.0,5.0,2.0,9
493,8,31,0,3,3.0,5.0,2.0,8
494,8,32,0,1,3.0,5.0,2.0,7
495,8,33,2,2,3.0,5.0,2.0,7
496,8,34,3,3,3.0,5.0,2.0,8
497,8,36,3,2,3.0,5.0,2.0,7
498,8,37,3,2,3.0,5.0,2.0,6
499,8,38,1,2,3.0,5.0,2.0,10
500,8,39,1,3,3.0,5.0,2.0,9
501,8,40,0,0,3.0,5.0,2.0,6
502,8,41,1,1,3.0,5.0,2.0,8
503,8,42,3,0,3.0,5.0,2.0,5
504,8,43,1,0,3.0,5.0,2.0,7
505,8,44,2,0,3.0,5.0,2.0,6
506,8,45,0,3,3.0,5.0,2.0,5
507,8,46,1,1,3.0,5.0,2.0,6
508,8,48,0,0,3.0,5.0,2.0,4
509,8,50,3,0,3.0,5.0,2.0,4
510,8,51,3,3,3.0,5.0,2.0,3
511,8,52,2,0,3.0,5.0,2.0,5
512,8,53,2,2,3.0,5.0,2.0,4
513,8,54,1,2,3.0,5.0,2.0,5
514,8,55,0,1,3.0,5.0,2.0,3
515,8,56,2,0,3.0,5.0,2.0,3
516,8,57,0,0,3.0,5.0,2.0,2
517,8,58,1,2,3.0,5.0,2.0,4
518,8,59,3,1,3.0,5.0,2.0,2
519,8,60,2,0,3.0,5.0,2.0,2
520,8,62,2,1,3.0,5.0,2.0,1
521,8,63,2,0,3.0,5.0,2.0,0
522,8,67,0,0,3.0,5.0,2.0,1
523,8,68,1,1,3.0,5.0,2.0,3
524,8,70,3,2,3.0,5.0,2.0,1
525,8,71,1,2,3.0,5.0,2.0,2
526,8,75,3,0,3.0,5.0,2.0,0
527,8,77,0,0,3.0,5.0,2.0,0
528,8,78,1,0,3.0,5.0,2.0,1
529,9,1,0,0,3.0,5.0,2.0,14
530,9,3,3,1,3.0,5.0,2.0,14
531,9,4,3,1,3.0,5.0,2.0,13
532,9,5,2,1,3.0,5.0,2.0,14
533,9,6,1,3,3.0,5.0,2.0,14
534,9,7,2,1,3.0,5.0,2.0,13
535,9,9,1,0,3.0,5.0,2.0,13
536,9,10,0,1,3.0,5.0,2.0,13
537,9,11,1,2,3.0,5.0,2.0,12
538,9,12,1,3,3.0,5.0,2.0,11
539,9,13,2,1,3.0,5.0,2.0,12
540,9,14,0,2,3.0,5.0,2.0,12
541,9,15,0,0,3.0,5.0,2.0,11
542,9,17,3,0,3.0,5.0,2.0,12
543,9,18,1,0,3.0,5.0,2.0,10
544,9,19,3,0,3.0,5.0,2.0,11
545,9,21,2,2,3.0,5.0,2.0,11
546,9,22,3,2,3.0,5.0,2.0,10
547,9,23,3,2,3.0,5.0,2.0,9
548,9,25,0,1,3.0,5.0,2.0,10
549,9,26,2,3,3.0,5.0,2.0,10
550,9,27,3,0,3.0,5.0,2.0,8
551,9,30,2,0,3.0,5.0,2.0,9
552,9,31,0,1,3.0,5.0,2.0,9
553,9,32,2,0,3.0,5.0,2.0,8
554,9,34,0,0,3.0,5.0,2.0,8
555,9,35,1,0,3.0,5.0,2.0,9
556,9,36,1,1,3.0,5.0,2.0,8
557,9,37,0,2,3.0,5.0,2.0,7
558,9,38,2,0,3.0,5.0,2.0,7
559,9,39,0,3,3.0,5.0,2.0,6
560,9,40,2,0,3.0,5.0,2.0,6
561,9,41,1,0,3.0,5.0,2.0,7
562,9,42,1,1,3.0,5.0,2.0,6
563,9,43,1,1,3.0,5.0,2.0,5
564,9,44,1,0,3.0,5.0,2.0,4
565,9,45,1,0,3.0,5.0,2.0,3
566,9,46,2,1,3.0,5.0,2.0,5
567,9,47,2,0,3.0,5.0,2.0,4
568,9,48,3,0,3.0,5.0,2.0,7
569,9,49,1,1,3.0,5.0,2.0,2
570,9,50,0,2,3.0,5.0,2.0,5
571,9,51,0,0,3.0,5.0,2.0,4
572,9,52,2,1,3.0,5.0,2.0,3
573,9,53,3,2,3.0,5.0,2.0,6
574,9,54,3,0,3.0,5.0,2.0,5
575,9,55,0,0,3.0,5.0,2.0,3
576,9,56,1,1,3.0,5.0,2.0,1
577,9,57,3,3,3.0,5.0,2.0,4
578,9,58,0,0,3.0,5.0,2.0,2
579,9,59,3,0,3.0,5.0,2.0,3
580,9,60,0,1,3.0,5.0,2.0,1
581,9,61,2,1,3.0,5.0,2.0,2
582,9,62,1,2,3.0,5.0,2.0,0
583,9,67,2,0,3.0,5.0,2.0,1
584,9,68,3,0,3.0,5.0,2.0,2
585,9,71,2,1,3.0,5.0,2.0,0
586,9,72,3,0,3.0,5.0,2.0,1
587,9,73,0,3,3.0,5.0,2.0,0
588,9,76,3,3,3.0,5.0,2.0,0
589,10,0,1,0,3.0,5.0,2.0,14
590,10,1,3,1,3.0,5.0,2.0,14
591,10,2,1,3,3.0,5.0,2.0,13
592,10,3,3,2,3.0,5.0,2.0,13
593,10,4,1,1,3.0,5.0,2.0,12
594,10,5,3,2,3.0,5.0,2.0,12
595,10,6,0,2,3.0,5.0,2.0,14
596,10,8,0,1,3.0,5.0,2.0,13
597,10,9,3,2,3.0,5.0,2.0,11
598,10,10,0,1,3.0,5.0,2.0,12
599,10,11,2,0,3.0,5.0,2.0,14
600,10,12,3,2,3.0,5.0,2.0,10
601,10,13,0,1,3.0,5.0,2.0,11
602,10,14,1,0,3.0,5.0,2.0,11
603,10,15,1,0,3.0,5.0,2.0,10
604,10,16,2,2,3.0,5.0,2.0,13
605,10,17,0,2,3.0,5.0,2.0,10
606,10,18,0,1,3.0,5.0,2.0,9
607,10,19,0,0,3.0,5.0,2.0,8
608,10,20,1,1,3.0,5.0,2.0,9
609,10,21,3,2,3.0,5.0,2.0,9
610,10,22,0,1,3.0,5.0,2.0,7
611,10,23,1,2,3.0,5.0,2.0,8
612,10,25,2,3,3.0,5.0,2.0,12
613,10,26,2,0,3.0,5.0,2.0,11
614,10,27,1,1,3.0,5.0,2.0,7
615,10,28,3,0,3.0,5.0,2.0,8
616,10,29,1,1,3.0,5.0,2.0,6
617,10,30,1,0,3.0,5.0,2.0,5
618,10,31,3,2,3.0,5.0,2.0,7
619,10,32,1,0,3.0,5.0,2.0,4
620,10,33,1,0,3.0,5.0,2.0,3
621,10,34,3,0,3.0,5.0,2.0,6
622,10,35,2,0,3.0,5.0,2.0,10
623,10,36,1,2,3.0,5.0,2.0,2
624,10,37,2,2,3.0,5.0,2.0,9
625,10,38,1,2,3.0,5.0,2.0,1
626,10,39,0,2,3.0,5.0,2.0,6
627,10,42,2,2,3.0,5.0,2.0,8
628,10,43,2,3,3.0,5.0,2.0,7
629,10,44,1,1,3.0,5.0,2.0,0
630,10,45,2,0,3.0,5.0,2.0,6
631,10,46,2,3,3.0,5.0,2.0,5
632,10,47,3,0,3.0,5.0,2.0,5
633,10,49,2,3,3.0,5.0,2.0,4
634,10,51,2,0,3.0,5.0,2.0,3
635,10,52,3,0,3.0,5.0,2.0,4
636,10,57,2,1,3.0,5.0,2.0,2
637,10,58,0,2,3.0,5.0,2.0,5
638,10,59,2,0,3.0,5.0,2.0,1
639,10,60,2,0,3.0,5.0,2.0,0
640,10,61,0,1,3.0,5.0,2.0,4
641,10,62,0,2,3.0,5.0,2.0,3
642,10,63,3,2,3.0,5.0,2.0,3
643,10,64,0,3,3.0,5.0,2.0,2
644,10,68,0,2,3.0,5.0,2.0,1
645,10,69,0,3,3.0,5.0,2.0,0
646,10,70,3,1,3.0,5.0,2.0,2
647,10,73,3,2,3.0,5.0,2.0,1
648,10,74,3,2,3.0,5.0,2.0,0
649,11,1,0,0,3.0,5.0,2.0,14
650,11,2,2,1,3.0,5.0,2.0,14
651,11,3,0,1,3.0,5.0,2.0,13
652,11,4,3,1,3.0,5.0,2.0,14
653,11,5,1,0,3.0,5.0,2.0,14
654,11,6,1,3,3.0,5.0,2.0,13
655,11,7,2,0,3.0,5.0,2.0,13
656,11,8,3,2,3.0,5.0,2.0,13
657,11,9,1,3,3.0,5.0,2.0,12
658,11,10,3,1,3.0,5.0,2.0,12
659,11,11,0,3,3.0,5.0,2.0,12
660,11,13,1,3,3.0,5.0,2.0,11
661,11,14,2,2,3.0,5.0,2.0,12
662,11,16,1,3,3.0,5.0,2.0,10
663,11,18,3,2,3.0,5.0,2.0,11
664,11,19,0,2,3.0,5.0,2.0,11
665,11,20,2,1,3.0,5.0,2.0,11
666,11,21,2,3,3.0,5.0,2.0,10
667,11,22,1,2,3.0,5.0,2.0,9
668,11,23,3,1,3.0,5.0,2.0,10
669,11,24,1,1,3.0,5.0,2.0,8
670,11,25,0,3,3.0,5.0,2.0,10
671,11,27,0,3,3.0,5.0,2.0,9
672,11,28,2,0,3.0,5.0,2.0,9
673,11,31,1,0,3.0,5.0,2.0,7
674,11,32,2,3,3.0,5.0,2.0,8
675,11,33,1,1,3.0,5.0,2.0,6
676,11,34,0,0,3.0,5.0,2.0,8
677,11,35,3,0,3.0,5.0,2.0,9
678,11,36,2,0,3.0,5.0,2.0,7
679,11,37,1,1,3.0,5.0,2.0,5
680,11,38,1,0,3.0,5.0,2.0,4
681,11,39,0,0,3.0,5.0,2.0,7
682,11,40,0,0,3.0,5.0,2.0,6
683,11,41,3,0,3.0,5.0,2.0,8
684,11,43,1,0,3.0,5.0,2.0,3
685,11,45,1,2,3.0,5.0,2.0,2
686,11,46,0,0,3.0,5.0,2.0,5
687,11,47,2,2,3.0,5.0,2.0,6
688,11,48,0,2,3.0,5.0,2.0,4
689,11,49,1,1,3.0,5.0,2.0,1
690,11,50,1,3,3.0,5.0,2.0,0
691,11,52,2,2,3.0,5.0,2.0,5
692,11,56,3,0,3.0,5.0,2.0,7
693,11,57,3,2,3.0,5.0,2.0,6
694,11,58,3,2,3.0,5.0,2.0,5
695,11,62,3,0,3.0,5.0,2.0,4
696,11,63,3,2,3.0,5.0,2.0,3
697,11,65,3,1,3.0,5.0,2.0,2
698,11,66,2,0,3.0,5.0,2.0,4
699,11,70,2,1,3.0,5.0,2.0,3
700,11,72,3,3,3.0,5.0,2.0,1
701,11,73,0,0,3.0,5.0,2.0,3
702,11,74,2,3,3.0,5.0,2.0,2
703,11,75,3,2,3.0,5.0,2.0,0
704,12,0,1,1,3.0,5.0,2.0,14
705,12,1,1,2,3.0,5.0,2.0,13
706,12,2,0,0,3.0,5.0,2.0,14
707,12,3,0,3,3.0,5.0,2.0,13
708,12,4,2,1,3.0,5.0,2.0,14
709,12,6,3,0,3.0,5.0,2.0,14
710,12,7,3,2,3.0,5.0,2.0,13
711,12,8,0,1,3.0,5.0,2.0,12
712,12,9,3,0,3.0,5.0,2.0,12
713,12,11,3,3,3.0,5.0,2.0,11
714,12,12,0,2,3.0,5.0,2.0,11
715,12,13,3,1,3.0,5.0,2.0,10
716,12,14,2,0,3.0,5.0,2.0,13
717,12,15,0,1,3.0,5.0,2.0,10
718,12,16,0,0,3.0,5.0,2.0,9
719,12,17,1,2,3.0,5.0,2.0,12
720,12,18,1,0,3.0,5.0,2.0,11
721,12,19,0,1,3.0,5.0,2.0,8
722,12,20,3,2,3.0,5.0,2.0,9
723,12,21,1,0,3.0,5.0,2.0,10
724,12,22,2,0,3.0,5.0,2.0,12
725,12,24,0,1,3.0,5.0,2.0,7
726,12,25,2,2,3.0,5.0,2.0,11
727,12,26,3,3,3.0,5.0,2.0,8
728,12,27,3,1,3.0,5.0,2.0,7
729,12,28,1,1,3.0,5.0,2.0,9
730,12,30,1,0,3.0,5.0,2.0,8
731,12,32,3,0,3.0,5.0,2.0,6
732,12,33,3,1,3.0,5.0,2.0,5
733,12,34,1,0,3.0,5.0,2.0,7
734,12,36,0,0,3.0,5.0,2.0,6
735,12,37,3,0,3.0,5.0,2.0,4
736,12,38,1,2,3.0,5.0,2.0,6
737,12,39,0,0,3.0,5.0,2.0,5
738,12,40,2,1,3.0,5.0,2.0,10
739,12,42,2,1,3.0,5.0,2.0,9
740,12,43,2,1,3.0,5.0,2.0,8
741,12,44,3,1,3.0,5.0,2.0,3
742,12,45,3,0,3.0,5.0,2.0,2
743,12,46,0,1,3.0,5.0,2.0,4
744,12,47,3,2,3.0,5.0,2.0,1
745,12,48,0,0,3.0,5.0,2.0,3
746,12,49,1,0,3.0,5.0,2.0,5
747,12,51,2,2,3.0,5.0,2.0,7
748,12,52,2,1,3.0,5.0,2.0,6
749,12,53,1,1,3.0,5.0,2.0,4
750,12,54,2,0,3.0,5.0,2.0,5
751,12,56,1,0,3.0,5.0,2.0,3
752,12,58,1,1,3.0,5.0,2.0,2
753,12,59,3,0,3.0,5.0,2.0,0
754,12,60,2,0,3.0,5.0,2.0,4
755,12,62,0,2,3.0,5.0,2.0,2
756,12,63,1,1,3.0,5.0,2.0,1
757,12,64,2,0,3.0,5.0,2.0,3
758,12,67,2,3,3.0,5.0,2.0,2
759,12,68,1,0,3.0,5.0,2.0,0
760,12,70,2,0,3.0,5.0,2.0,1
761,12,72,2,2,3.0,5.0,2.0,0
762,12,73,0,0,3.0,5.0,2.0,1
763,12,74,0,0,3.0,5.0,2.0,0
764,13,0,0,2,3.0,5.0,2.0,14
765,13,1,0,2,3.0,5.0,2.0,13
766,13,3,1,0,3.0,5.0,2.0,14
767,13,4,0,1,3.0,5.0,2.0,12
768,13,5,0,0,3.0,5.0,2.0,11
769,13,6,0,2,3.0,5.0,2.0,10
770,13,7,2,0,3.0,5.0,2.0,14
771,13,8,2,2,3.0,5.0,2.0,13
772,13,10,1,1,3.0,5.0,2.0,13
773,13,11,1,2,3.0,5.0,2.0,12
774,13,12,3,1,3.0,5.0,2.0,14
775,13,13,0,0,3.0,5.0,2.0,9
776,13,14,2,0,3.0,5.0,2.0,12
777,13,15,2,1,3.0,5.0,2.0,11
778,13,17,0,1,3.0,5.0,2.0,8
779,13,18,1,0,3.0,5.0,2.0,11
780,13,19,2,3,3.0,5.0,2.0,10
781,13,20,0,3,3.0,5.0,2.0,7
782,13,21,3,0,3.0,5.0,2.0,13
783,13,22,3,1,3.0,5.0,2.0,12
784,13,23,0,1,3.0,5.0,2.0,6
785,13,24,0,1,3.0,5.0,2.0,5
786,13,25,1,0,3.0,5.0,2.0,10
787,13,26,0,1,3.0,5.0,2.0,4
788,13,27,1,2,3.0,5.0,2.0,9
789,13,29,3,1,3.0,5.0,2.0,11
790,13,30,1,3,3.0,5.0,2.0,8
791,13,31,2,3,3.0,5.0,2.0,9
792,13,32,2,2,3.0,5.0,2.0,8
793,13,33,1,1,3.0,5.0,2.0,7
794,13,34,1,0,3.0,5.0,2.0,6
795,13,36,2,2,3.0,5.0,2.0,7
796,13,37,3,1,3.0,5.0,2.0,10
797,13,39,0,0,3.0,5.0,2.0,3
798,13,41,3,0,3.0,5.0,2.0,9
799,13,42,0,0,3.0,5.0,2.0,2
800,13,43,2,3,3.0,5.0,2.0,6
801,13,45,0,2,3.0,5.0,2.0,1
802,13,46,0,2,3.0,5.0,2.0,0
803,13,48,1,0,3.0,5.0,2.0,5
804,13,49,3,1,3.0,5.0,2.0,8
805,13,51,2,1,3.0,5.0,2.0,5
806,13,53,2,2,3.0,5.0,2.0,4
807,13,54,2,1,3.0,5.0,2.0,3
808,13,56,3,1,3.0,5.0,2.0,7
809,13,57,2,2,3.0,5.0,2.0,2
810,13,58,2,0,3.0,5.0,2.0,1
811,13,59,3,0,3.0,5.0,2.0,6
812,13,61,1,0,3.0,5.0,2.0,4
813,13,63,3,2,3.0,5.0,2.0,5
814,13,64,1,0,3.0,5.0,2.0,3
815,13,65,3,1,3.0,5.0,2.0,4
816,13,66,1,0,3.0,5.0,2.0,2
817,13,68,3,1,3.0,5.0,2.0,3
818,13,70,3,1,3.0,5.0,2.0,2
819,13,71,2,3,3.0,5.0,2.0,0
820,13,72,3,1,3.0,5.0,2.0,1
821,13,75,3,2,3.0,5.0,2.0,0
822,14,1,0,0,3.0,5.0,2.0,14
823,14,2,2,0,3.0,5.0,2.0,14
824,14,3,2,0,3.0,5.0,2.0,13
825,14,4,1,0,3.0,5.0,2.0,14
826,14,5,1,0,3.0,5.0,2.0,13
827,14,6,2,3,3.0,5.0,2.0,12
828,14,7,3,0,3.0,5.0,2.0,14
829,14,8,0,1,3.0,5.0,2.0,13
830,14,9,2,0,3.0,5.0,2.0,11
831,14,10,1,0,3.0,5.0,2.0,12
832,14,11,2,0,3.0,5.0,2.0,10
833,14,12,3,0,3.0,5.0,2.0,13
834,14,13,3,1,3.0,5.0,2.0,12
835,14,14,2,1,3.0,5.0,2.0,9
836,14,15,0,2,3.0,5.0,2.0,12
837,14,16,1,0,3.0,5.0,2.0,11
838,14,17,3,1,3.0,5.0,2.0,11
839,14,18,3,0,3.0,5.0,2.0,10
840,14,21,1,0,3.0,5.0,2.0,10
841,14,22,0,2,3.0,5.0,2.0,11
842,14,23,0,1,3.0,5.0,2.0,10
843,14,24,1,1,3.0,5.0,2.0,9
844,14,25,2,3,3.0,5.0,2.0,8
845,14,26,1,1,3.0,5.0,2.0,8
846,14,27,1,2,3.0,5.0,2.0,7
847,14,28,0,0,3.0,5.0,2.0,9
848,14,29,0,1,3.0,5.0,2.0,8
849,14,30,2,1,3.0,5.0,2.0,7
850,14,31,1,2,3.0,5.0,2.0,6
851,14,32,0,2,3.0,5.0,2.0,7
852,14,34,2,0,3.0,5.0,2.0,6
853,14,35,1,0,3.0,5.0,2.0,5
854,14,36,0,0,3.0,5.0,2.0,6
855,14,37,2,1,3.0,5.0,2.0,5
856,14,38,1,2,3.0,5.0,2.0,4
857,14,39,2,3,3.0,5.0,2.0,4
858,14,40,2,0,3.0,5.0,2.0,3
859,14,41,2,1,3.0,5.0,2.0,2
860,14,42,1,0,3.0,5.0,2.0,3
861,14,43,1,1,3.0,5.0,2.0,2
862,14,46,3,0,3.0,5.0,2.0,9
863,14,52,3,0,3.0,5.0,2.0,8
864,14,53,3,0,3.0,5.0,2.0,7
865,14,55,1,0,3.0,5.0,2.0,1
866,14,56,0,0,3.0,5.0,2.0,5
867,14,57,1,3,3.0,5.0,2.0,0
868,14,59,0,1,3.0,5.0,2.0,4
869,14,63,2,2,3.0,5.0,2.0,1
870,14,64,2,1,3.0,5.0,2.0,0
871,14,65,0,1,3.0,5.0,2.0,3
872,14,67,0,0,3.0,5.0,2.0,2
873,14,68,3,0,3.0,5.0,2.0,6
874,14,70,0,3,3.0,5.0,2.0,1
875,14,71,3,0,3.0,5.0,2.0,5
876,14,73,3,0,3.0,5.0,2.0,4
877,14,74,0,3,3.0,5.0,2.0,0
878,14,76,3,2,3.0,5.0,2.0,3
879,14,78,3,1,3.0,5.0,2.0,2
880,15,0,0,0,3.0,5.0,2.0,14
881,15,1,1,0,3.0,5.0,2.0,14
882,15,2,0,3,3.0,5.0,2.0,13
883,15,3,3,2,3.0,5.0,2.0,14
884,15,4,2,0,3.0,5.0,2.0,14
885,15,7,3,3,3.0,5.0,2.0,13
886,15,8,3,0,3.0,5.0,2.0,12
887,15,10,1,1,3.0,5.0,2.0,13
888,15,12,2,0,3.0,5.0,2.0,13
889,15,13,1,2,3.0,5.0,2.0,12
890,15,14,3,0,3.0,5.0,2.0,11
891,15,15,3,1,3.0,5.0,2.0,10
892,15,16,3,0,3.0,5.0,2.0,9
893,15,17,1,2,3.0,5.0,2.0,11
894,15,18,1,3,3.0,5.0,2.0,10
895,15,19,0,0,3.0,5.0,2.0,12
896,15,20,3,0,3.0,5.0,2.0,8
897,15,21,0,1,3.0,5.0,2.0,11
898,15,22,2,0,3.0,5.0,2.0,12
899,15,23,2,1,3.0,5.0,2.0,11
900,15,24,3,0,3.0,5.0,2.0,7
901,15,25,2,1,3.0,5.0,2.0,10
902,15,26,3,0,3.0,5.0,2.0,6
903,15,28,1,0,3.0,5.0,2.0,9
904,15,29,0,1,3.0,5.0,2.0,10
905,15,30,1,0,3.0,5.0,2.0,8
906,15,31,0,1,3.0,5.0,2.0,9
907,15,32,2,3,3.0,5.0,2.0,9
908,15,34,2,0,3.0,5.0,2.0,8
909,15,35,2,3,3.0,5.0,2.0,7
910,15,36,2,2,3.0,5.0,2.0,6
911,15,38,3,1,3.0,5.0,2.0,5
912,15,39,3,0,3.0,5.0,2.0,4
913,15,40,0,0,3.0,5.0,2.0,8
914,15,41,2,0,3.0,5.0,2.0,5
915,15,43,0,2,3.0,5.0,2.0,7
916,15,44,3,1,3.0,5.0,2.0,3
917,15,46,3,0,3.0,5.0,2.0,2
918,15,47,3,0,3.0,5.0,2.0,1
919,15,49,1,2,3.0,5.0,2.0,7
920,15,50,1,0,3.0,5.0,2.0,6
921,15,51,1,3,3.0,5.0,2.0,5
922,15,52,2,2,3.0,5.0,2.0,4
923,15,54,1,1,3.0,5.0,2.0,4
924,15,55,3,3,3.0,5.0,2.0,0
925,15,56,0,3,3.0,5.0,2.0,6
926,15,58,0,3,3.0,5.0,2.0,5
927,15,59,2,2,3.0,5.0,2.0,3
928,15,60,1,0,3.0,5.0,2.0,3
929,15,61,1,2,3.0,5.0,2.0,2
930,15,62,0,2,3.0,5.0,2.0,4
931,15,63,0,2,3.0,5.0,2.0,3
932,15,64,2,1,3.0,5.0,2.0,2
933,15,65,2,0,3.0,5.0,2.0,1
934,15,66,1,0,3.0,5.0,2.0,1
935,15,67,2,1,3.0,5.0,2.0,0
936,15,68,0,1,3.0,5.0,2.0,2
937,15,71,0,2,3.0,5.0,2.0,1
938,15,72,1,1,3.0,5.0,2.0,0
939,15,74,0,0,3.0,5.0,2.0,0
940,16,0,1,2,3.0,5.0,2.0,14
941,16,1,3,1,3.0,5.0,2.0,14
942,16,3,3,3,3.0,5.0,2.0,13
943,16,4,2,0,3.0,5.0,2.0,14
944,16,7,1,0,3.0,5.0,2.0,13
945,16,8,1,1,3.0,5.0,2.0,12
946,16,9,0,0,3.0,5.0,2.0,14
947,16,10,3,1,3.0,5.0,2.0,12
948,16,11,1,1,3.0,5.0,2.0,11
949,16,12,2,0,3.0,5.0,2.0,13
950,16,13,3,2,3.0,5.0,2.0,11
951,16,14,0,2,3.0,5.0,2.0,13
952,16,18,2,0,3.0,5.0,2.0,12
953,16,19,0,0,3.0,5.0,2.0,12
954,16,20,0,1,3.0,5.0,2.0,11
955,16,21,1,0,3.0,5.0,2.0,10
956,16,22,2,2,3.0,5.0,2.0,11
957,16,23,2,1,3.0,5.0,2.0,10
958,16,24,3,0,3.0,5.0,2.0,10
959,16,25,3,0,3.0,5.0,2.0,9
960,16,26,2,0,3.0,5.0,2.0,9
961,16,27,3,3,3.0,5.0,2.0,8
962,16,28,1,0,3.0,5.0,2.0,9
963,16,29,3,0,3.0,5.0,2.0,7
964,16,30,0,0,3.0,5.0,2.0,10
965,16,32,3,0,3.0,5.0,2.0,6
966,16,33,1,0,3.0,5.0,2.0,8
967,16,34,1,0,3.0,5.0,2.0,7
968,16,35,1,0,3.0,5.0,2.0,6
969,16,37,1,2,3.0,5.0,2.0,5
970,16,38,3,0,3.0,5.0,2.0,5
971,16,39,1,1,3.0,5.0,2.0,4
972,16,40,1,2,3.0,5.0,2.0,3
973,16,41,0,1,3.0,5.0,2.0,9
974,16,42,2,1,3.0,5.0,2.0,8
975,16,44,3,0,3.0,5.0,2.0,4
976,16,45,2,2,3.0,5.0,2.0,7
977,16,46,0,1,3.0,5.0,2.0,8
978,16,47,1,1,3.0,5.0,2.0,2
979,16,48,3,0,3.0,5.0,2.0,3
980,16,50,2,1,3.0,5.0,2.0,6
981,16,54,1,0,3.0,5.0,2.0,1
982,16,55,1,1,3.0,5.0,2.0,0
983,16,56,0,2,3.0,5.0,2.0,7
984,16,57,2,0,3.0,5.0,2.0,5
985,16,58,3,2,3.0,5.0,2.0,2
986,16,59,2,0,3.0,5.0,2.0,4
987,16,60,2,3,3.0,5.0,2.0,3
988,16,61,2,2,3.0,5.0,2.0,2
989,16,62,0,0,3.0,5.0,2.0,6
990,16,64,3,1,3.0,5.0,2.0,1
991,16,65,3,0,3.0,5.0,2.0,0
992,16,66,2,0,3.0,5.0,2.0,1
993,16,69,0,1,3.0,5.0,2.0,5
994,16,70,2,2,3.0,5.0,2.0,0
995,16,71,0,3,3.0,5.0,2.0,4
996,16,73,0,2,3.0,5.0,2.0,3
997,16,76,0,2,3.0,5.0,2.0,2
998,17,0,0,0,3.0,5.0,2.0,14
999,17,1,0,3,3.0,5.0,2.0,13
1000,17,2,3,0,3.0,5.0,2.0,14
1001,17,3,3,0,3.0,5.0,2.0,13
1002,17,4,3,0,3.0,5.0,2.0,12
1003,17,6,2,2,3.0,5.0,2.0,14
1004,17,7,1,0,3.0,5.0,2.0,14
1005,17,8,3,0,3.0,5.0,2.0,11
1006,17,9,3,3,3.0,5.0,2.0,10
1007,17,10,0,2,3.0,5.0,2.0,12
1008,17,11,3,1,3.0,5.0,2.0,9
1009,17,12,0,1,3.0,5.0,2.0,11
1010,17,16,3,1,3.0,5.0,2.0,8
1011,17,18,1,1,3.0,5.0,2.0,13
1012,17,19,2,3,3.0,5.0,2.0,13
1013,17,20,3,0,3.0,5.0,2.0,7
1014,17,21,3,1,3.0,5.0,2.0,6
1015,17,23,3,0,3.0,5.0,2.0,5
1016,17,24,3,2,3.0,5.0,2.0,4
1017,17,25,3,1,3.0,5.0,2.0,3
1018,17,26,2,0,3.0,5.0,2.0,12
1019,17,27,0,0,3.0,5.0,2.0,10
1020,17,28,1,1,3.0,5.0,2.0,12
1021,17,30,2,1,3.0,5.0,2.0,11
1022,17,31,2,1,3.0,5.0,2.0,10
1023,17,32,2,1,3.0,5.0,2.0,9
1024,17,33,1,2,3.0,5.0,2.0,11
1025,17,34,0,2,3.0,5.0,2.0,9
1026,17,35,0,0,3.0,5.0,2.0,8
1027,17,36,0,0,3.0,5.0,2.0,7
1028,17,37,3,0,3.0,5.0,2.0,2
1029,17,38,3,3,3.0,5.0,2.0,1
1030,17,40,3,2,3.0,5.0,2.0,0
1031,17,42,2,0,3.0,5.0,2.0,8
1032,17,43,0,0,3.0,5.0,2.0,6
1033,17,45,0,2,3.0,5.0,2.0,5
1034,17,46,1,3,3.0,5.0,2.0,10
1035,17,47,1,1,3.0,5.0,2.0,9
1036,17,49,1,3,3.0,5.0,2.0,8
1037,17,50,1,3,3.0,5.0,2.0,7
1038,17,51,2,1,3.0,5.0,2.0,7
1039,17,53,1,2,3.0,5.0,2.0,6
1040,17,54,1,3,3.0,5.0,2.0,5
1041,17,55,0,3,3.0,5.0,2.0,4
1042,17,56,0,0,3.0,5.0,2.0,3
1043,17,58,0,0,3.0,5.0,2.0,2
1044,17,59,1,0,3.0,5.0,2.0,4
1045,17,60,2,0,3.0,5.0,2.0,6
1046,17,63,1,2,3.0,5.0,2.0,3
1047,17,64,1,1,3.0,5.0,2.0,2
1048,17,65,2,0,3.0,5.0,2.0,5
1049,17,66,1,2,3.0,5.0,2.0,1
1050,17,67,2,0,3.0,5.0,2.0,4
1051,17,68,0,0,3.0,5.0,2.0,1
1052,17,69,1,3,3.0,5.0,2.0,0
1053,17,72,2,0,3.0,5.0,2.0,3
1054,17,73,2,0,3.0,5.0,2.0,2
1055,17,74,2,2,3.0,5.0,2.0,1
1056,17,75,0,2,3.0,5.0,2.0,0
1057,17,77,2,0,3.0,5.0,2.0,0
1058,18,0,3,1,3.0,5.0,2.0,14
1059,18,1,2,0,3.0,5.0,2.0,14
1060,18,2,2,3,3.0,5.0,2.0,13
1061,18,3,2,3,3.0,5.0,2.0,12
1062,18,4,3,2,3.0,5.0,2.0,13
1063,18,5,0,0,3.0,5.0,2.0,14
1064,18,6,3,0,3.0,5.0,2.0,12
1065,18,7,1,1,3.0,5.0,2.0,14
1066,18,8,3,0,3.0,5.0,2.0,11
1067,18,9,2,3,3.0,5.0,2.0,11
1068,18,10,0,2,3.0,5.0,2.0,13
1069,18,11,0,2,3.0,5.0,2.0,12
1070,18,14,2,0,3.0,5.0,2.0,10
1071,18,15,1,0,3.0,5.0,2.0,13
1072,18,16,1,3,3.0,5.0,2.0,12
1073,18,17,1,1,3.0,5.0,2.0,11
1074,18,18,3,0,3.0,5.0,2.0,10
1075,18,19,0,0,3.0,5.0,2.0,11
1076,18,20,3,1,3.0,5.0,2.0,9
1077,18,21,0,0,3.0,5.0,2.0,10
1078,18,23,2,1,3.0,5.0,2.0,9
1079,18,24,2,0,3.0,5.0,2.0,8
1080,18,25,2,0,3.0,5.0,2.0,7
1081,18,26,2,0,3.0,5.0,2.0,6
1082,18,28,2,0,3.0,5.0,2.0,5
1083,18,29,3,2,3.0,5.0,2.0,8
1084,18,32,1,0,3.0,5.0,2.0,10
1085,18,33,2,0,3.0,5.0,2.0,4
1086,18,34,3,2,3.0,5.0,2.0,7
1087,18,35,2,0,3.0,5.0,2.0,3
1088,18,36,2,1,3.0,5.0,2.0,2
1089,18,37,2,2,3.0,5.0,2.0,1
1090,18,38,0,0,3.0,5.0,2.0,9
1091,18,39,2,0,3.0,5.0,2.0,0
1092,18,40,0,2,3.0,5.0,2.0,8
1093,18,41,0,0,3.0,5.0,2.0,7
1094,18,42,3,1,3.0,5.0,2.0,6
1095,18,43,3,0,3.0,5.0,2.0,5
1096,18,45,0,0,3.0,5.0,2.0,6
1097,18,46,1,0,3.0,5.0,2.0,9
1098,18,47,0,0,3.0,5.0,2.0,5
1099,18,48,0,2,3.0,5.0,2.0,4
1100,18,49,0,0,3.0,5.0,2.0,3
1101,18,50,3,2,3.0,5.0,2.0,4
1102,18,51,1,3,3.0,5.0,2.0,8
1103,18,52,1,3,3.0,5.0,2.0,7
1104,18,53,0,2,3.0,5.0,2.0,2
1105,18,56,0,3,3.0,5.0,2.0,1
1106,18,57,0,3,3.0,5.0,2.0,0
1107,18,59,1,1,3.0,5.0,2.0,6
1108,18,61,1,1,3.0,5.0,2.0,5
1109,18,62,1,3,3.0,5.0,2.0,4
1110,18,63,3,2,3.0,5.0,2.0,3
1111,18,64,3,1,3.0,5.0,2.0,2
1112,18,66,1,3,3.0,5.0,2.0,3
1113,18,68,3,0,3.0,5.0,2.0,1
1114,18,70,1,3,3.0,5.0,2.0,2
1115,18,71,3,0,3.0,5.0,2.0,0
1116,18,72,1,0,3.0,5.0,2.0,1
1117,18,77,1,2,3.0,5.0,2.0,0
1118,19,0,2,0,3.0,5.0,2.0,14
1119,19,2,2,1,3.0,5.0,2.0,13
1120,19,3,0,0,3.0,5.0,2.0,14
1121,19,4,0,0,3.0,5.0,2.0,13
1122,19,5,2,1,3.0,5.0,2.0,12
1123,19,6,2,1,3.0,5.0,2.0,11
1124,19,7,1,0,3.0,5.0,2.0,14
1125,19,8,0,1,3.0,5.0,2.0,12
1126,19,9,2,0,3.0,5.0,2.0,10
1127,19,10,3,1,3.0,5.0,2.0,14
1128,19,12,3,1,3.0,5.0,2.0,13
1129,19,13,0,0,3.0,5.0,2.0,11
1130,19,14,0,2,3.0,5.0,2.0,10
1131,19,15,1,2,3.0,5.0,2.0,13
1132,19,16,3,1,3.0,5.0,2.0,12
1133,19,17,0,0,3.0,5.0,2.0,9
1134,19,18,2,3,3.0,5.0,2.0,9
1135,19,19,1,0,3.0,5.0,2.0,12
1136,19,20,1,1,3.0,5.0,2.0,11
1137,19,23,0,2,3.0,5.0,2.0,8
1138,19,24,3,0,3.0,5.0,2.0,11
1139,19,25,2,1,3.0,5.0,2.0,8
1140,19,27,1,2,3.0,5.0,2.0,10
1141,19,28,2,1,3.0,5.0,2.0,7
1142,19,30,0,1,3.0,5.0,2.0,7
1143,19,31,0,0,3.0,5.0,2.0,6
1144,19,32,1,2,3.0,5.0,2.0,9
1145,19,33,2,0,3.0,5.0,2.0,6
1146,19,34,0,0,3.0,5.0,2.0,5
1147,19,37,0,0,3.0,5.0,2.0,4
1148,19,39,1,2,3.0,5.0,2.0,8
1149,19,40,1,2,3.0,5.0,2.0,7
1150,19,42,1,1,3.0,5.0,2.0,6
1151,19,43,2,1,3.0,5.0,2.0,5
1152,19,44,1,0,3.0,5.0,2.0,5
1153,19,45,0,2,3.0,5.0,2.0,3
1154,19,46,1,0,3.0,5.0,2.0,4
1155,19,47,2,0,3.0,5.0,2.0,4
1156,19,49,0,0,3.0,5.0,2.0,2
1157,19,50,1,2,3.0,5.0,2.0,3
1158,19,52,2,0,3.0,5.0,2.0,3
1159,19,53,0,1,3.0,5.0,2.0,1
1160,19,55,2,1,3.0,5.0,2.0,2
1161,19,56,1,1,3.0,5.0,2.0,2
1162,19,57,1,2,3.0,5.0,2.0,1
1163,19,58,0,2,3.0,5.0,2.0,0
1164,19,59,2,1,3.0,5.0,2.0,1
1165,19,60,3,0,3.0,5.0,2.0,10
1166,19,61,3,3,3.0,5.0,2.0,9
1167,19,62,2,0,3.0,5.0,2.0,0
1168,19,63,1,0,3.0,5.0,2.0,0
1169,19,68,3,3,3.0,5.0,2.0,8
1170,19,70,3,0,3.0,5.0,2.0,7
1171,19,72,3,1,3.0,5.0,2.0,6
1172,19,75,3,1,3.0,5.0,2.0,5
1173,19,76,3,3,3.0,5.0,2.0,4
1174,19,77,3,0,3.0,5.0,2.0,3
1175,19,78,3,3,3.0,5.0,2.0,2
1176,20,0,3,0,3.0,5.0,2.0,14
1177,20,1,1,0,3.0,5.0,2.0,14
1178,20,2,0,3,3.0,5.0,2.0,14
1179,20,3,3,1,3.0,5.0,2.0,13
1180,20,5,1,2,3.0,5.0,2.0,13
1181,20,6,2,1,3.0,5.0,2.0,14
1182,20,8,1,2,3.0,5.0,2.0,12
1183,20,9,0,0,3.0,5.0,2.0,13
1184,20,10,3,1,3.0,5.0,2.0,12
1185,20,11,0,1,3.0,5.0,2.0,12
1186,20,12,3,0,3.0,5.0,2.0,11
1187,20,13,3,0,3.0,5.0,2.0,10
1188,20,14,1,3,3.0,5.0,2.0,11
1189,20,15,1,0,3.0,5.0,2.0,10
1190,20,16,2,0,3.0,5.0,2.0,13
1191,20,17,1,0,3.0,5.0,2.0,9
1192,20,18,1,1,3.0,5.0,2.0,8
1193,20,19,2,3,3.0,5.0,2.0,12
1194,20,20,1,0,3.0,5.0,2.0,7
1195,20,21,3,1,3.0,5.0,2.0,9
1196,20,22,3,0,3.0,5.0,2.0,8
1197,20,23,0,0,3.0,5.0,2.0,11
1198,20,24,1,2,3.0,5.0,2.0,6
1199,20,25,1,1,3.0,5.0,2.0,5
1200,20,26,0,0,3.0,5.0,2.0,10
1201,20,27,3,1,3.0,5.0,2.0,7
1202,20,28,0,0,3.0,5.0,2.0,9
1203,20,29,3,1,3.0,5.0,2.0,6
1204,20,30,0,3,3.0,5.0,2.0,8
1205,20,31,2,0,3.0,5.0,2.0,11
1206,20,32,2,2,3.0,5.0,2.0,10
1207,20,33,0,0,3.0,5.0,2.0,7
1208,20,34,3,2,3.0,5.0,2.0,5
1209,20,35,3,2,3.0,5.0,2.0,4
1210,20,36,3,2,3.0,5.0,2.0,3
1211,20,37,0,0,3.0,5.0,2.0,6
1212,20,39,3,2,3.0,5.0,2.0,2
1213,20,40,2,0,3.0,5.0,2.0,9
1214,20,41,2,0,3.0,5.0,2.0,8
1215,20,42,3,2,3.0,5.0,2.0,1
1216,20,43,2,0,3.0,5.0,2.0,7
1217,20,44,0,0,3.0,5.0,2.0,5
1218,20,45,1,1,3.0,5.0,2.0,4
1219,20,46,0,0,3.0,5.0,2.0,4
1220,20,47,1,0,3.0,5.0,2.0,3
1221,20,48,2,2,3.0,5.0,2.0,6
1222,20,49,2,2,3.0,5.0,2.0,5
1223,20,50,0,2,3.0,5.0,2.0,3
1224,20,51,3,0,3.0,5.0,2.0,0
1225,20,53,1,3,3.0,5.0,2.0,2
1226,20,54,0,0,3.0,5.0,2.0,2
1227,20,55,2,0,3.0,5.0,2.0,4
1228,20,56,2,1,3.0,5.0,2.0,3
1229,20,58,0,1,3.0,5.0,2.0,1
1230,20,62,1,0,3.0,5.0,2.0,1
1231,20,63,0,0,3.0,5.0,2.0,0
1232,20,65,2,0,3.0,5.0,2.0,2
1233,20,66,1,0,3.0,5.0,2.0,0
1234,20,68,2,1,3.0,5.0,2.0,1
1235,20,71,2,1,3.0,5.0,2.0,0
1236,21,0,2,1,3.0,5.0,2.0,14
1237,21,1,3,1,3.0,5.0,2.0,14
1238,21,2,1,0,3.0,5.0,2.0,14
1239,21,5,0,1,3.0,5.0,2.0,14
1240,21,8,2,2,3.0,5.0,2.0,13
1241,21,9,0,0,3.0,5.0,2.0,13
1242,21,11,1,2,3.0,5.0,2.0,13
1243,21,12,3,2,3.0,5.0,2.0,13
1244,21,13,1,0,3.0,5.0,2.0,12
1245,21,14,0,2,3.0,5.0,2.0,12
1246,21,15,2,3,3.0,5.0,2.0,12
1247,21,18,2,1,3.0,5.0,2.0,11
1248,21,19,2,2,3.0,5.0,2.0,10
1249,21,20,3,0,3.0,5.0,2.0,12
1250,21,22,1,0,3.0,5.0,2.0,11
1251,21,23,1,0,3.0,5.0,2.0,10
1252,21,24,2,0,3.0,5.0,2.0,9
1253,21,25,1,2,3.0,5.0,2.0,9
1254,21,26,0,1,3.0,5.0,2.0,11
1255,21,27,1,0,3.0,5.0,2.0,8
1256,21,28,0,1,3.0,5.0,2.0,10
1257,21,29,1,2,3.0,5.0,2.0,7
1258,21,30,1,1,3.0,5.0,2.0,6
1259,21,31,3,1,3.0,5.0,2.0,11
1260,21,32,1,2,3.0,5.0,2.0,5
1261,21,33,1,0,3.0,5.0,2.0,4
1262,21,34,0,0,3.0,5.0,2.0,9
1263,21,36,1,0,3.0,5.0,2.0,3
1264,21,37,0,0,3.0,5.0,2.0,8
1265,21,38,0,0,3.0,5.0,2.0,7
1266,21,39,0,0,3.0,5.0,2.0,6
1267,21,40,0,3,3.0,5.0,2.0,5
1268,21,41,1,1,3.0,5.0,2.0,2
1269,21,42,2,0,3.0,5.0,2.0,8
1270,21,43,2,2,3.0,5.0,2.0,7
1271,21,44,2,0,3.0,5.0,2.0,6
1272,21,45,0,2,3.0,5.0,2.0,4
1273,21,46,1,2,3.0,5.0,2.0,1
1274,21,47,1,2,3.0,5.0,2.0,0
1275,21,48,0,2,3.0,5.0,2.0,3
1276,21,52,3,0,3.0,5.0,2.0,10
1277,21,53,0,1,3.0,5.0,2.0,2
1278,21,54,3,1,3.0,5.0,2.0,9
1279,21,55,0,1,3.0,5.0,2.0,1
1280,21,56,3,2,3.0,5.0,2.0,8
1281,21,57,3,1,3.0,5.0,2.0,7
1282,21,58,3,1,3.0,5.0,2.0,6
1283,21,59,3,1,3.0,5.0,2.0,5
1284,21,62,0,0,3.0,5.0,2.0,0
1285,21,67,3,2,3.0,5.0,2.0,4
1286,21,71,3,0,3.0,5.0,2.0,3
1287,21,75,2,0,3.0,5.0,2.0,5
1288,21,76,3,0,3.0,5.0,2.0,2
1289,22,0,2,1,3.0,5.0,2.0,14
1290,22,1,3,0,3.0,5.0,2.0,14
1291,22,2,1,3,3.0,5.0,2.0,14
1292,22,3,0,2,3.0,5.0,2.0,14
1293,22,4,0,2,3.0,5.0,2.0,13
1294,22,5,3,1,3.0,5.0,2.0,13
1295,22,6,1,0,3.0,5.0,2.0,13
1296,22,7,0,3,3.0,5.0,2.0,12
1297,22,8,2,3,3.0,5.0,2.0,13
1298,22,10,1,0,3.0,5.0,2.0,12
1299,22,11,3,2,3.0,5.0,2.0,12
1300,22,12,2,1,3.0,5.0,2.0,12
1301,22,13,0,0,3.0,5.0,2.0,11
1302,22,14,0,0,3.0,5.0,2.0,10
1303,22,15,2,2,3.0,5.0,2.0,11
1304,22,16,3,0,3.0,5.0,2.0,11
1305,22,17,1,3,3.0,5.0,2.0,11
1306,22,18,2,1,3.0,5.0,2.0,10
1307,22,20,2,2,3.0,5.0,2.0,9
1308,22,21,0,1,3.0,5.0,2.0,9
1309,22,22,3,1,3.0,5.0,2.0,10
1310,22,23,1,0,3.0,5.0,2.0,10
1311,22,24,3,1,3.0,5.0,2.0,9
1312,22,25,3,3,3.0,5.0,2.0,8
1313,22,26,3,0,3.0,5.0,2.0,7
1314,22,27,0,2,3.0,5.0,2.0,8
1315,22,28,0,2,3.0,5.0,2.0,7
1316,22,30,2,0,3.0,5.0,2.0,8
1317,22,31,3,3,3.0,5.0,2.0,6
1318,22,33,2,0,3.0,5.0,2.0,7
1319,22,34,2,0,3.0,5.0,2.0,6
1320,22,36,2,0,3.0,5.0,2.0,5
1321,22,37,0,0,3.0,5.0,2.0,6
1322,22,38,0,0,3.0,5.0,2.0,5
1323,22,39,0,3,3.0,5.0,2.0,4
1324,22,40,0,0,3.0,5.0,2.0,3
1325,22,41,2,2,3.0,5.0,2.0,4
1326,22,42,3,1,3.0,5.0,2.0,5
1327,22,44,2,2,3.0,5.0,2.0,3
1328,22,45,3,1,3.0,5.0,2.0,4
1329,22,46,0,1,3.0,5.0,2.0,2
1330,22,47,3,0,3.0,5.0,2.0,3
1331,22,48,1,2,3.0,5.0,2.0,9
1332,22,49,1,0,3.0,5.0,2.0,8
1333,22,51,0,0,3.0,5.0,2.0,1
1334,22,52,1,1,3.0,5.0,2.0,7
1335,22,53,3,0,3.0,5.0,2.0,2
1336,22,54,0,2,3.0,5.0,2.0,0
1337,22,56,2,0,3.0,5.0,2.0,2
1338,22,57,3,1,3.0,5.0,2.0,1
1339,22,58,2,0,3.0,5.0,2.0,1
1340,22,59,1,0,3.0,5.0,2.0,6
1341,22,60,3,0,3.0,5.0,2.0,0
1342,22,62,1,2,3.0,5.0,2.0,5
1343,22,63,2,2,3.0,5.0,2.0,0
1344,22,65,1,0,3.0,5.0,2.0,4
1345,22,69,1,0,3.0,5.0,2.0,3
1346,22,77,1,1,3.0,5.0,2.0,2
1347,23,0,1,1,3.0,5.0,2.0,14
1348,23,1,3,0,3.0,5.0,2.0,14
1349,23,3,1,0,3.0,5.0,2.0,13
1350,23,4,0,1,3.0,5.0,2.0,14
1351,23,5,3,1,3.0,5.0,2.0,13
1352,23,7,1,1,3.0,5.0,2.0,12
1353,23,8,1,2,3.0,5.0,2.0,11
1354,23,9,1,2,3.0,5.0,2.0,10
1355,23,10,3,3,3.0,5.0,2.0,12
1356,23,11,2,1,3.0,5.0,2.0,14
1357,23,13,1,0,3.0,5.0,2.0,9
1358,23,14,0,2,3.0,5.0,2.0,13
1359,23,15,0,0,3.0,5.0,2.0,12
1360,23,16,0,3,3.0,5.0,2.0,11
1361,23,17,0,0,3.0,5.0,2.0,10
1362,23,18,0,0,3.0,5.0,2.0,9
1363,23,19,2,0,3.0,5.0,2.0,13
1364,23,20,2,0,3.0,5.0,2.0,12
1365,23,21,0,1,3.0,5.0,2.0,8
1366,23,23,3,0,3.0,5.0,2.0,11
1367,23,24,1,2,3.0,5.0,2.0,8
1368,23,25,3,0,3.0,5.0,2.0,10
1369,23,26,0,0,3.0,5.0,2.0,7
1370,23,27,3,2,3.0,5.0,2.0,9
1371,23,28,3,0,3.0,5.0,2.0,8
1372,23,30,3,1,3.0,5.0,2.0,7
1373,23,31,2,0,3.0,5.0,2.0,11
1374,23,32,3,3,3.0,5.0,2.0,6
1375,23,35,3,1,3.0,5.0,2.0,5
1376,23,37,2,1,3.0,5.0,2.0,10
1377,23,38,1,0,3.0,5.0,2.0,7
1378,23,40,1,0,3.0,5.0,2.0,6
1379,23,41,2,2,3.0,5.0,2.0,9
1380,23,42,0,1,3.0,5.0,2.0,6
1381,23,43,3,0,3.0,5.0,2.0,4
1382,23,44,3,0,3.0,5.0,2.0,3
1383,23,45,0,3,3.0,5.0,2.0,5
1384,23,47,1,0,3.0,5.0,2.0,5
1385,23,48,0,1,3.0,5.0,2.0,4
1386,23,49,1,2,3.0,5.0,2.0,4
1387,23,50,1,1,3.0,5.0,2.0,3
1388,23,51,3,1,3.0,5.0,2.0,2
1389,23,52,0,0,3.0,5.0,2.0,3
1390,23,53,0,3,3.0,5.0,2.0,2
1391,23,54,3,0,3.0,5.0,2.0,1
1392,23,55,1,0,3.0,5.0,2.0,2
1393,23,56,0,1,3.0,5.0,2.0,1
1394,23,57,1,2,3.0,5.0,2.0,1
1395,23,58,0,0,3.0,5.0,2.0,0
1396,23,59,1,3,3.0,5.0,2.0,0
1397,23,60,3,0,3.0,5.0,2.0,0
1398,23,61,2,1,3.0,5.0,2.0,8
1399,23,64,2,1,3.0,5.0,2.0,7
1400,23,67,2,1,3.0,5.0,2.0,6
1401,23,68,2,1,3.0,5.0,2.0,5
1402,23,71,2,3,3.0,5.0,2.0,4
1403,23,72,2,3,3.0,5.0,2.0,3
1404,23,74,2,2,3.0,5.0,2.0,2
1405,23,75,2,3,3.0,5.0,2.0,1
1406,23,79,2,3,3.0,5.0,2.0,0
1407,24,0,3,1,3.0,5.0,2.0,14
1408,24,1,2,3,3.0,5.0,2.0,14
1409,24,2,2,0,3.0,5.0,2.0,13
1410,24,3,0,1,3.0,5.0,2.0,14
1411,24,5,2,1,3.0,5.0,2.0,12
1412,24,6,1,2,3.0,5.0,2.0,14
1413,24,7,1,0,3.0,5.0,2.0,13
1414,24,8,3,1,3.0,5.0,2.0,13
1415,24,9,3,1,3.0,5.0,2.0,12
1416,24,10,3,0,3.0,5.0,2.0,11
1417,24,11,1,2,3.0,5.0,2.0,12
1418,24,12,0,3,3.0,5.0,2.0,13
1419,24,13,1,2,3.0,5.0,2.0,11
1420,24,14,0,2,3.0,5.0,2.0,12
1421,24,15,0,2,3.0,5.0,2.0,11
1422,24,16,2,0,3.0,5.0,2.0,11
1423,24,17,2,0,3.0,5.0,2.0,10
1424,24,18,0,2,3.0,5.0,2.0,10
1425,24,20,1,0,3.0,5.0,2.0,10
1426,24,21,0,0,3.0,5.0,2.0,9
1427,24,24,2,1,3.0,5.0,2.0,9
1428,24,27,0,2,3.0,5.0,2.0,8
1429,24,28,0,3,3.0,5.0,2.0,7
1430,24,29,1,1,3.0,5.0,2.0,9
1431,24,32,1,0,3.0,5.0,2.0,8
1432,24,33,2,1,3.0,5.0,2.0,8
1433,24,34,1,1,3.0,5.0,2.0,7
1434,24,35,0,0,3.0,5.0,2.0,6
1435,24,36,2,1,3.0,5.0,2.0,7
1436,24,38,2,0,3.0,5.0,2.0,6
1437,24,39,2,1,3.0,5.0,2.0,5
1438,24,40,3,0,3.0,5.0,2.0,10
1439,24,41,2,0,3.0,5.0,2.0,4
1440,24,43,3,2,3.0,5.0,2.0,9
1441,24,44,2,2,3.0,5.0,2.0,3
1442,24,45,2,0,3.0,5.0,2.0,2
1443,24,46,3,1,3.0,5.0,2.0,8
1444,24,48,2,1,3.0,5.0,2.0,1
1445,24,49,3,0,3.0,5.0,2.0,7
1446,24,51,0,2,3.0,5.0,2.0,5
1447,24,52,2,1,3.0,5.0,2.0,0
1448,24,53,0,0,3.0,5.0,2.0,4
1449,24,55,3,3,3.0,5.0,2.0,6
1450,24,57,1,2,3.0,5.0,2.0,6
1451,24,59,3,0,3.0,5.0,2.0,5
1452,24,60,1,1,3.0,5.0,2.0,5
1453,24,62,3,1,3.0,5.0,2.0,4
1454,24,64,0,3,3.0,5.0,2.0,3
1455,24,65,0,2,3.0,5.0,2.0,2
1456,24,66,1,1,3.0,5.0,2.0,4
1457,24,67,3,1,3.0,5.0,2.0,3
1458,24,69,1,0,3.0,5.0,2.0,3
1459,24,70,1,1,3.0,5.0,2.0,2
1460,24,71,3,3,3.0,5.0,2.0,2
1461,24,72,0,2,3.0,5.0,2.0,1
1462,24,75,3,3,3.0,5.0,2.0,1
1463,24,76,3,0,3.0,5.0,2.0,0
1464,24,77,1,0,3.0,5.0,2.0,1
1465,24,78,0,3,3.0,5.0,2.0,0
1466,24,79,1,3,3.0,5.0,2.0,0
1467,25,0,3,0,3.0,5.0,2.0,14
1468,25,1,3,0,3.0,5.0,2.0,13
1469,25,2,1,1,3.0,5.0,2.0,14
1470,25,3,3,0,3.0,5.0,2.0,12
1471,25,4,0,0,3.0,5.0,2.0,14
1472,25,5,1,2,3.0,5.0,2.0,13
1473,25,6,1,3,3.0,5.0,2.0,12
1474,25,7,1,1,3.0,5.0,2.0,11
1475,25,8,0,0,3.0,5.0,2.0,13
1476,25,9,3,2,3.0,5.0,2.0,11
1477,25,10,3,2,3.0,5.0,2.0,10
1478,25,11,0,2,3.0,5.0,2.0,12
1479,25,12,3,2,3.0,5.0,2.0,9
1480,25,13,2,1,3.0,5.0,2.0,14
1481,25,14,3,3,3.0,5.0,2.0,8
1482,25,16,0,1,3.0,5.0,2.0,11
1483,25,18,2,1,3.0,5.0,2.0,13
1484,25,20,1,0,3.0,5.0,2.0,10
1485,25,23,1,3,3.0,5.0,2.0,9
1486,25,24,3,1,3.0,5.0,2.0,7
1487,25,25,2,2,3.0,5.0,2.0,12
1488,25,26,1,0,3.0,5.0,2.0,8
1489,25,27,3,2,3.0,5.0,2.0,6
1490,25,28,3,0,3.0,5.0,2.0,5
1491,25,29,2,1,3.0,5.0,2.0,11
1492,25,30,1,2,3.0,5.0,2.0,7
1493,25,31,1,0,3.0,5.0,2.0,6
1494,25,32,1,1,3.0,5.0,2.0,5
1495,25,33,1,1,3.0,5.0,2.0,4
1496,25,34,1,2,3.0,5.0,2.0,3
1497,25,37,2,0,3.0,5.0,2.0,10
1498,25,38,0,0,3.0,5.0,2.0,10
1499,25,39,1,0,3.0,5.0,2.0,2
1500,25,40,0,0,3.0,5.0,2.0,9
1501,25,41,2,0,3.0,5.0,2.0,9
1502,25,43,1,2,3.0,5.0,2.0,1
1503,25,45,1,0,3.0,5.0,2.0,0
1504,25,48,2,2,3.0,5.0,2.0,8
1505,25,49,0,2,3.0,5.0,2.0,8
1506,25,50,2,3,3.0,5.0,2.0,7
1507,25,52,2,0,3.0,5.0,2.0,6
1508,25,54,0,0,3.0,5.0,2.0,7
1509,25,56,2,2,3.0,5.0,2.0,5
1510,25,57,3,0,3.0,5.0,2.0,4
1511,25,59,0,3,3.0,5.0,2.0,6
1512,25,61,0,0,3.0,5.0,2.0,5
1513,25,62,0,3,3.0,5.0,2.0,4
1514,25,63,3,0,3.0,5.0,2.0,3
1515,25,64,3,2,3.0,5.0,2.0,2
1516,25,65,0,2,3.0,5.0,2.0,3
1517,25,66,2,2,3.0,5.0,2.0,4
1518,25,67,2,0,3.0,5.0,2.0,3
1519,25,68,3,2,3.0,5.0,2.0,1
1520,25,69,0,2,3.0,5.0,2.0,2
1521,25,70,0,2,3.0,5.0,2.0,1
1522,25,71,3,2,3.0,5.0,2.0,0
1523,25,73,2,3,3.0,5.0,2.0,2
1524,25,74,2,1,3.0,5.0,2.0,1
1525,25,77,0,1,3.0,5.0,2.0,0
1526,25,78,2,3,3.0,5.0,2.0,0
1527,26,1,3,1,3.0,5.0,2.0,14
1528,26,2,3,1,3.0,5.0,2.0,13
1529,26,3,0,0,3.0,5.0,2.0,14
1530,26,4,3,1,3.0,5.0,2.0,12
1531,26,5,3,0,3.0,5.0,2.0,11
1532,26,7,3,0,3.0,5.0,2.0,10
1533,26,8,3,1,3.0,5.0,2.0,9
1534,26,9,3,3,3.0,5.0,2.0,8
1535,26,10,2,1,3.0,5.0,2.0,14
1536,26,11,3,0,3.0,5.0,2.0,7
1537,26,12,1,0,3.0,5.0,2.0,14
1538,26,13,2,0,3.0,5.0,2.0,13
1539,26,14,0,1,3.0,5.0,2.0,13
1540,26,15,1,2,3.0,5.0,2.0,13
1541,26,16,1,3,3.0,5.0,2.0,12
1542,26,17,1,0,3.0,5.0,2.0,11
1543,26,19,1,0,3.0,5.0,2.0,10
1544,26,20,3,0,3.0,5.0,2.0,6
1545,26,22,3,0,3.0,5.0,2.0,5
1546,26,23,3,0,3.0,5.0,2.0,4
1547,26,26,1,1,3.0,5.0,2.0,9
1548,26,27,1,2,3.0,5.0,2.0,8
1549,26,28,2,0,3.0,5.0,2.0,12
1550,26,29,1,0,3.0,5.0,2.0,7
1551,26,30,2,0,3.0,5.0,2.0,11
1552,26,31,3,1,3.0,5.0,2.0,3
1553,26,32,1,1,3.0,5.0,2.0,6
1554,26,33,0,1,3.0,5.0,2.0,12
1555,26,34,2,2,3.0,5.0,2.0,10
1556,26,35,1,2,3.0,5.0,2.0,5
1557,26,36,2,2,3.0,5.0,2.0,9
1558,26,40,1,3,3.0,5.0,2.0,4
1559,26,41,1,0,3.0,5.0,2.0,3
1560,26,42,2,2,3.0,5.0,2.0,8
1561,26,43,2,2,3.0,5.0,2.0,7
1562,26,44,2,1,3.0,5.0,2.0,6
1563,26,45,3,1,3.0,5.0,2.0,2
1564,26,46,2,3,3.0,5.0,2.0,5
1565,26,47,3,2,3.0,5.0,2.0,1
1566,26,48,1,2,3.0,5.0,2.0,2
1567,26,50,1,0,3.0,5.0,2.0,1
1568,26,51,1,3,3.0,5.0,2.0,0
1569,26,52,2,3,3.0,5.0,2.0,4
1570,26,53,2,2,3.0,5.0,2.0,3
1571,26,54,2,0,3.0,5.0,2.0,2
1572,26,55,0,0,3.0,5.0,2.0,11
1573,26,57,0,2,3.0,5.0,2.0,10
1574,26,61,0,1,3.0,5.0,2.0,9
1575,26,62,2,3,3.0,5.0,2.0,1
1576,26,63,3,1,3.0,5.0,2.0,0
1577,26,64,2,0,3.0,5.0,2.0,0
1578,26,65,0,3,3.0,5.0,2.0,8
1579,26,69,0,2,3.0,5.0,2.0,7
1580,26,77,0,1,3.0,5.0,2.0,6
1581,27,0,0,0,3.0,5.0,2.0,14
1582,27,1,2,1,3.0,5.0,2.0,14
1583,27,4,3,0,3.0,5.0,2.0,14
1584,27,5,2,2,3.0,5.0,2.0,13
1585,27,7,1,1,3.0,5.0,2.0,14
1586,27,8,2,2,3.0,5.0,2.0,12
1587,27,9,2,0,3.0,5.0,2.0,11
1588,27,10,2,0,3.0,5.0,2.0,10
1589,27,11,2,1,3.0,5.0,2.0,9
1590,27,12,0,1,3.0,5.0,2.0,13
1591,27,13,0,0,3.0,5.0,2.0,12
1592,27,14,2,2,3.0,5.0,2.0,8
1593,27,16,2,0,3.0,5.0,2.0,7
1594,27,17,0,0,3.0,5.0,2.0,11
1595,27,18,0,0,3.0,5.0,2.0,10
1596,27,19,2,0,3.0,5.0,2.0,6
1597,27,20,2,1,3.0,5.0,2.0,5
1598,27,21,3,0,3.0,5.0,2.0,13
1599,27,22,2,2,3.0,5.0,2.0,4
1600,27,23,2,1,3.0,5.0,2.0,3
1601,27,24,1,0,3.0,5.0,2.0,13
1602,27,25,2,0,3.0,5.0,2.0,2
1603,27,26,3,3,3.0,5.0,2.0,12
1604,27,27,0,2,3.0,5.0,2.0,9
1605,27,28,3,0,3.0,5.0,2.0,11
1606,27,29,2,2,3.0,5.0,2.0,1
1607,27,30,0,0,3.0,5.0,2.0,8
1608,27,31,1,0,3.0,5.0,2.0,12
1609,27,32,0,0,3.0,5.0,2.0,7
1610,27,35,1,0,3.0,5.0,2.0,11
1611,27,36,2,0,3.0,5.0,2.0,0
1612,27,38,1,1,3.0,5.0,2.0,10
1613,27,41,3,2,3.0,5.0,2.0,10
1614,27,42,0,1,3.0,5.0,2.0,6
1615,27,43,3,1,3.0,5.0,2.0,9
1616,27,44,3,1,3.0,5.0,2.0,8
1617,27,45,0,1,3.0,5.0,2.0,5
1618,27,46,3,0,3.0,5.0,2.0,7
1619,27,48,0,0,3.0,5.0,2.0,4
1620,27,49,1,0,3.0,5.0,2.0,9
1621,27,50,3,1,3.0,5.0,2.0,6
1622,27,51,3,0,3.0,5.0,2.0,5
1623,27,52,3,1,3.0,5.0,2.0,4
1624,27,53,1,1,3.0,5.0,2.0,8
1625,27,54,1,0,3.0,5.0,2.0,7
1626,27,55,1,0,3.0,5.0,2.0,6
1627,27,57,3,2,3.0,5.0,2.0,3
1628,27,59,3,0,3.0,5.0,2.0,2
1629,27,60,0,0,3.0,5.0,2.0,3
1630,27,61,1,0,3.0,5.0,2.0,5
1631,27,62,1,2,3.0,5.0,2.0,4
1632,27,63,3,0,3.0,5.0,2.0,1
1633,27,64,0,3,3.0,5.0,2.0,2
1634,27,65,3,0,3.0,5.0,2.0,0
1635,27,67,1,0,3.0,5.0,2.0,3
1636,27,68,1,1,3.0,5.0,2.0,2
1637,27,70,1,3,3.0,5.0,2.0,1
1638,27,71,0,0,3.0,5.0,2.0,1
1639,27,74,0,1,3.0,5.0,2.0,0
1640,27,76,1,1,3.0,5.0,2.0,0
1641,28,0,2,1,3.0,5.0,2.0,14
1642,28,1,2,0,3.0,5.0,2.0,13
1643,28,2,1,0,3.0,5.0,2.0,14
1644,28,3,0,1,3.0,5.0,2.0,14
1645,28,4,1,0,3.0,5.0,2.0,13
1646,28,5,0,1,3.0,5.0,2.0,13
1647,28,7,1,1,3.0,5.0,2.0,12
1648,28,9,0,0,3.0,5.0,2.0,12
1649,28,10,0,1,3.0,5.0,2.0,11
1650,28,11,1,3,3.0,5.0,2.0,11
1651,28,12,3,0,3.0,5.0,2.0,14
1652,28,13,1,0,3.0,5.0,2.0,10
1653,28,14,0,0,3.0,5.0,2.0,10
1654,28,15,1,1,3.0,5.0,2.0,9
1655,28,16,3,0,3.0,5.0,2.0,13
1656,28,17,0,0,3.0,5.0,2.0,9
1657,28,18,2,0,3.0,5.0,2.0,12
1658,28,19,3,0,3.0,5.0,2.0,12
1659,28,22,2,3,3.0,5.0,2.0,11
1660,28,23,0,3,3.0,5.0,2.0,8
1661,28,24,1,2,3.0,5.0,2.0,8
1662,28,25,2,0,3.0,5.0,2.0,10
1663,28,26,3,3,3.0,5.0,2.0,11
1664,28,27,3,1,3.0,5.0,2.0,10
1665,28,29,2,1,3.0,5.0,2.0,9
1666,28,30,2,0,3.0,5.0,2.0,8
1667,28,31,0,0,3.0,5.0,2.0,7
1668,28,32,3,2,3.0,5.0,2.0,9
1669,28,33,3,0,3.0,5.0,2.0,8
1670,28,34,1,2,3.0,5.0,2.0,7
1671,28,35,2,2,3.0,5.0,2.0,7
1672,28,36,1,0,3.0,5.0,2.0,6
1673,28,38,2,0,3.0,5.0,2.0,6
1674,28,39,2,0,3.0,5.0,2.0,5
1675,28,40,1,0,3.0,5.0,2.0,5
1676,28,41,0,1,3.0,5.0,2.0,6
1677,28,42,0,2,3.0,5.0,2.0,5
1678,28,43,1,2,3.0,5.0,2.0,4
1679,28,44,0,1,3.0,5.0,2.0,4
1680,28,45,0,1,3.0,5.0,2.0,3
1681,28,48,3,0,3.0,5.0,2.0,7
1682,28,50,2,3,3.0,5.0,2.0,4
1683,28,51,3,3,3.0,5.0,2.0,6
1684,28,52,2,2,3.0,5.0,2.0,3
1685,28,53,1,0,3.0,5.0,2.0,3
1686,28,54,2,0,3.0,5.0,2.0,2
1687,28,55,1,1,3.0,5.0,2.0,2
1688,28,56,1,1,3.0,5.0,2.0,1
1689,28,57,1,3,3.0,5.0,2.0,0
1690,28,59,3,0,3.0,5.0,2.0,5
1691,28,60,3,0,3.0,5.0,2.0,4
1692,28,64,2,0,3.0,5.0,2.0,1
1693,28,66,2,0,3.0,5.0,2.0,0
1694,28,67,0,1,3.0,5.0,2.0,2
1695,28,69,3,2,3.0,5.0,2.0,3
1696,28,70,3,2,3.0,5.0,2.0,2
1697,28,71,0,1,3.0,5.0,2.0,1
1698,28,74,0,1,3.0,5.0,2.0,0
1699,28,76,3,1,3.0,5.0,2.0,1
1700,29,2,2,1,3.0,5.0,2.0,14
1701,29,3,3,2,3.0,5.0,2.0,14
1702,29,4,0,0,3.0,5.0,2.0,14
1703,29,6,1,0,3.0,5.0,2.0,14
1704,29,7,2,2,3.0,5.0,2.0,13
1705,29,8,0,0,3.0,5.0,2.0,13
1706,29,9,3,0,3.0,5.0,2.0,13
1707,29,10,3,0,3.0,5.0,2.0,12
1708,29,11,0,1,3.0,5.0,2.0,12
1709,29,13,3,1,3.0,5.0,2.0,11
1710,29,14,1,0,3.0,5.0,2.0,13
1711,29,15,2,2,3.0,5.0,2.0,12
1712,29,16,1,2,3.0,5.0,2.0,12
1713,29,17,2,0,3.0,5.0,2.0,11
1714,29,18,2,1,3.0,5.0,2.0,10
1715,29,19,2,0,3.0,5.0,2.0,9
1716,29,20,0,3,3.0,5.0,2.0,11
1717,29,21,3,1,3.0,5.0,2.0,10
1718,29,22,2,2,3.0,5.0,2.0,8
1719,29,23,3,0,3.0,5.0,2.0,9
1720,29,24,3,0,3.0,5.0,2.0,8
1721,29,25,1,0,3.0,5.0,2.0,11
1722,29,26,3,3,3.0,5.0,2.0,7
1723,29,27,0,3,3.0,5.0,2.0,10
1724,29,30,0,3,3.0,5.0,2.0,9
1725,29,31,2,2,3.0,5.0,2.0,7
1726,29,32,1,2,3.0,5.0,2.0,10
1727,29,33,2,3,3.0,5.0,2.0,6
1728,29,34,3,0,3.0,5.0,2.0,6
1729,29,36,1,1,3.0,5.0,2.0,9
1730,29,37,3,2,3.0,5.0,2.0,5
1731,29,38,0,2,3.0,5.0,2.0,8
1732,29,39,0,1,3.0,5.0,2.0,7
1733,29,40,0,1,3.0,5.0,2.0,6
1734,29,41,3,0,3.0,5.0,2.0,4
1735,29,42,1,2,3.0,5.0,2.0,8
1736,29,43,3,0,3.0,5.0,2.0,3
1737,29,44,3,0,3.0,5.0,2.0,2
1738,29,45,1,2,3.0,5.0,2.0,7
1739,29,46,1,1,3.0,5.0,2.0,6
1740,29,47,0,0,3.0,5.0,2.0,5
1741,29,48,3,1,3.0,5.0,2.0,1
1742,29,49,2,0,3.0,5.0,2.0,5
1743,29,50,1,0,3.0,5.0,2.0,5
1744,29,51,3,3,3.0,5.0,2.0,0
1745,29,52,1,1,3.0,5.0,2.0,4
1746,29,53,2,2,3.0,5.0,2.0,4
1747,29,55,1,2,3.0,5.0,2.0,3
1748,29,56,0,0,3.0,5.0,2.0,4
1749,29,57,1,1,3.0,5.0,2.0,2
1750,29,60,2,3,3.0,5.0,2.0,3
1751,29,61,1,0,3.0,5.0,2.0,1
1752,29,63,0,3,3.0,5.0,2.0,3
1753,29,67,2,0,3.0,5.0,2.0,2
1754,29,68,1,1,3.0,5.0,2.0,0
1755,29,70,2,1,3.0,5.0,2.0,1
1756,29,71,2,1,3.0,5.0,2.0,0
1757,29,78,0,3,3.0,5.0,2.0,2
1758,29,79,0,1,3.0,5.0,2.0,1
