seed,week_number,attendance_rate,purchase_rate,buyer_seller_pair_stability,mean_loyalty_streak,total_revenue,promotion_seller_id,Poor_to_Slow_share,Poor_to_Shigh_share,Middle_to_Slow_share,Middle_to_Shigh_share,Rich_to_Slow_share,Rich_to_Shigh_share
0,0,0.85,0.67,,1.0,204.0,-1,1.0,0.0,0.7142857142857143,0.2857142857142857,0.6666666666666666,0.3333333333333333
0,1,0.84,0.69,0.3958333333333333,1.2753623188405796,176.0,-1,1.0,0.0,0.8947368421052632,0.10526315789473684,0.8,0.2
0,2,0.86,0.73,0.43137254901960786,1.4383561643835616,198.0,-1,1.0,0.0,0.8095238095238095,0.19047619047619047,0.7857142857142857,0.21428571428571427
0,3,0.81,0.64,0.391304347826087,1.5625,200.0,-1,1.0,0.0,0.84,0.16,0.6,0.4
0,4,0.87,0.74,0.37209302325581395,1.527027027027027,193.99999999999997,1,1.0,0.0,0.85,0.15,0.7368421052631579,0.2631578947368421
0,5,0.85,0.72,0.41509433962264153,1.7083333333333333,218.0,-1,1.0,0.0,0.75,0.25,0.625,0.375
0,6,0.78,0.65,0.425531914893617,1.7692307692307692,178.0,-1,1.0,0.0,0.7368421052631579,0.2631578947368421,0.8333333333333334,0.16666666666666666
0,7,0.82,0.69,0.4444444444444444,1.9710144927536233,195.6,3,1.0,0.0,0.8,0.2,0.7333333333333333,0.26666666666666666
0,8,0.9,0.83,0.6,2.253012048192771,234.0,-1,1.0,0.0,0.9333333333333333,0.06666666666666667,0.6666666666666666,0.3333333333333333
0,9,0.87,0.72,0.41379310344827586,2.0555555555555554,178.0,-1,1.0,0.0,0.9047619047619048,0.09523809523809523,0.9090909090909091,0.09090909090909091
0,10,0.83,0.71,0.4117647058823529,1.9859154929577465,212.0,-1,1.0,0.0,0.7222222222222222,0.2777777777777778,0.7368421052631579,0.2631578947368421
0,11,0.84,0.73,0.45454545454545453,1.8904109589041096,216.0,-1,1.0,0.0,0.6842105263157895,0.3157894736842105,0.7058823529411765,0.29411764705882354
0,12,0.84,0.68,0.3829787234042553,2.0294117647058822,196.0,-1,1.0,0.0,0.7894736842105263,0.21052631578947367,0.6875,0.3125
0,13,0.85,0.65,0.5434782608695652,2.3384615384615386,188.0,-1,1.0,0.0,0.7058823529411765,0.29411764705882354,0.8125,0.1875
0,14,0.83,0.73,0.5294117647058824,2.3013698630136985,218.0,-1,1.0,0.0,0.6666666666666666,0.3333333333333333,0.7894736842105263,0.21052631578947367
0,15,0.77,0.7,0.44,2.0714285714285716,208.0,-1,1.0,0.0,0.631578947368421,0.3684210526315789,0.7647058823529411,0.23529411764705882
0,16,0.87,0.77,0.3333333333333333,1.9870129870129871,213.8,4,1.0,0.0,0.6521739130434783,0.34782608695652173,0.6428571428571429,0.35714285714285715
0,17,0.81,0.66,0.5,2.015151515151515,174.0,-1,1.0,0.0,0.8421052631578947,0.15789473684210525,0.8181818181818182,0.18181818181818182
0,18,0.81,0.67,0.3111111111111111,1.626865671641791,202.60000000000002,3,1.0,0.0,0.6521739130434783,0.34782608695652173,0.5882352941176471,0.4117647058823529
0,19,0.82,0.7,0.4888888888888889,2.057142857142857,187.79999999999998,1,1.0,0.0,0.8260869565217391,0.17391304347826086,0.6428571428571429,0.35714285714285715
0,20,0.84,0.69,0.5192307692307693,1.9565217391304348,188.0,-1,1.0,0.0,0.8888888888888888,0.1111111111111111,0.5833333333333334,0.4166666666666667
0,21,0.79,0.65,0.40816326530612246,1.7384615384615385,194.0,-1,1.0,0.0,0.8695652173913043,0.13043478260869565,0.6875,0.3125
1,0,0.84,0.56,,1.0,178.0,-1,1.0,0.0,0.7727272727272727,0.22727272727272727,0.6923076923076923,0.3076923076923077
1,1,0.88,0.64,0.2222222222222222,1.125,202.0,-1,1.0,0.0,0.7894736842105263,0.21052631578947367,0.7619047619047619,0.23809523809523808
1,2,0.85,0.71,0.3958333333333333,1.408450704225352,206.0,-1,1.0,0.0,0.6666666666666666,0.3333333333333333,0.7333333333333333,0.26666666666666666
1,3,0.89,0.64,0.4444444444444444,1.59375,204.0,-1,1.0,0.0,0.7619047619047619,0.23809523809523808,0.6666666666666666,0.3333333333333333
1,4,0.83,0.66,0.5909090909090909,1.7727272727272727,200.0,-1,1.0,0.0,0.8421052631578947,0.15789473684210525,0.5333333333333333,0.4666666666666667
1,5,0.85,0.7,0.4489795918367347,1.8428571428571427,212.0,-1,1.0,0.0,0.7619047619047619,0.23809523809523808,0.6666666666666666,0.3333333333333333
1,6,0.87,0.77,0.4727272727272727,1.844155844155844,221.0,4,1.0,0.0,0.68,0.32,0.6923076923076923,0.3076923076923077
1,7,0.91,0.68,0.4339622641509434,2.0588235294117645,188.0,-1,1.0,0.0,0.6428571428571429,0.35714285714285715,0.8125,0.1875
1,8,0.86,0.73,0.3888888888888889,1.8630136986301369,220.0,-1,1.0,0.0,0.72,0.28,0.75,0.25
1,9,0.83,0.74,0.47368421052631576,1.837837837837838,198.0,2,1.0,0.0,0.8260869565217391,0.17391304347826086,0.75,0.25
1,10,0.84,0.7,0.4489795918367347,1.9,214.0,-1,1.0,0.0,0.75,0.25,0.6428571428571429,0.35714285714285715
1,11,0.85,0.73,0.43137254901960786,1.7945205479452055,214.0,-1,1.0,0.0,0.8,0.2,0.7368421052631579,0.2631578947368421
1,12,0.86,0.69,0.32,1.6231884057971016,186.0,-1,1.0,0.0,0.4666666666666667,0.5333333333333333,0.5714285714285714,0.42857142857142855
1,13,0.87,0.72,0.34615384615384615,1.7083333333333333,216.0,-1,1.0,0.0,0.896551724137931,0.10344827586206896,0.7058823529411765,0.29411764705882354
1,14,0.81,0.65,0.5106382978723404,1.9076923076923078,200.0,-1,1.0,0.0,0.7916666666666666,0.20833333333333334,0.6,0.4
1,15,0.86,0.74,0.425531914893617,1.8108108108108107,202.0,-1,1.0,0.0,0.8846153846153846,0.11538461538461539,0.6,0.4
1,16,0.85,0.71,0.39285714285714285,1.9295774647887325,216.0,-1,1.0,0.0,0.8846153846153846,0.11538461538461539,0.75,0.25
1,17,0.83,0.68,0.4489795918367347,2.0294117647058822,180.0,-1,1.0,0.0,0.9583333333333334,0.041666666666666664,0.8666666666666667,0.13333333333333333
1,18,0.88,0.74,0.4166666666666667,1.9864864864864864,222.0,-1,1.0,0.0,0.7916666666666666,0.20833333333333334,0.6666666666666666,0.3333333333333333
1,19,0.81,0.69,0.47058823529411764,2.0579710144927534,186.0,-1,1.0,0.0,0.9047619047619048,0.09523809523809523,0.6153846153846154,0.38461538461538464
1,20,0.82,0.72,0.6,2.3333333333333335,187.79999999999998,2,1.0,0.0,0.8695652173913043,0.13043478260869565,0.6923076923076923,0.3076923076923077
1,21,0.84,0.69,0.3,2.0434782608695654,212.0,-1,1.0,0.0,0.6666666666666666,0.3333333333333333,0.625,0.375
2,0,0.84,0.68,,1.0,208.0,-1,1.0,0.0,0.631578947368421,0.3684210526315789,0.6,0.4
2,1,0.85,0.67,0.3,1.2238805970149254,200.0,-1,1.0,0.0,0.8,0.2,0.5,0.5
2,2,0.8,0.64,0.4583333333333333,1.46875,170.0,-1,1.0,0.0,0.8260869565217391,0.17391304347826086,0.875,0.125
2,3,0.8,0.6,0.47058823529411764,1.5833333333333333,170.0,-1,1.0,0.0,0.8235294117647058,0.17647058823529413,0.7647058823529411,0.23529411764705882
2,4,0.9,0.75,0.391304347826087,1.6,206.0,-1,1.0,0.0,0.75,0.25,0.8333333333333334,0.16666666666666666
2,5,0.89,0.73,0.42857142857142855,1.7534246575342465,220.0,-1,1.0,0.0,0.7727272727272727,0.22727272727272727,0.7368421052631579,0.2631578947368421
2,6,0.87,0.65,0.40425531914893614,1.8153846153846154,159.99999999999997,1,1.0,0.0,0.9047619047619048,0.09523809523809523,0.6923076923076923,0.3076923076923077
2,7,0.84,0.68,0.5319148936170213,1.9264705882352942,212.0,-1,1.0,0.0,0.8333333333333334,0.16666666666666666,0.75,0.25
2,8,0.85,0.77,0.56,2.25974025974026,192.0,-1,1.0,0.0,0.8823529411764706,0.11764705882352941,0.8333333333333334,0.16666666666666666
2,9,0.85,0.78,0.4032258064516129,1.9487179487179487,237.4,3,1.0,0.0,0.6538461538461539,0.34615384615384615,0.7368421052631579,0.2631578947368421
2,10,0.88,0.71,0.32727272727272727,1.8028169014084507,208.0,-1,1.0,0.0,0.8461538461538461,0.15384615384615385,0.75,0.25
2,11,0.81,0.67,0.425531914893617,2.1343283582089554,188.8,3,1.0,0.0,0.8214285714285714,0.17857142857142858,0.8333333333333334,0.16666666666666666
2,12,0.91,0.72,0.40425531914893614,1.7638888888888888,222.0,-1,1.0,0.0,0.90625,0.09375,0.7222222222222222,0.2777777777777778
2,13,0.85,0.65,0.3541666666666667,1.8307692307692307,186.0,-1,1.0,0.0,0.8888888888888888,0.1111111111111111,0.7777777777777778,0.2222222222222222
2,14,0.83,0.66,0.34146341463414637,1.9242424242424243,186.8,3,1.0,0.0,0.8,0.2,0.7333333333333333,0.26666666666666666
2,15,0.82,0.63,0.35,1.873015873015873,166.0,-1,1.0,0.0,0.9545454545454546,0.045454545454545456,0.6666666666666666,0.3333333333333333
2,16,0.87,0.7,0.4888888888888889,1.7857142857142858,190.0,-1,1.0,0.0,0.8636363636363636,0.13636363636363635,0.8571428571428571,0.14285714285714285
2,17,0.91,0.75,0.4339622641509434,1.8533333333333333,228.0,-1,1.0,0.0,0.8260869565217391,0.17391304347826086,0.7,0.3
2,18,0.86,0.75,0.4482758620689655,2.0,214.0,-1,1.0,0.0,0.8333333333333334,0.16666666666666666,0.6428571428571429,0.35714285714285715
2,19,0.86,0.64,0.46,2.015625,174.0,-1,1.0,0.0,0.8571428571428571,0.14285714285714285,0.7857142857142857,0.21428571428571427
2,20,0.87,0.65,0.4523809523809524,1.8307692307692307,182.0,-1,1.0,0.0,0.8235294117647058,0.17647058823529413,0.8421052631578947,0.15789473684210525
2,21,0.81,0.67,0.4772727272727273,1.9402985074626866,202.0,-1,1.0,0.0,0.6470588235294118,0.35294117647058826,0.7058823529411765,0.29411764705882354
3,0,0.85,0.64,,1.0,173.39999999999998,1,1.0,0.0,0.6842105263157895,0.3157894736842105,0.7333333333333333,0.26666666666666666
3,1,0.87,0.73,0.3333333333333333,1.2328767123287672,222.0,-1,1.0,0.0,0.75,0.25,0.7222222222222222,0.2777777777777778
3,2,0.92,0.68,0.39215686274509803,1.411764705882353,216.0,-1,1.0,0.0,0.65,0.35,0.6666666666666666,0.3333333333333333
3,3,0.88,0.67,0.4489795918367347,1.671641791044776,188.0,-1,1.0,0.0,0.9,0.1,0.7647058823529411,0.23529411764705882
3,4,0.87,0.74,0.4117647058823529,1.7837837837837838,212.0,-1,1.0,0.0,0.6666666666666666,0.3333333333333333,0.7142857142857143,0.2857142857142857
3,5,0.88,0.73,0.3448275862068966,1.8767123287671232,218.0,-1,1.0,0.0,0.8636363636363636,0.13636363636363635,0.5625,0.4375
3,6,0.83,0.68,0.4166666666666667,1.7647058823529411,190.0,-1,1.0,0.0,0.9130434782608695,0.08695652173913043,0.5555555555555556,0.4444444444444444
3,7,0.79,0.63,0.5,1.9047619047619047,192.0,-1,1.0,0.0,0.8181818181818182,0.18181818181818182,0.6428571428571429,0.35714285714285715
3,8,0.9,0.74,0.3333333333333333,1.7027027027027026,200.0,-1,1.0,0.0,0.8181818181818182,0.18181818181818182,0.8,0.2
3,9,0.82,0.73,0.3090909090909091,1.63013698630137,210.0,-1,1.0,0.0,0.8181818181818182,0.18181818181818182,0.625,0.375
3,10,0.82,0.67,0.5555555555555556,1.9253731343283582,194.0,-1,1.0,0.0,0.92,0.08,0.5384615384615384,0.46153846153846156
3,11,0.86,0.75,0.4166666666666667,1.88,203.39999999999998,1,1.0,0.0,0.8,0.2,0.5625,0.4375
3,12,0.81,0.68,0.42857142857142855,1.911764705882353,188.0,-1,1.0,0.0,0.6818181818181818,0.3181818181818182,0.8888888888888888,0.1111111111111111
3,13,0.83,0.69,0.42857142857142855,1.7826086956521738,186.0,-1,1.0,0.0,0.8181818181818182,0.18181818181818182,0.75,0.25
3,14,0.8,0.65,0.35555555555555557,2.0307692307692307,190.0,-1,1.0,0.0,0.875,0.125,0.7142857142857143,0.2857142857142857
3,15,0.87,0.65,0.5609756097560976,1.9384615384615385,180.0,-1,1.0,0.0,0.7222222222222222,0.2777777777777778,0.6363636363636364,0.36363636363636365
3,16,0.83,0.66,0.6046511627906976,2.3181818181818183,188.0,-1,1.0,0.0,0.6923076923076923,0.3076923076923077,0.7333333333333333,0.26666666666666666
3,17,0.8,0.63,0.4634146341463415,2.1587301587301586,174.39999999999998,1,1.0,0.0,0.75,0.25,0.5384615384615384,0.46153846153846156
3,18,0.8,0.65,0.47368421052631576,2.2153846153846155,168.0,-1,1.0,0.0,0.9230769230769231,0.07692307692307693,0.8888888888888888,0.1111111111111111
3,19,0.84,0.67,0.45652173913043476,2.1194029850746268,202.0,-1,1.0,0.0,0.5555555555555556,0.4444444444444444,0.7142857142857143,0.2857142857142857
3,20,0.88,0.75,0.37254901960784315,2.1866666666666665,212.0,-1,1.0,0.0,0.95,0.05,0.7619047619047619,0.23809523809523808
3,21,0.83,0.73,0.509090909090909,2.1095890410958904,206.0,-1,1.0,0.0,0.8260869565217391,0.17391304347826086,0.7142857142857143,0.2857142857142857
4,0,0.87,0.69,,1.0,220.0,-1,1.0,0.0,0.6842105263157895,0.3157894736842105,0.5555555555555556,0.4444444444444444
4,1,0.85,0.68,0.4375,1.3088235294117647,198.0,-1,1.0,0.0,0.75,0.25,0.75,0.25
4,2,0.77,0.61,0.4883720930232558,1.5573770491803278,182.0,-1,1.0,0.0,0.84,0.16,0.6,0.4
4,3,0.9,0.73,0.4772727272727273,1.6575342465753424,222.0,-1,1.0,0.0,0.7272727272727273,0.2727272727272727,0.6,0.4
4,4,0.85,0.73,0.44,1.6986301369863013,214.0,-1,1.0,0.0,0.8846153846153846,0.11538461538461539,0.7894736842105263,0.21052631578947367
4,5,0.9,0.76,0.36065573770491804,1.6973684210526316,206.79999999999998,0,1.0,0.0,0.7692307692307693,0.23076923076923078,0.7222222222222222,0.2777777777777778
4,6,0.85,0.73,0.4576271186440678,1.8493150684931507,210.0,-1,1.0,0.0,0.9230769230769231,0.07692307692307693,0.7222222222222222,0.2777777777777778
4,7,0.84,0.69,0.38461538461538464,1.9130434782608696,200.0,-1,1.0,0.0,0.8260869565217391,0.17391304347826086,0.5833333333333334,0.4166666666666667
4,8,0.9,0.7,0.35294117647058826,2.0142857142857142,210.0,-1,1.0,0.0,0.7916666666666666,0.20833333333333334,0.6666666666666666,0.3333333333333333
4,9,0.86,0.67,0.3111111111111111,2.0,198.0,-1,1.0,0.0,0.7368421052631579,0.2631578947368421,0.7058823529411765,0.29411764705882354
4,10,0.92,0.76,0.39622641509433965,1.855263157894737,189.39999999999998,1,1.0,0.0,0.8888888888888888,0.1111111111111111,0.8,0.2
4,11,0.84,0.68,0.2830188679245283,1.661764705882353,196.0,-1,1.0,0.0,0.6842105263157895,0.3157894736842105,0.7333333333333333,0.26666666666666666
4,12,0.85,0.72,0.36,1.8194444444444444,218.0,-1,1.0,0.0,0.9259259259259259,0.07407407407407407,0.6470588235294118,0.35294117647058826
4,13,0.85,0.7,0.46153846153846156,1.9285714285714286,203.0,4,1.0,0.0,0.88,0.12,0.6,0.4
4,14,0.84,0.68,0.44,2.0441176470588234,200.0,-1,1.0,0.0,0.8,0.2,0.7058823529411765,0.29411764705882354
4,15,0.87,0.75,0.5,2.04,201.2,1,1.0,0.0,0.7222222222222222,0.2777777777777778,0.75,0.25
4,16,0.82,0.72,0.36538461538461536,2.0833333333333335,222.0,-1,1.0,0.0,0.9230769230769231,0.07692307692307693,0.6818181818181818,0.3181818181818182
4,17,0.86,0.69,0.2978723404255319,1.681159420289855,198.0,-1,1.0,0.0,0.8947368421052632,0.10526315789473684,0.75,0.25
4,18,0.88,0.73,0.38461538461538464,1.8904109589041096,210.0,-1,1.0,0.0,0.7222222222222222,0.2777777777777778,0.7333333333333333,0.26666666666666666
4,19,0.85,0.71,0.43137254901960786,1.8169014084507042,194.0,-1,1.0,0.0,0.75,0.25,0.6363636363636364,0.36363636363636365
4,20,0.8,0.65,0.375,1.5846153846153845,204.0,-1,1.0,0.0,0.6,0.4,0.5625,0.4375
4,21,0.89,0.8,0.39215686274509803,1.9625,218.79999999999998,1,1.0,0.0,0.782608695652174,0.21739130434782608,0.7,0.3
5,0,0.91,0.71,,1.0,213.4,4,1.0,0.0,0.6363636363636364,0.36363636363636365,0.5625,0.4375
5,1,0.89,0.73,0.4,1.3013698630136987,220.6,4,1.0,0.0,0.7692307692307693,0.23076923076923078,0.7058823529411765,0.29411764705882354
5,2,0.85,0.64,0.4117647058823529,1.5,172.6,3,1.0,0.0,0.8571428571428571,0.14285714285714285,0.7857142857142857,0.21428571428571427
5,3,0.86,0.68,0.34782608695652173,1.4852941176470589,188.0,-1,1.0,0.0,0.8947368421052632,0.10526315789473684,0.7777777777777778,0.2222222222222222
5,4,0.85,0.63,0.43902439024390244,1.6349206349206349,188.0,-1,1.0,0.0,0.7777777777777778,0.2222222222222222,0.5714285714285714,0.42857142857142855
5,5,0.81,0.68,0.391304347826087,1.6470588235294117,203.8,3,1.0,0.0,0.631578947368421,0.3684210526315789,0.6842105263157895,0.3157894736842105
5,6,0.91,0.76,0.4528301886792453,1.8289473684210527,200.0,-1,1.0,0.0,1.0,0.0,0.7647058823529411,0.23529411764705882
5,7,0.88,0.76,0.4915254237288136,1.9736842105263157,224.0,-1,1.0,0.0,0.7727272727272727,0.22727272727272727,0.7368421052631579,0.2631578947368421
5,8,0.84,0.7,0.41509433962264153,1.7857142857142858,190.0,-1,1.0,0.0,0.8125,0.1875,0.6923076923076923,0.3076923076923077
5,9,0.77,0.63,0.4782608695652174,1.9047619047619047,190.0,-1,1.0,0.0,0.65,0.35,0.6,0.4
5,10,0.85,0.71,0.36363636363636365,1.7605633802816902,178.79999999999998,0,1.0,0.0,0.7727272727272727,0.22727272727272727,0.6666666666666666,0.3333333333333333
5,11,0.76,0.6,0.38095238095238093,1.7666666666666666,170.79999999999998,0,1.0,0.0,0.8,0.2,0.7647058823529411,0.23529411764705882
5,12,0.72,0.64,0.32432432432432434,1.78125,210.0,-1,1.0,0.0,0.7222222222222222,0.2777777777777778,0.65,0.35
5,13,0.85,0.71,0.4375,1.9014084507042253,206.0,-1,1.0,0.0,0.782608695652174,0.21739130434782608,0.7333333333333333,0.26666666666666666
5,14,0.86,0.72,0.5098039215686274,1.9722222222222223,214.0,-1,1.0,0.0,0.6956521739130435,0.30434782608695654,0.7333333333333333,0.26666666666666666
5,15,0.84,0.71,0.4230769230769231,2.0,194.0,-1,1.0,0.0,0.7894736842105263,0.21052631578947367,0.8,0.2
5,16,0.79,0.67,0.3469387755102041,1.7313432835820894,194.0,-1,1.0,0.0,0.7,0.3,0.7857142857142857,0.21428571428571427
5,17,0.87,0.7,0.4,2.157142857142857,198.0,-1,1.0,0.0,0.7619047619047619,0.23809523809523808,0.8,0.2
5,18,0.81,0.72,0.46153846153846156,1.875,234.0,-1,1.0,0.0,0.65,0.35,0.5555555555555556,0.4444444444444444
5,19,0.9,0.75,0.48214285714285715,2.066666666666667,192.0,-1,1.0,0.0,0.875,0.125,0.7,0.3
5,20,0.85,0.66,0.5,2.212121212121212,190.0,-1,1.0,0.0,0.7894736842105263,0.21052631578947367,0.75,0.25
5,21,0.88,0.74,0.3673469387755102,2.0675675675675675,228.0,-1,1.0,0.0,0.7,0.3,0.6111111111111112,0.3888888888888889
6,0,0.86,0.62,,1.0,158.59999999999997,1,1.0,0.0,0.8695652173913043,0.13043478260869565,0.7142857142857143,0.2857142857142857
6,1,0.85,0.69,0.4222222222222222,1.2753623188405796,222.0,-1,1.0,0.0,0.8333333333333334,0.16666666666666666,0.7083333333333334,0.2916666666666667
6,2,0.87,0.75,0.4339622641509434,1.52,222.0,-1,1.0,0.0,0.8333333333333334,0.16666666666666666,0.6470588235294118,0.35294117647058826
6,3,0.82,0.71,0.3673469387755102,1.5211267605633803,184.79999999999998,0,1.0,0.0,0.85,0.15,0.7058823529411765,0.29411764705882354
6,4,0.87,0.67,0.48,1.6567164179104477,202.79999999999998,0,1.0,0.0,0.8214285714285714,0.17857142857142858,0.6111111111111112,0.3888888888888889
6,5,0.86,0.7,0.3541666666666667,1.6142857142857143,208.99999999999997,0,1.0,0.0,0.6363636363636364,0.36363636363636365,0.6111111111111112,0.3888888888888889
6,6,0.81,0.72,0.46,1.6388888888888888,192.0,-1,1.0,0.0,0.7368421052631579,0.2631578947368421,0.7272727272727273,0.2727272727272727
6,7,0.85,0.76,0.4339622641509434,1.7763157894736843,210.0,-1,1.0,0.0,0.8888888888888888,0.1111111111111111,0.7333333333333333,0.26666666666666666
6,8,0.83,0.65,0.36538461538461536,1.6307692307692307,190.0,-1,1.0,0.0,0.7894736842105263,0.21052631578947367,0.8235294117647058,0.17647058823529413
6,9,0.8,0.67,0.3333333333333333,1.6417910447761195,200.0,-1,1.0,0.0,0.896551724137931,0.10344827586206896,0.6923076923076923,0.3076923076923077
6,10,0.81,0.65,0.5777777777777777,1.9538461538461538,190.0,-1,1.0,0.0,0.8636363636363636,0.13636363636363635,0.7333333333333333,0.26666666666666666
6,11,0.83,0.7,0.43478260869565216,1.8142857142857143,216.0,-1,1.0,0.0,0.8461538461538461,0.15384615384615385,0.6666666666666666,0.3333333333333333
6,12,0.79,0.63,0.2857142857142857,1.7301587301587302,178.0,-1,1.0,0.0,0.85,0.15,0.6923076923076923,0.3076923076923077
6,13,0.84,0.65,0.4358974358974359,1.9692307692307693,184.0,-1,1.0,0.0,0.8333333333333334,0.16666666666666666,0.6923076923076923,0.3076923076923077
6,14,0.88,0.73,0.4583333333333333,2.0547945205479454,228.0,-1,1.0,0.0,0.8076923076923077,0.19230769230769232,0.7,0.3
6,15,0.8,0.68,0.32653061224489793,1.7058823529411764,188.0,-1,1.0,0.0,0.8421052631578947,0.15789473684210525,0.7142857142857143,0.2857142857142857
6,16,0.81,0.66,0.5869565217391305,2.1818181818181817,192.0,-1,1.0,0.0,0.8,0.2,0.6666666666666666,0.3333333333333333
6,17,0.88,0.8,0.48214285714285715,2.125,218.0,-1,1.0,0.0,1.0,0.0,0.7142857142857143,0.2857142857142857
6,18,0.79,0.66,0.5087719298245614,2.0454545454545454,176.0,-1,1.0,0.0,0.8571428571428571,0.14285714285714285,0.6666666666666666,0.3333333333333333
6,19,0.82,0.75,0.49019607843137253,2.1066666666666665,250.0,-1,1.0,0.0,0.7407407407407407,0.25925925925925924,0.6818181818181818,0.3181818181818182
6,20,0.89,0.78,0.5087719298245614,2.08974358974359,198.59999999999997,0,1.0,0.0,0.8333333333333334,0.16666666666666666,0.7142857142857143,0.2857142857142857
6,21,0.83,0.66,0.4117647058823529,2.1363636363636362,206.0,-1,1.0,0.0,0.7916666666666666,0.20833333333333334,0.7222222222222222,0.2777777777777778
7,0,0.9,0.74,,1.0,194.0,-1,1.0,0.0,0.85,0.15,0.7692307692307693,0.23076923076923078
7,1,0.83,0.59,0.30434782608695654,1.2372881355932204,200.0,-1,1.0,0.0,0.7777777777777778,0.2222222222222222,0.6875,0.3125
7,2,0.85,0.71,0.37777777777777777,1.4647887323943662,220.0,-1,1.0,0.0,0.8260869565217391,0.17391304347826086,0.6842105263157895,0.3157894736842105
7,3,0.79,0.64,0.45652173913043476,1.640625,196.0,-1,1.0,0.0,0.8333333333333334,0.16666666666666666,0.6842105263157895,0.3157894736842105
7,4,0.89,0.7,0.5,1.8142857142857143,188.0,-1,1.0,0.0,0.8571428571428571,0.14285714285714285,0.7692307692307693,0.23076923076923078
7,5,0.86,0.71,0.37254901960784315,1.704225352112676,222.0,-1,1.0,0.0,0.8695652173913043,0.13043478260869565,0.5263157894736842,0.47368421052631576
7,6,0.79,0.64,0.3695652173913043,1.875,202.0,-1,1.0,0.0,0.8636363636363636,0.13636363636363635,0.5294117647058824,0.47058823529411764
7,7,0.85,0.66,0.3695652173913043,1.6666666666666667,202.0,-1,1.0,0.0,0.782608695652174,0.21739130434782608,0.7058823529411765,0.29411764705882354
7,8,0.85,0.72,0.5192307692307693,1.9444444444444444,206.0,-1,1.0,0.0,0.7619047619047619,0.23809523809523808,0.6666666666666666,0.3333333333333333
7,9,0.89,0.73,0.37735849056603776,1.6575342465753424,210.0,-1,1.0,0.0,0.8695652173913043,0.13043478260869565,0.6875,0.3125
7,10,0.85,0.72,0.4230769230769231,1.8888888888888888,201.6,0,1.0,0.0,0.7391304347826086,0.2608695652173913,0.6,0.4
7,11,0.85,0.76,0.49056603773584906,1.868421052631579,238.0,-1,1.0,0.0,0.6818181818181818,0.3181818181818182,0.6111111111111112,0.3888888888888889
7,12,0.84,0.7,0.4339622641509434,1.9,202.0,-1,1.0,0.0,0.4,0.6,0.7692307692307693,0.23076923076923078
7,13,0.81,0.7,0.5,1.8571428571428572,232.0,-1,1.0,0.0,0.88,0.12,0.5714285714285714,0.42857142857142855
7,14,0.83,0.72,0.47058823529411764,1.875,205.2,4,1.0,0.0,0.7272727272727273,0.2727272727272727,0.6875,0.3125
7,15,0.84,0.75,0.4107142857142857,1.8933333333333333,220.0,-1,1.0,0.0,0.65,0.35,0.7647058823529411,0.23529411764705882
7,16,0.86,0.68,0.49019607843137253,2.2794117647058822,208.0,-1,1.0,0.0,0.7894736842105263,0.21052631578947367,0.6666666666666666,0.3333333333333333
7,17,0.83,0.67,0.4,2.2388059701492535,184.0,-1,1.0,0.0,0.8421052631578947,0.15789473684210525,0.6923076923076923,0.3076923076923077
7,18,0.83,0.66,0.47619047619047616,2.1818181818181817,198.0,-1,1.0,0.0,0.6666666666666666,0.3333333333333333,0.7333333333333333,0.26666666666666666
7,19,0.85,0.61,0.41025641025641024,2.1639344262295084,182.0,-1,1.0,0.0,0.6153846153846154,0.38461538461538464,0.5384615384615384,0.46153846153846156
7,20,0.82,0.68,0.4,2.235294117647059,200.0,-1,1.0,0.0,0.9130434782608695,0.08695652173913043,0.6470588235294118,0.35294117647058826
7,21,0.9,0.69,0.46296296296296297,2.347826086956522,212.0,-1,1.0,0.0,0.875,0.125,0.7,0.3
8,0,0.93,0.73,,1.0,208.0,-1,1.0,0.0,0.7222222222222222,0.2777777777777778,0.7368421052631579,0.2631578947368421
8,1,0.82,0.69,0.36538461538461536,1.2753623188405796,200.0,-1,1.0,0.0,0.68,0.32,0.8,0.2
8,2,0.87,0.71,0.4230769230769231,1.5070422535211268,210.0,-1,1.0,0.0,0.65,0.35,0.8125,0.1875
8,3,0.84,0.69,0.5,1.826086956521739,186.0,-1,1.0,0.0,0.8421052631578947,0.15789473684210525,0.8888888888888888,0.1111111111111111
8,4,0.82,0.71,0.38461538461538464,1.8873239436619718,219.0,2,1.0,0.0,0.6,0.4,0.6111111111111112,0.3888888888888889
8,5,0.87,0.71,0.46938775510204084,1.8169014084507042,192.0,-1,1.0,0.0,0.8636363636363636,0.13636363636363635,0.6363636363636364,0.36363636363636365
8,6,0.85,0.72,0.3333333333333333,1.7083333333333333,226.0,-1,1.0,0.0,0.6875,0.3125,0.6956521739130435,0.30434782608695654
8,7,0.83,0.67,0.4782608695652174,2.014925373134328,203.4,4,1.0,0.0,0.8461538461538461,0.15384615384615385,0.6666666666666666,0.3333333333333333
8,8,0.82,0.68,0.4339622641509434,2.1323529411764706,206.0,-1,1.0,0.0,0.6,0.4,0.6875,0.3125
8,9,0.89,0.73,0.4,2.0684931506849313,206.0,-1,1.0,0.0,0.7894736842105263,0.21052631578947367,0.7058823529411765,0.29411764705882354
8,10,0.84,0.66,0.4489795918367347,2.0757575757575757,190.0,-1,1.0,0.0,0.85,0.15,0.6428571428571429,0.35714285714285715
8,11,0.83,0.74,0.40384615384615385,2.324324324324324,194.0,-1,1.0,0.0,0.7368421052631579,0.2631578947368421,0.9090909090909091,0.09090909090909091
8,12,0.92,0.81,0.38095238095238093,2.074074074074074,228.0,-1,1.0,0.0,0.7916666666666666,0.20833333333333334,0.7647058823529411,0.23529411764705882
8,13,0.85,0.64,0.42592592592592593,2.015625,168.0,-1,1.0,0.0,0.8235294117647058,0.17647058823529413,0.8333333333333334,0.16666666666666666
8,14,0.84,0.72,0.5909090909090909,2.3472222222222223,228.0,-1,1.0,0.0,0.7619047619047619,0.23809523809523808,0.75,0.25
8,15,0.85,0.67,0.4166666666666667,2.1492537313432836,218.0,-1,1.0,0.0,0.8214285714285714,0.17857142857142858,0.75,0.25
8,16,0.83,0.69,0.425531914893617,2.0869565217391304,200.0,-1,1.0,0.0,0.8846153846153846,0.11538461538461539,0.7142857142857143,0.2857142857142857
8,17,0.85,0.7,0.46808510638297873,1.9857142857142858,192.0,-1,1.0,0.0,0.8235294117647058,0.17647058823529413,0.6875,0.3125
8,18,0.85,0.73,0.39622641509433965,2.1780821917808217,220.0,-1,1.0,0.0,0.92,0.08,0.5625,0.4375
8,19,0.85,0.69,0.48,2.1449275362318843,178.0,-1,1.0,0.0,0.9090909090909091,0.09090909090909091,0.8461538461538461,0.15384615384615385
8,20,0.84,0.71,0.4166666666666667,1.8309859154929577,210.0,-1,1.0,0.0,0.7142857142857143,0.2857142857142857,0.6153846153846154,0.38461538461538464
8,21,0.81,0.72,0.47058823529411764,2.0972222222222223,222.0,-1,1.0,0.0,0.6666666666666666,0.3333333333333333,0.6190476190476191,0.38095238095238093
9,0,0.87,0.68,,1.0,192.0,-1,1.0,0.0,0.631578947368421,0.3684210526315789,0.7,0.3
9,1,0.88,0.68,0.40816326530612246,1.2941176470588236,194.0,-1,1.0,0.0,0.6666666666666666,0.3333333333333333,0.7142857142857143,0.2857142857142857
9,2,0.9,0.71,0.44,1.4507042253521127,230.0,-1,1.0,0.0,0.6956521739130435,0.30434782608695654,0.7272727272727273,0.2727272727272727
9,3,0.82,0.68,0.4375,1.5588235294117647,198.0,4,1.0,0.0,0.6666666666666666,0.3333333333333333,0.5833333333333334,0.4166666666666667
9,4,0.82,0.68,0.3409090909090909,1.4852941176470589,208.0,-1,1.0,0.0,0.7,0.3,0.625,0.375
9,5,0.87,0.67,0.4375,1.6865671641791045,188.0,-1,1.0,0.0,0.8518518518518519,0.14814814814814814,0.8181818181818182,0.18181818181818182
9,6,0.85,0.68,0.391304347826087,1.6764705882352942,220.2,3,1.0,0.0,0.625,0.375,0.6111111111111112,0.3888888888888889
9,7,0.86,0.74,0.39215686274509803,1.7432432432432432,212.0,-1,1.0,0.0,0.6190476190476191,0.38095238095238093,0.7272727272727273,0.2727272727272727
9,8,0.86,0.74,0.37735849056603776,1.7972972972972974,222.0,-1,1.0,0.0,0.8888888888888888,0.1111111111111111,0.6363636363636364,0.36363636363636365
9,9,0.81,0.69,0.37735849056603776,1.7971014492753623,176.6,2,1.0,0.0,0.7619047619047619,0.23809523809523808,0.6666666666666666,0.3333333333333333
9,10,0.87,0.68,0.3111111111111111,1.6029411764705883,218.0,-1,1.0,0.0,0.7391304347826086,0.2608695652173913,0.6842105263157895,0.3157894736842105
9,11,0.86,0.72,0.46153846153846156,1.7916666666666667,188.6,4,1.0,0.0,0.875,0.125,0.7857142857142857,0.21428571428571427
9,12,0.83,0.7,0.4230769230769231,1.7714285714285714,208.0,2,1.0,0.0,0.7083333333333334,0.2916666666666667,0.6,0.4
9,13,0.84,0.74,0.38,1.7972972972972974,198.0,-1,1.0,0.0,0.5882352941176471,0.4117647058823529,0.6666666666666666,0.3333333333333333
9,14,0.82,0.74,0.5272727272727272,1.9864864864864864,216.0,-1,1.0,0.0,0.85,0.15,0.6842105263157895,0.3157894736842105
9,15,0.87,0.72,0.4339622641509434,2.0972222222222223,196.0,-1,1.0,0.0,0.65,0.35,0.9230769230769231,0.07692307692307693
9,16,0.81,0.68,0.4117647058823529,2.1029411764705883,198.0,-1,1.0,0.0,0.7647058823529411,0.23529411764705882,0.7894736842105263,0.21052631578947367
9,17,0.83,0.66,0.38636363636363635,1.9848484848484849,194.0,-1,1.0,0.0,0.65,0.35,0.6,0.4
9,18,0.76,0.66,0.475,2.090909090909091,202.0,-1,1.0,0.0,0.8260869565217391,0.17391304347826086,0.7058823529411765,0.29411764705882354
9,19,0.83,0.62,0.4186046511627907,1.903225806451613,186.0,-1,1.0,0.0,0.6666666666666666,0.3333333333333333,0.7222222222222222,0.2777777777777778
9,20,0.77,0.64,0.34146341463414637,1.515625,192.0,-1,1.0,0.0,0.65,0.35,0.6923076923076923,0.3076923076923077
9,21,0.78,0.6,0.28205128205128205,1.75,154.0,-1,1.0,0.0,0.8333333333333334,0.16666666666666666,0.75,0.25
10,0,0.82,0.65,,1.0,187.2,3,1.0,0.0,0.782608695652174,0.21739130434782608,0.75,0.25
10,1,0.89,0.71,0.42,1.295774647887324,202.0,-1,1.0,0.0,0.88,0.12,0.8333333333333334,0.16666666666666666
10,2,0.87,0.71,0.34615384615384615,1.408450704225352,216.0,-1,1.0,0.0,0.6666666666666666,0.3333333333333333,0.5,0.5
10,3,0.81,0.68,0.44,1.5735294117647058,222.0,-1,1.0,0.0,0.6111111111111112,0.3888888888888889,0.7142857142857143,0.2857142857142857
10,4,0.87,0.64,0.3829787234042553,1.578125,190.0,-1,1.0,0.0,0.6666666666666666,0.3333333333333333,0.7619047619047619,0.23809523809523808
10,5,0.94,0.78,0.42,1.7435897435897436,232.0,-1,1.0,0.0,0.75,0.25,0.7142857142857143,0.2857142857142857
10,6,0.84,0.69,0.5263157894736842,1.9565217391304348,165.99999999999997,1,1.0,0.0,0.7368421052631579,0.2631578947368421,0.8333333333333334,0.16666666666666666
10,7,0.86,0.75,0.4107142857142857,1.8666666666666667,228.0,-1,1.0,0.0,0.7391304347826086,0.2608695652173913,0.6470588235294118,0.35294117647058826
10,8,0.77,0.69,0.5384615384615384,2.0144927536231885,188.0,-1,1.0,0.0,0.7777777777777778,0.2222222222222222,0.6923076923076923,0.3076923076923077
10,9,0.81,0.67,0.4222222222222222,1.9402985074626866,196.0,-1,1.0,0.0,0.6363636363636364,0.36363636363636365,0.7777777777777778,0.2222222222222222
10,10,0.83,0.69,0.38,1.8115942028985508,214.0,4,1.0,0.0,0.6428571428571429,0.35714285714285715,0.6428571428571429,0.35714285714285715
10,11,0.87,0.72,0.36538461538461536,1.8472222222222223,194.0,-1,1.0,0.0,0.8518518518518519,0.14814814814814814,0.8333333333333334,0.16666666666666666
10,12,0.8,0.6,0.4791666666666667,2.05,174.0,-1,1.0,0.0,0.75,0.25,0.7857142857142857,0.21428571428571427
10,13,0.87,0.69,0.38095238095238093,1.9420289855072463,194.0,-1,1.0,0.0,0.7058823529411765,0.29411764705882354,0.6923076923076923,0.3076923076923077
10,14,0.83,0.68,0.4444444444444444,2.161764705882353,183.39999999999998,1,1.0,0.0,0.9,0.1,0.7619047619047619,0.23809523809523808
10,15,0.89,0.77,0.4,1.8051948051948052,224.0,-1,1.0,0.0,0.7058823529411765,0.29411764705882354,0.8181818181818182,0.18181818181818182
10,16,0.81,0.62,0.41304347826086957,1.9193548387096775,186.0,-1,1.0,0.0,0.8461538461538461,0.15384615384615385,0.7857142857142857,0.21428571428571427
10,17,0.87,0.78,0.5769230769230769,2.141025641025641,214.0,-1,1.0,0.0,0.7916666666666666,0.20833333333333334,0.8666666666666667,0.13333333333333333
10,18,0.85,0.72,0.39655172413793105,2.0694444444444446,228.0,-1,1.0,0.0,0.6956521739130435,0.30434782608695654,0.75,0.25
10,19,0.82,0.67,0.5,1.9701492537313432,196.0,-1,1.0,0.0,0.8095238095238095,0.19047619047619047,0.8125,0.1875
10,20,0.79,0.62,0.5853658536585366,2.129032258064516,184.6,4,1.0,0.0,0.75,0.25,0.7222222222222222,0.2777777777777778
10,21,0.87,0.77,0.4583333333333333,1.8181818181818181,222.0,-1,1.0,0.0,0.7142857142857143,0.2857142857142857,0.8333333333333334,0.16666666666666666
11,0,0.8,0.59,,1.0,186.0,-1,1.0,0.0,0.8888888888888888,0.1111111111111111,0.7368421052631579,0.2631578947368421
11,1,0.89,0.64,0.4523809523809524,1.296875,186.0,-1,1.0,0.0,0.9047619047619048,0.09523809523809523,0.7777777777777778,0.2222222222222222
11,2,0.87,0.64,0.475,1.421875,200.0,-1,1.0,0.0,0.7368421052631579,0.2631578947368421,0.6111111111111112,0.3888888888888889
11,3,0.81,0.61,0.3488372093023256,1.5245901639344261,190.0,-1,1.0,0.0,0.8421052631578947,0.15789473684210525,0.5882352941176471,0.4117647058823529
11,4,0.78,0.63,0.4444444444444444,1.5873015873015872,182.0,-1,1.0,0.0,0.8125,0.1875,0.7777777777777778,0.2222222222222222
11,5,0.87,0.68,0.4222222222222222,1.7058823529411764,198.6,4,1.0,0.0,0.8095238095238095,0.19047619047619047,0.6875,0.3125
11,6,0.8,0.67,0.4186046511627907,1.791044776119403,182.8,4,1.0,0.0,0.8,0.2,0.6363636363636364,0.36363636363636365
11,7,0.81,0.63,0.45454545454545453,1.7936507936507937,165.59999999999997,0,1.0,0.0,0.75,0.25,0.75,0.25
11,8,0.87,0.74,0.3125,1.7027027027027026,218.0,-1,1.0,0.0,0.8275862068965517,0.1724137931034483,0.4444444444444444,0.5555555555555556
11,9,0.78,0.62,0.43478260869565216,1.6935483870967742,176.0,0,1.0,0.0,0.75,0.25,0.6428571428571429,0.35714285714285715
11,10,0.88,0.73,0.3958333333333333,1.643835616438356,218.0,-1,1.0,0.0,0.8333333333333334,0.16666666666666666,0.7222222222222222,0.2777777777777778
11,11,0.84,0.64,0.44680851063829785,1.75,198.0,-1,1.0,0.0,0.875,0.125,0.8125,0.1875
11,12,0.81,0.71,0.3404255319148936,1.7183098591549295,206.0,-1,1.0,0.0,0.7647058823529411,0.23529411764705882,0.7894736842105263,0.21052631578947367
11,13,0.87,0.73,0.3541666666666667,1.6986301369863013,214.0,-1,1.0,0.0,0.7,0.3,0.7894736842105263,0.21052631578947367
11,14,0.82,0.68,0.39285714285714285,1.75,196.0,-1,1.0,0.0,0.8333333333333334,0.16666666666666666,0.6666666666666666,0.3333333333333333
11,15,0.81,0.64,0.4,1.6875,220.0,-1,1.0,0.0,0.84,0.16,0.6363636363636364,0.36363636363636365
11,16,0.86,0.74,0.45652173913043476,1.8918918918918919,214.0,-1,1.0,0.0,0.6666666666666666,0.3333333333333333,0.6666666666666666,0.3333333333333333
11,17,0.87,0.72,0.5098039215686274,1.8888888888888888,188.0,-1,1.0,0.0,0.9,0.1,0.7857142857142857,0.21428571428571427
11,18,0.85,0.7,0.38,1.7142857142857142,222.0,-1,1.0,0.0,0.8260869565217391,0.17391304347826086,0.6190476190476191,0.38095238095238093
11,19,0.82,0.66,0.37735849056603776,1.7575757575757576,222.0,-1,1.0,0.0,0.7916666666666666,0.20833333333333334,0.6666666666666666,0.3333333333333333
11,20,0.81,0.58,0.5555555555555556,2.0344827586206895,162.0,-1,1.0,0.0,0.7777777777777778,0.2222222222222222,0.7,0.3
11,21,0.81,0.6,0.5,2.2,180.0,-1,1.0,0.0,0.7,0.3,0.75,0.25
12,0,0.83,0.68,,1.0,202.0,-1,1.0,0.0,0.6875,0.3125,0.7894736842105263,0.21052631578947367
12,1,0.87,0.72,0.38461538461538464,1.2777777777777777,216.0,-1,1.0,0.0,0.8333333333333334,0.16666666666666666,0.6666666666666666,0.3333333333333333
12,2,0.83,0.62,0.45454545454545453,1.467741935483871,182.0,-1,1.0,0.0,0.7058823529411765,0.29411764705882354,0.7142857142857143,0.2857142857142857
12,3,0.86,0.68,0.37777777777777777,1.5588235294117647,218.0,-1,1.0,0.0,0.7916666666666666,0.20833333333333334,0.7,0.3
12,4,0.85,0.7,0.2978723404255319,1.5285714285714285,202.0,-1,1.0,0.0,0.7894736842105263,0.21052631578947367,0.6875,0.3125
12,5,0.82,0.68,0.43478260869565216,1.661764705882353,192.0,-1,1.0,0.0,0.7222222222222222,0.2777777777777778,0.8,0.2
12,6,0.86,0.74,0.4230769230769231,1.8108108108108107,203.39999999999998,2,1.0,0.0,0.75,0.25,0.75,0.25
12,7,0.81,0.69,0.4528301886792453,1.9565217391304348,195.2,2,1.0,0.0,0.7727272727272727,0.22727272727272727,0.6428571428571429,0.35714285714285715
12,8,0.79,0.62,0.41304347826086957,1.967741935483871,180.0,-1,1.0,0.0,0.9,0.1,0.7142857142857143,0.2857142857142857
12,9,0.83,0.63,0.475,1.8095238095238095,184.0,-1,1.0,0.0,0.8076923076923077,0.19230769230769232,0.75,0.25
12,10,0.78,0.63,0.4318181818181818,1.9047619047619047,174.0,-1,1.0,0.0,0.9047619047619048,0.09523809523809523,0.6923076923076923,0.3076923076923077
12,11,0.84,0.74,0.6818181818181818,2.27027027027027,200.0,-1,1.0,0.0,1.0,0.0,0.6875,0.3125
12,12,0.88,0.68,0.48,2.0441176470588234,178.0,-1,1.0,0.0,0.9166666666666666,0.08333333333333333,0.8461538461538461,0.15384615384615385
12,13,0.84,0.73,0.47058823529411764,2.041095890410959,212.0,-1,1.0,0.0,0.8846153846153846,0.11538461538461539,0.7058823529411765,0.29411764705882354
12,14,0.84,0.7,0.40816326530612246,2.1142857142857143,222.0,-1,1.0,0.0,0.8947368421052632,0.10526315789473684,0.6666666666666666,0.3333333333333333
12,15,0.79,0.67,0.4444444444444444,2.1492537313432836,200.0,-1,1.0,0.0,0.8636363636363636,0.13636363636363635,0.6666666666666666,0.3333333333333333
12,16,0.88,0.73,0.3333333333333333,1.8904109589041096,220.0,-1,1.0,0.0,0.7,0.3,0.6,0.4
12,17,0.85,0.67,0.5306122448979592,2.1791044776119404,196.0,-1,1.0,0.0,0.7777777777777778,0.2222222222222222,0.6,0.4
12,18,0.88,0.73,0.3404255319148936,2.041095890410959,229.8,3,1.0,0.0,0.7037037037037037,0.2962962962962963,0.7142857142857143,0.2857142857142857
12,19,0.79,0.62,0.40476190476190477,1.7419354838709677,188.0,-1,1.0,0.0,0.7142857142857143,0.2857142857142857,0.7647058823529411,0.23529411764705882
12,20,0.82,0.67,0.47619047619047616,2.044776119402985,192.0,-1,1.0,0.0,0.8,0.2,0.5,0.5
12,21,0.84,0.7,0.36,2.057142857142857,195.0,1,1.0,0.0,0.7142857142857143,0.2857142857142857,0.6875,0.3125
13,0,0.9,0.63,,1.0,184.0,-1,1.0,0.0,0.6956521739130435,0.30434782608695654,0.8333333333333334,0.16666666666666666
13,1,0.83,0.68,0.45454545454545453,1.2941176470588236,176.0,-1,1.0,0.0,0.7857142857142857,0.21428571428571427,0.8,0.2
13,2,0.76,0.56,0.41025641025641024,1.4821428571428572,174.0,-1,1.0,0.0,0.8095238095238095,0.19047619047619047,0.6666666666666666,0.3333333333333333
13,3,0.77,0.6,0.42857142857142855,1.6333333333333333,176.0,-1,1.0,0.0,0.7222222222222222,0.2777777777777778,0.8,0.2
13,4,0.88,0.73,0.5217391304347826,1.726027397260274,206.0,-1,1.0,0.0,0.8461538461538461,0.15384615384615385,0.6666666666666666,0.3333333333333333
13,5,0.83,0.72,0.4423076923076923,1.6388888888888888,198.0,-1,1.0,0.0,0.8846153846153846,0.11538461538461539,0.6666666666666666,0.3333333333333333
13,6,0.85,0.75,0.37037037037037035,1.6533333333333333,214.0,-1,1.0,0.0,0.8235294117647058,0.17647058823529413,0.7368421052631579,0.2631578947368421
13,7,0.94,0.78,0.5689655172413793,2.0384615384615383,230.0,-1,1.0,0.0,0.7894736842105263,0.21052631578947367,0.7391304347826086,0.2608695652173913
13,8,0.82,0.62,0.3541666666666667,1.6612903225806452,178.0,-1,1.0,0.0,0.7777777777777778,0.2222222222222222,0.7142857142857143,0.2857142857142857
13,9,0.84,0.63,0.55,2.015873015873016,190.0,-1,1.0,0.0,0.6111111111111112,0.3888888888888889,0.7142857142857143,0.2857142857142857
13,10,0.89,0.73,0.6382978723404256,2.1780821917808217,210.0,-1,1.0,0.0,0.85,0.15,0.7368421052631579,0.2631578947368421
13,11,0.82,0.64,0.4772727272727273,2.171875,202.0,-1,1.0,0.0,0.6666666666666666,0.3333333333333333,0.6875,0.3125
13,12,0.88,0.72,0.3617021276595745,1.8888888888888888,224.0,-1,1.0,0.0,0.7272727272727273,0.2727272727272727,0.6111111111111112,0.3888888888888889
13,13,0.81,0.71,0.42857142857142855,2.140845070422535,212.0,-1,1.0,0.0,0.8461538461538461,0.15384615384615385,0.6428571428571429,0.35714285714285715
13,14,0.88,0.76,0.4339622641509434,1.9342105263157894,226.0,-1,1.0,0.0,0.84,0.16,0.7368421052631579,0.2631578947368421
13,15,0.82,0.63,0.5,2.1746031746031744,190.8,4,1.0,0.0,0.65,0.35,0.7647058823529411,0.23529411764705882
13,16,0.85,0.72,0.5111111111111111,2.138888888888889,214.0,-1,1.0,0.0,0.6666666666666666,0.3333333333333333,0.7333333333333333,0.26666666666666666
13,17,0.89,0.74,0.46296296296296297,2.3783783783783785,194.4,4,1.0,0.0,0.8,0.2,0.8,0.2
13,18,0.84,0.7,0.3018867924528302,2.2142857142857144,202.0,-1,1.0,0.0,0.8095238095238095,0.19047619047619047,0.75,0.25
13,19,0.81,0.68,0.3541666666666667,1.6176470588235294,206.0,-1,1.0,0.0,0.7619047619047619,0.23809523809523808,0.6666666666666666,0.3333333333333333
13,20,0.86,0.69,0.43478260869565216,1.9710144927536233,176.0,-1,1.0,0.0,0.8421052631578947,0.15789473684210525,0.9230769230769231,0.07692307692307693
13,21,0.81,0.66,0.391304347826087,1.8636363636363635,198.0,-1,1.0,0.0,0.7368421052631579,0.2631578947368421,0.7777777777777778,0.2222222222222222
14,0,0.82,0.61,,1.0,185.0,4,1.0,0.0,0.75,0.25,0.7142857142857143,0.2857142857142857
14,1,0.84,0.59,0.4358974358974359,1.2881355932203389,188.8,2,1.0,0.0,0.6818181818181818,0.3181818181818182,0.5714285714285714,0.42857142857142855
14,2,0.89,0.73,0.36363636363636365,1.3835616438356164,198.0,-1,1.0,0.0,0.88,0.12,0.7857142857142857,0.21428571428571427
14,3,0.87,0.74,0.39285714285714285,1.445945945945946,214.0,-1,1.0,0.0,0.875,0.125,0.7058823529411765,0.29411764705882354
14,4,0.88,0.73,0.4117647058823529,1.6027397260273972,210.0,-1,1.0,0.0,0.9047619047619048,0.09523809523809523,0.7222222222222222,0.2777777777777778
14,5,0.87,0.75,0.38181818181818183,1.5733333333333333,188.2,2,1.0,0.0,0.7777777777777778,0.2222222222222222,0.8125,0.1875
14,6,0.83,0.63,0.3191489361702128,1.6031746031746033,196.0,-1,1.0,0.0,0.5789473684210527,0.42105263157894735,0.7142857142857143,0.2857142857142857
14,7,0.84,0.66,0.4444444444444444,1.7575757575757576,196.0,-1,1.0,0.0,0.8333333333333334,0.16666666666666666,0.7333333333333333,0.26666666666666666
14,8,0.77,0.61,0.45454545454545453,1.7704918032786885,162.0,-1,1.0,0.0,0.8461538461538461,0.15384615384615385,0.7333333333333333,0.26666666666666666
14,9,0.79,0.66,0.38095238095238093,1.7575757575757576,184.0,-1,1.0,0.0,0.8235294117647058,0.17647058823529413,0.45454545454545453,0.5454545454545454
14,10,0.89,0.69,0.5,1.9275362318840579,211.0,4,1.0,0.0,0.75,0.25,0.8,0.2
14,11,0.88,0.74,0.4339622641509434,1.972972972972973,218.0,-1,1.0,0.0,0.6818181818181818,0.3181818181818182,0.7333333333333333,0.26666666666666666
14,12,0.84,0.72,0.3888888888888889,1.9305555555555556,218.0,-1,1.0,0.0,0.75,0.25,0.631578947368421,0.3684210526315789
14,13,0.75,0.64,0.4444444444444444,1.921875,194.0,-1,1.0,0.0,0.8421052631578947,0.15789473684210525,0.5333333333333333,0.4666666666666667
14,14,0.9,0.68,0.45454545454545453,1.8676470588235294,186.0,-1,1.0,0.0,0.8181818181818182,0.18181818181818182,0.6,0.4
14,15,0.86,0.72,0.30612244897959184,1.7777777777777777,212.0,-1,1.0,0.0,0.8636363636363636,0.13636363636363635,0.4666666666666667,0.5333333333333333
14,16,0.85,0.73,0.3584905660377358,1.8082191780821917,202.79999999999998,2,1.0,0.0,0.7407407407407407,0.25925925925925924,0.8666666666666667,0.13333333333333333
14,17,0.92,0.76,0.42857142857142855,2.039473684210526,214.0,-1,1.0,0.0,0.8181818181818182,0.18181818181818182,0.7647058823529411,0.23529411764705882
14,18,0.79,0.68,0.4909090909090909,2.0294117647058822,200.0,-1,1.0,0.0,0.9130434782608695,0.08695652173913043,0.7058823529411765,0.29411764705882354
14,19,0.89,0.72,0.4444444444444444,1.9722222222222223,208.0,-1,1.0,0.0,0.8846153846153846,0.11538461538461539,0.6428571428571429,0.35714285714285715
14,20,0.84,0.73,0.4074074074074074,1.8904109589041096,206.0,-1,1.0,0.0,0.7619047619047619,0.23809523809523808,0.6428571428571429,0.35714285714285715
14,21,0.89,0.78,0.38596491228070173,1.8461538461538463,218.0,-1,1.0,0.0,0.8461538461538461,0.15384615384615385,0.7333333333333333,0.26666666666666666
15,0,0.88,0.62,,1.0,202.0,-1,1.0,0.0,0.7647058823529411,0.23529411764705882,0.6363636363636364,0.36363636363636365
15,1,0.85,0.64,0.5116279069767442,1.34375,188.0,-1,1.0,0.0,0.625,0.375,0.7333333333333333,0.26666666666666666
15,2,0.79,0.67,0.30952380952380953,1.4029850746268657,200.0,-1,1.0,0.0,0.7619047619047619,0.23809523809523808,0.75,0.25
15,3,0.83,0.63,0.3953488372093023,1.492063492063492,178.0,-1,1.0,0.0,0.875,0.125,0.6666666666666666,0.3333333333333333
15,4,0.83,0.74,0.48936170212765956,1.6756756756756757,214.0,-1,1.0,0.0,0.8260869565217391,0.17391304347826086,0.7058823529411765,0.29411764705882354
15,5,0.86,0.7,0.5192307692307693,1.7714285714285714,200.0,-1,1.0,0.0,0.92,0.08,0.5714285714285714,0.42857142857142855
15,6,0.84,0.69,0.42,1.6231884057971016,212.0,-1,1.0,0.0,0.8571428571428571,0.14285714285714285,0.6111111111111112,0.3888888888888889
15,7,0.84,0.74,0.36,1.635135135135135,232.0,-1,1.0,0.0,0.9047619047619048,0.09523809523809523,0.68,0.32
15,8,0.82,0.69,0.46153846153846156,1.8115942028985508,194.0,-1,1.0,0.0,0.8181818181818182,0.18181818181818182,0.8421052631578947,0.15789473684210525
15,9,0.92,0.72,0.4,1.75,208.2,3,1.0,0.0,0.7307692307692307,0.2692307692307692,0.7222222222222222,0.2777777777777778
15,10,0.82,0.69,0.4074074074074074,1.9275362318840579,176.99999999999997,0,1.0,0.0,0.9,0.1,0.7058823529411765,0.29411764705882354
15,11,0.86,0.71,0.44,2.0985915492957745,204.6,4,1.0,0.0,0.7407407407407407,0.25925925925925924,0.875,0.125
15,12,0.86,0.75,0.4444444444444444,1.7733333333333334,232.0,-1,1.0,0.0,0.72,0.28,0.7058823529411765,0.29411764705882354
15,13,0.87,0.7,0.43137254901960786,1.7714285714285714,212.0,-1,1.0,0.0,0.88,0.12,0.7222222222222222,0.2777777777777778
15,14,0.85,0.69,0.4375,1.7826086956521738,198.0,-1,1.0,0.0,0.9,0.1,0.7368421052631579,0.2631578947368421
15,15,0.85,0.67,0.3404255319148936,1.955223880597015,186.0,-1,1.0,0.0,0.9285714285714286,0.07142857142857142,0.8,0.2
15,16,0.86,0.68,0.43478260869565216,1.9852941176470589,204.0,-1,1.0,0.0,0.7,0.3,0.5384615384615384,0.46153846153846156
15,17,0.84,0.74,0.4423076923076923,1.864864864864865,202.0,-1,1.0,0.0,0.75,0.25,0.8,0.2
15,18,0.79,0.66,0.32075471698113206,1.7121212121212122,184.0,-1,1.0,0.0,0.8823529411764706,0.11764705882352941,0.5384615384615384,0.46153846153846156
15,19,0.83,0.72,0.4791666666666667,2.0277777777777777,220.0,-1,1.0,0.0,0.7727272727272727,0.22727272727272727,0.6842105263157895,0.3157894736842105
15,20,0.86,0.72,0.39215686274509803,1.7361111111111112,212.0,-1,1.0,0.0,0.65,0.35,0.7647058823529411,0.23529411764705882
15,21,0.88,0.74,0.5,1.7297297297297298,199.2,2,1.0,0.0,0.65,0.35,0.8,0.2
16,0,0.89,0.69,,1.0,214.0,-1,1.0,0.0,0.7272727272727273,0.2727272727272727,0.5333333333333333,0.4666666666666667
16,1,0.89,0.65,0.4666666666666667,1.323076923076923,198.0,-1,1.0,0.0,0.75,0.25,0.6428571428571429,0.35714285714285715
16,2,0.81,0.63,0.6,1.6825396825396826,178.0,-1,1.0,0.0,0.8636363636363636,0.13636363636363635,0.5,0.5
16,3,0.85,0.67,0.5714285714285714,1.8656716417910448,200.0,-1,1.0,0.0,0.9,0.1,0.6666666666666666,0.3333333333333333
16,4,0.88,0.74,0.39215686274509803,1.7162162162162162,209.79999999999998,0,1.0,0.0,0.7391304347826086,0.2608695652173913,0.75,0.25
16,5,0.87,0.74,0.33962264150943394,1.554054054054054,200.4,4,1.0,0.0,0.875,0.125,0.7142857142857143,0.2857142857142857
16,6,0.88,0.65,0.3877551020408163,1.5384615384615385,194.0,-1,1.0,0.0,0.6538461538461539,0.34615384615384615,0.8888888888888888,0.1111111111111111
16,7,0.88,0.66,0.40476190476190477,1.7424242424242424,200.0,-1,1.0,0.0,0.8695652173913043,0.13043478260869565,0.6470588235294118,0.35294117647058826
16,8,0.86,0.73,0.43478260869565216,1.8767123287671232,221.0,4,1.0,0.0,0.72,0.28,0.7222222222222222,0.2777777777777778
16,9,0.86,0.7,0.3958333333333333,1.957142857142857,170.79999999999998,1,1.0,0.0,0.7727272727272727,0.22727272727272727,0.8181818181818182,0.18181818181818182
16,10,0.75,0.62,0.4666666666666667,1.9838709677419355,192.0,-1,1.0,0.0,0.9,0.1,0.7,0.3
16,11,0.81,0.58,0.375,1.9482758620689655,168.0,-1,1.0,0.0,0.7777777777777778,0.2222222222222222,0.5454545454545454,0.45454545454545453
16,12,0.89,0.74,0.4222222222222222,2.108108108108108,198.0,-1,1.0,0.0,0.8571428571428571,0.14285714285714285,0.7333333333333333,0.26666666666666666
16,13,0.82,0.68,0.4642857142857143,2.0294117647058822,196.0,-1,1.0,0.0,0.7,0.3,0.6666666666666666,0.3333333333333333
16,14,0.84,0.69,0.32608695652173914,2.0144927536231885,204.0,-1,1.0,0.0,0.7142857142857143,0.2857142857142857,0.5833333333333334,0.4166666666666667
16,15,0.88,0.69,0.4117647058823529,1.8115942028985508,182.0,-1,1.0,0.0,0.9047619047619048,0.09523809523809523,0.7272727272727273,0.2727272727272727
16,16,0.89,0.78,0.4444444444444444,1.794871794871795,228.0,-1,1.0,0.0,0.76,0.24,0.8333333333333334,0.16666666666666666
16,17,0.86,0.72,0.3888888888888889,1.7638888888888888,232.0,-1,1.0,0.0,0.7083333333333334,0.2916666666666667,0.6842105263157895,0.3157894736842105
16,18,0.93,0.75,0.38461538461538464,1.88,218.0,-1,1.0,0.0,0.92,0.08,0.8181818181818182,0.18181818181818182
16,19,0.8,0.69,0.3888888888888889,1.7536231884057971,178.4,2,1.0,0.0,0.8333333333333334,0.16666666666666666,0.875,0.125
16,20,0.78,0.62,0.275,1.6290322580645162,166.0,-1,1.0,0.0,0.8421052631578947,0.15789473684210525,0.6666666666666666,0.3333333333333333
16,21,0.9,0.74,0.4666666666666667,2.0,218.0,-1,1.0,0.0,0.8260869565217391,0.17391304347826086,0.7368421052631579,0.2631578947368421
17,0,0.85,0.62,,1.0,182.0,-1,1.0,0.0,0.85,0.15,0.7894736842105263,0.21052631578947367
17,1,0.83,0.59,0.4146341463414634,1.2881355932203389,174.0,-1,1.0,0.0,0.8928571428571429,0.10714285714285714,0.5714285714285714,0.42857142857142855
17,2,0.86,0.72,0.38095238095238093,1.3611111111111112,218.0,-1,1.0,0.0,0.7083333333333334,0.2916666666666667,0.7647058823529411,0.23529411764705882
17,3,0.87,0.72,0.38,1.6111111111111112,214.0,-1,1.0,0.0,0.7692307692307693,0.23076923076923078,0.7142857142857143,0.2857142857142857
17,4,0.87,0.73,0.4528301886792453,1.8630136986301369,202.0,-1,1.0,0.0,0.8,0.2,0.6923076923076923,0.3076923076923077
17,5,0.89,0.75,0.39215686274509803,1.8533333333333333,214.0,-1,1.0,0.0,0.8181818181818182,0.18181818181818182,0.6875,0.3125
17,6,0.84,0.73,0.42857142857142855,1.7808219178082192,222.0,-1,1.0,0.0,0.8928571428571429,0.10714285714285714,0.6470588235294118,0.35294117647058826
17,7,0.79,0.62,0.44680851063829785,1.903225806451613,180.0,-1,1.0,0.0,0.7857142857142857,0.21428571428571427,0.5384615384615384,0.46153846153846156
17,8,0.87,0.71,0.38095238095238093,1.7746478873239437,204.4,4,1.0,0.0,0.7931034482758621,0.20689655172413793,0.7857142857142857,0.21428571428571427
17,9,0.85,0.73,0.40384615384615385,1.8493150684931507,192.0,-1,1.0,0.0,0.7916666666666666,0.20833333333333334,0.6666666666666666,0.3333333333333333
17,10,0.85,0.69,0.45098039215686275,1.9565217391304348,208.0,-1,1.0,0.0,0.875,0.125,0.7619047619047619,0.23809523809523808
17,11,0.81,0.67,0.5384615384615384,2.1641791044776117,186.0,-1,1.0,0.0,0.8571428571428571,0.14285714285714285,0.7777777777777778,0.2222222222222222
17,12,0.88,0.72,0.35294117647058826,1.8611111111111112,208.0,-1,1.0,0.0,0.8846153846153846,0.11538461538461539,0.75,0.25
17,13,0.83,0.71,0.43636363636363634,2.1267605633802815,186.0,-1,1.0,0.0,0.7894736842105263,0.21052631578947367,0.8333333333333334,0.16666666666666666
17,14,0.84,0.69,0.5106382978723404,2.217391304347826,236.0,-1,1.0,0.0,0.7,0.3,0.6086956521739131,0.391304347826087
17,15,0.82,0.62,0.5106382978723404,2.193548387096774,192.0,-1,1.0,0.0,0.5384615384615384,0.46153846153846156,0.8095238095238095,0.19047619047619047
17,16,0.88,0.73,0.4090909090909091,2.287671232876712,202.0,-1,1.0,0.0,0.631578947368421,0.3684210526315789,0.7692307692307693,0.23076923076923078
17,17,0.86,0.71,0.38181818181818183,2.112676056338028,198.0,-1,1.0,0.0,0.8333333333333334,0.16666666666666666,0.7857142857142857,0.21428571428571427
17,18,0.88,0.79,0.42857142857142855,2.151898734177215,212.0,-1,1.0,0.0,0.7916666666666666,0.20833333333333334,0.8461538461538461,0.15384615384615385
17,19,0.84,0.67,0.32727272727272727,1.5820895522388059,202.0,-1,1.0,0.0,0.8421052631578947,0.15789473684210525,0.631578947368421,0.3684210526315789
17,20,0.85,0.64,0.4888888888888889,2.0,182.0,-1,1.0,0.0,0.8333333333333334,0.16666666666666666,0.7333333333333333,0.26666666666666666
17,21,0.83,0.68,0.4444444444444444,1.9411764705882353,202.0,-1,1.0,0.0,0.88,0.12,0.6,0.4
18,0,0.88,0.62,,1.0,184.0,-1,1.0,0.0,0.9047619047619048,0.09523809523809523,0.6666666666666666,0.3333333333333333
18,1,0.88,0.72,0.2978723404255319,1.1944444444444444,218.0,-1,1.0,0.0,0.8260869565217391,0.17391304347826086,0.6666666666666666,0.3333333333333333
18,2,0.87,0.71,0.38461538461538464,1.4225352112676057,234.0,-1,1.0,0.0,0.68,0.32,0.7,0.3
18,3,0.82,0.66,0.3404255319148936,1.5151515151515151,204.8,4,1.0,0.0,0.7142857142857143,0.2857142857142857,0.6666666666666666,0.3333333333333333
18,4,0.84,0.68,0.40476190476190477,1.6176470588235294,186.0,-1,1.0,0.0,0.5882352941176471,0.4117647058823529,0.6666666666666666,0.3333333333333333
18,5,0.88,0.77,0.32142857142857145,1.6883116883116882,192.79999999999998,1,1.0,0.0,0.9523809523809523,0.047619047619047616,0.6666666666666666,0.3333333333333333
18,6,0.84,0.67,0.5098039215686274,1.9850746268656716,202.0,-1,1.0,0.0,0.7916666666666666,0.20833333333333334,0.5,0.5
18,7,0.87,0.77,0.42592592592592593,1.87012987012987,248.0,-1,1.0,0.0,0.8484848484848485,0.15151515151515152,0.4666666666666667,0.5333333333333333
18,8,0.77,0.61,0.4583333333333333,1.8688524590163935,164.0,-1,1.0,0.0,0.7,0.3,0.8,0.2
18,9,0.84,0.7,0.42857142857142855,1.8142857142857143,202.0,-1,1.0,0.0,0.7368421052631579,0.2631578947368421,0.6666666666666666,0.3333333333333333
18,10,0.84,0.73,0.5,1.8356164383561644,214.0,-1,1.0,0.0,0.8571428571428571,0.14285714285714285,0.8125,0.1875
18,11,0.9,0.77,0.39655172413793105,1.8051948051948052,213.2,3,1.0,0.0,0.7857142857142857,0.21428571428571427,0.7857142857142857,0.21428571428571427
18,12,0.81,0.61,0.40384615384615385,1.9180327868852458,172.0,-1,1.0,0.0,0.9285714285714286,0.07142857142857142,0.42857142857142855,0.5714285714285714
18,13,0.92,0.78,0.4375,1.9487179487179487,200.0,-1,1.0,0.0,0.95,0.05,0.75,0.25
18,14,0.83,0.74,0.39655172413793105,1.9054054054054055,212.0,-1,1.0,0.0,0.8571428571428571,0.14285714285714285,0.5333333333333333,0.4666666666666667
18,15,0.81,0.73,0.36363636363636365,2.0547945205479454,200.0,-1,1.0,0.0,0.8421052631578947,0.15789473684210525,0.5714285714285714,0.42857142857142855
18,16,0.79,0.66,0.375,2.0454545454545454,188.0,-1,1.0,0.0,0.84,0.16,0.75,0.25
18,17,0.87,0.71,0.5217391304347826,2.1690140845070425,212.0,-1,1.0,0.0,0.8,0.2,0.5333333333333333,0.4666666666666667
18,18,0.85,0.7,0.46,2.342857142857143,200.2,1,1.0,0.0,0.9032258064516129,0.0967741935483871,0.6666666666666666,0.3333333333333333
18,19,0.87,0.76,0.5283018867924528,2.0921052631578947,234.0,-1,1.0,0.0,0.7037037037037037,0.2962962962962963,0.6428571428571429,0.35714285714285715
18,20,0.85,0.72,0.43636363636363634,2.2916666666666665,228.0,-1,1.0,0.0,0.7857142857142857,0.21428571428571427,0.6470588235294118,0.35294117647058826
18,21,0.84,0.66,0.4583333333333333,2.227272727272727,196.0,-1,1.0,0.0,0.8076923076923077,0.19230769230769232,0.7,0.3
19,0,0.79,0.64,,1.0,190.0,-1,1.0,0.0,0.6923076923076923,0.3076923076923077,0.625,0.375
19,1,0.82,0.64,0.3,1.1875,190.0,-1,1.0,0.0,0.7,0.3,0.6666666666666666,0.3333333333333333
19,2,0.81,0.63,0.21428571428571427,1.253968253968254,167.39999999999998,1,1.0,0.0,0.7894736842105263,0.21052631578947367,0.7857142857142857,0.21428571428571427
19,3,0.81,0.61,0.3333333333333333,1.4262295081967213,184.0,-1,1.0,0.0,0.7,0.3,0.6923076923076923,0.3076923076923077
19,4,0.82,0.59,0.25,1.3559322033898304,174.0,-1,1.0,0.0,0.9666666666666667,0.03333333333333333,0.8571428571428571,0.14285714285714285
19,5,0.83,0.63,0.35135135135135137,1.6825396825396826,198.0,-1,1.0,0.0,0.8181818181818182,0.18181818181818182,0.625,0.375
19,6,0.83,0.67,0.4318181818181818,1.8507462686567164,190.0,-1,1.0,0.0,0.7777777777777778,0.2222222222222222,0.7142857142857143,0.2857142857142857
19,7,0.77,0.68,0.45454545454545453,1.838235294117647,214.0,-1,1.0,0.0,0.8,0.2,0.6,0.4
19,8,0.89,0.71,0.3617021276595745,1.732394366197183,216.0,-1,1.0,0.0,0.75,0.25,0.7692307692307693,0.23076923076923078
19,9,0.79,0.64,0.391304347826087,1.828125,178.79999999999998,0,1.0,0.0,0.8125,0.1875,0.7222222222222222,0.2777777777777778
19,10,0.85,0.75,0.46153846153846156,2.0,216.0,-1,1.0,0.0,0.7916666666666666,0.20833333333333334,0.6153846153846154,0.38461538461538464
19,11,0.82,0.72,0.3333333333333333,1.75,210.0,-1,1.0,0.0,0.6190476190476191,0.38095238095238093,0.8823529411764706,0.11764705882352941
19,12,0.85,0.67,0.46938775510204084,2.0,182.0,-1,1.0,0.0,0.7,0.3,0.8333333333333334,0.16666666666666666
19,13,0.86,0.71,0.4583333333333333,2.084507042253521,192.0,-1,1.0,0.0,0.8,0.2,0.7857142857142857,0.21428571428571427
19,14,0.88,0.78,0.45454545454545453,1.9743589743589745,206.0,-1,1.0,0.0,0.8260869565217391,0.17391304347826086,0.75,0.25
19,15,0.93,0.81,0.42424242424242425,1.9012345679012346,228.0,-1,1.0,0.0,0.7916666666666666,0.20833333333333334,0.7058823529411765,0.29411764705882354
19,16,0.88,0.75,0.3064516129032258,1.8266666666666667,220.0,-1,1.0,0.0,0.6470588235294118,0.35294117647058826,0.75,0.25
19,17,0.85,0.73,0.375,1.8767123287671232,197.79999999999998,0,1.0,0.0,0.7,0.3,0.7894736842105263,0.21052631578947367
19,18,0.83,0.73,0.4807692307692308,1.9589041095890412,214.0,-1,1.0,0.0,0.8181818181818182,0.18181818181818182,0.7368421052631579,0.2631578947368421
19,19,0.95,0.76,0.3508771929824561,1.9342105263157894,228.0,2,1.0,0.0,0.76,0.24,0.782608695652174,0.21739130434782608
19,20,0.87,0.74,0.2545454545454545,1.6756756756756757,203.2,0,1.0,0.0,0.6111111111111112,0.3888888888888889,0.7058823529411765,0.29411764705882354
19,21,0.84,0.75,0.40350877192982454,1.9466666666666668,184.79999999999998,1,1.0,0.0,0.5882352941176471,0.4117647058823529,0.7272727272727273,0.2727272727272727
20,0,0.85,0.67,,1.0,198.0,-1,1.0,0.0,0.7142857142857143,0.2857142857142857,0.8125,0.1875
20,1,0.82,0.65,0.43478260869565216,1.3076923076923077,172.0,-1,1.0,0.0,0.9523809523809523,0.047619047619047616,0.8571428571428571,0.14285714285714285
20,2,0.77,0.58,0.3611111111111111,1.396551724137931,190.2,3,1.0,0.0,0.7142857142857143,0.2857142857142857,0.65,0.35
20,3,0.81,0.65,0.5,1.7076923076923076,186.0,-1,1.0,0.0,0.782608695652174,0.21739130434782608,0.5555555555555556,0.4444444444444444
20,4,0.78,0.62,0.3684210526315789,1.5806451612903225,176.0,-1,1.0,0.0,0.875,0.125,0.7,0.3
20,5,0.84,0.63,0.5,1.7777777777777777,192.0,-1,1.0,0.0,0.8421052631578947,0.15789473684210525,0.7,0.3
20,6,0.9,0.71,0.3617021276595745,1.7464788732394365,212.0,-1,1.0,0.0,0.7142857142857143,0.2857142857142857,0.7894736842105263,0.21052631578947367
20,7,0.81,0.68,0.45098039215686275,1.8235294117647058,188.0,-1,1.0,0.0,0.8888888888888888,0.1111111111111111,0.6666666666666666,0.3333333333333333
20,8,0.87,0.76,0.40384615384615385,1.7105263157894737,234.0,-1,1.0,0.0,0.8695652173913043,0.13043478260869565,0.5714285714285714,0.42857142857142855
20,9,0.83,0.74,0.3392857142857143,1.662162162162162,210.0,-1,1.0,0.0,0.7368421052631579,0.2631578947368421,0.5384615384615384,0.46153846153846156
20,10,0.84,0.73,0.39285714285714285,1.7397260273972603,218.0,3,1.0,0.0,0.6071428571428571,0.39285714285714285,0.7692307692307693,0.23076923076923078
20,11,0.84,0.76,0.4642857142857143,1.7894736842105263,210.0,-1,1.0,0.0,0.875,0.125,0.75,0.25
20,12,0.79,0.67,0.5294117647058824,1.8656716417910448,198.6,2,1.0,0.0,0.5789473684210527,0.42105263157894735,0.7142857142857143,0.2857142857142857
20,13,0.86,0.73,0.40384615384615385,1.8904109589041096,196.0,-1,1.0,0.0,0.85,0.15,0.7142857142857143,0.2857142857142857
20,14,0.83,0.69,0.4,1.9275362318840579,220.0,-1,1.0,0.0,0.85,0.15,0.6190476190476191,0.38095238095238093
20,15,0.85,0.66,0.5106382978723404,2.0454545454545454,198.0,-1,1.0,0.0,0.625,0.375,0.625,0.375
20,16,0.82,0.68,0.36363636363636365,1.7352941176470589,204.0,3,1.0,0.0,0.6923076923076923,0.3076923076923077,0.6428571428571429,0.35714285714285715
20,17,0.84,0.67,0.4318181818181818,1.8805970149253732,190.0,-1,1.0,0.0,0.9230769230769231,0.07692307692307693,0.8125,0.1875
20,18,0.81,0.63,0.4418604651162791,1.9841269841269842,184.0,-1,1.0,0.0,0.9,0.1,0.7777777777777778,0.2222222222222222
20,19,0.82,0.66,0.4090909090909091,1.8333333333333333,165.39999999999998,1,1.0,0.0,0.8421052631578947,0.15789473684210525,0.6,0.4
20,20,0.88,0.72,0.3958333333333333,1.8472222222222223,212.0,-1,1.0,0.0,0.8,0.2,0.7333333333333333,0.26666666666666666
20,21,0.85,0.67,0.32,1.7014925373134329,196.0,-1,1.0,0.0,0.8518518518518519,0.14814814814814814,0.7333333333333333,0.26666666666666666
21,0,0.84,0.65,,1.0,196.0,-1,1.0,0.0,0.7619047619047619,0.23809523809523808,0.75,0.25
21,1,0.8,0.58,0.38461538461538464,1.2586206896551724,152.0,-1,1.0,0.0,0.6666666666666666,0.3333333333333333,0.5,0.5
21,2,0.82,0.66,0.48717948717948717,1.4848484848484849,196.0,-1,1.0,0.0,0.8571428571428571,0.14285714285714285,0.6470588235294118,0.35294117647058826
21,3,0.89,0.68,0.36363636363636365,1.6176470588235294,208.0,-1,1.0,0.0,0.6666666666666666,0.3333333333333333,0.6153846153846154,0.38461538461538464
21,4,0.82,0.69,0.4375,1.6956521739130435,202.0,-1,1.0,0.0,0.8095238095238095,0.19047619047619047,0.5384615384615384,0.46153846153846156
21,5,0.85,0.74,0.42,1.6891891891891893,228.0,-1,1.0,0.0,0.6956521739130435,0.30434782608695654,0.625,0.375
21,6,0.8,0.61,0.3695652173913043,1.7049180327868851,178.0,-1,1.0,0.0,0.5,0.5,0.4444444444444444,0.5555555555555556
21,7,0.82,0.67,0.5,2.0597014925373136,204.0,-1,1.0,0.0,0.75,0.25,0.7222222222222222,0.2777777777777778
21,8,0.84,0.71,0.5,1.971830985915493,199.79999999999998,0,1.0,0.0,0.6,0.4,0.5714285714285714,0.42857142857142855
21,9,0.82,0.67,0.574468085106383,2.343283582089552,194.0,-1,1.0,0.0,0.7368421052631579,0.2631578947368421,0.4444444444444444,0.5555555555555556
21,10,0.81,0.65,0.5454545454545454,2.276923076923077,208.0,-1,1.0,0.0,0.5333333333333333,0.4666666666666667,0.6666666666666666,0.3333333333333333
21,11,0.85,0.61,0.5238095238095238,2.3114754098360657,194.0,-1,1.0,0.0,0.6666666666666666,0.3333333333333333,0.5882352941176471,0.4117647058823529
21,12,0.87,0.73,0.3958333333333333,2.041095890410959,222.0,-1,1.0,0.0,0.7037037037037037,0.2962962962962963,0.8125,0.1875
21,13,0.87,0.73,0.4444444444444444,2.2739726027397262,208.0,-1,1.0,0.0,0.8636363636363636,0.13636363636363635,0.6428571428571429,0.35714285714285715
21,14,0.79,0.67,0.4,2.1343283582089554,188.0,-1,1.0,0.0,0.9130434782608695,0.08695652173913043,0.7333333333333333,0.26666666666666666
21,15,0.83,0.68,0.37777777777777777,2.0,210.0,-1,1.0,0.0,0.7619047619047619,0.23809523809523808,0.5,0.5
21,16,0.81,0.69,0.4,2.0434782608695654,187.2,2,1.0,0.0,0.8823529411764706,0.11764705882352941,0.5625,0.4375
21,17,0.86,0.75,0.5416666666666666,2.0933333333333333,201.79999999999998,0,1.0,0.0,0.65,0.35,0.7142857142857143,0.2857142857142857
21,18,0.88,0.68,0.33962264150943394,1.9558823529411764,203.0,0,1.0,0.0,0.9230769230769231,0.07692307692307693,0.5789473684210527,0.42105263157894735
21,19,0.89,0.73,0.33962264150943394,1.643835616438356,218.0,-1,1.0,0.0,0.8846153846153846,0.11538461538461539,0.6666666666666666,0.3333333333333333
21,20,0.89,0.7,0.39622641509433965,1.7714285714285714,196.0,-1,1.0,0.0,0.88,0.12,0.6,0.4
21,21,0.77,0.65,0.44680851063829785,1.9692307692307693,190.0,-1,1.0,0.0,0.8275862068965517,0.1724137931034483,0.8461538461538461,0.15384615384615385
22,0,0.85,0.68,,1.0,167.79999999999998,0,1.0,0.0,0.75,0.25,0.7,0.3
22,1,0.87,0.69,0.3617021276595745,1.2463768115942029,204.0,-1,1.0,0.0,0.8461538461538461,0.15384615384615385,0.7333333333333333,0.26666666666666666
22,2,0.81,0.67,0.28,1.2985074626865671,214.0,-1,1.0,0.0,0.625,0.375,0.6153846153846154,0.38461538461538464
22,3,0.87,0.72,0.44,1.5833333333333333,224.0,-1,1.0,0.0,0.782608695652174,0.21739130434782608,0.7,0.3
22,4,0.93,0.8,0.4098360655737705,1.7,234.0,-1,1.0,0.0,0.7272727272727273,0.2727272727272727,0.75,0.25
22,5,0.79,0.64,0.4423076923076923,1.859375,186.0,-1,1.0,0.0,0.6666666666666666,0.3333333333333333,0.625,0.375
22,6,0.76,0.61,0.4444444444444444,1.7868852459016393,140.0,-1,1.0,0.0,0.9375,0.0625,0.8571428571428571,0.14285714285714285
22,7,0.86,0.68,0.47368421052631576,1.9411764705882353,180.0,-1,1.0,0.0,0.85,0.15,0.7,0.3
22,8,0.92,0.74,0.45614035087719296,1.864864864864865,220.0,-1,1.0,0.0,0.7,0.3,0.6875,0.3125
22,9,0.82,0.65,0.4166666666666667,1.9384615384615385,182.0,-1,1.0,0.0,0.9047619047619048,0.09523809523809523,0.7333333333333333,0.26666666666666666
22,10,0.85,0.72,0.3404255319148936,1.7916666666666667,200.0,-1,1.0,0.0,0.6666666666666666,0.3333333333333333,0.7692307692307693,0.23076923076923078
22,11,0.82,0.66,0.46938775510204084,2.0303030303030303,196.0,-1,1.0,0.0,0.8095238095238095,0.19047619047619047,0.7058823529411765,0.29411764705882354
22,12,0.82,0.67,0.4,2.0597014925373136,175.39999999999998,1,1.0,0.0,0.8695652173913043,0.13043478260869565,0.7777777777777778,0.2222222222222222
22,13,0.85,0.67,0.40476190476190477,1.8805970149253732,194.0,-1,1.0,0.0,0.6875,0.3125,0.7647058823529411,0.23529411764705882
22,14,0.88,0.72,0.3333333333333333,1.6388888888888888,222.0,3,1.0,0.0,0.8,0.2,0.6111111111111112,0.3888888888888889
22,15,0.79,0.65,0.4772727272727273,1.646153846153846,194.0,-1,1.0,0.0,0.7272727272727273,0.2727272727272727,0.75,0.25
22,16,0.83,0.68,0.4186046511627907,1.7205882352941178,172.0,2,1.0,0.0,0.9166666666666666,0.08333333333333333,0.5,0.5
22,17,0.85,0.67,0.46511627906976744,1.8955223880597014,196.0,-1,1.0,0.0,0.8888888888888888,0.1111111111111111,0.6153846153846154,0.38461538461538464
22,18,0.92,0.7,0.425531914893617,1.8857142857142857,196.0,-1,1.0,0.0,0.8846153846153846,0.11538461538461539,0.6666666666666666,0.3333333333333333
22,19,0.87,0.8,0.3684210526315789,1.875,236.0,-1,1.0,0.0,0.8076923076923077,0.19230769230769232,0.7222222222222222,0.2777777777777778
22,20,0.85,0.69,0.48148148148148145,1.7536231884057971,197.6,3,1.0,0.0,0.6538461538461539,0.34615384615384615,0.8,0.2
22,21,0.86,0.74,0.3333333333333333,1.7162162162162162,184.39999999999998,1,1.0,0.0,0.8888888888888888,0.1111111111111111,0.7857142857142857,0.21428571428571427
23,0,0.86,0.62,,1.0,153.39999999999998,0,1.0,0.0,0.8636363636363636,0.13636363636363635,0.8,0.2
23,1,0.84,0.7,0.391304347826087,1.2571428571428571,220.0,-1,1.0,0.0,0.7368421052631579,0.2631578947368421,0.65,0.35
23,2,0.88,0.79,0.43103448275862066,1.4936708860759493,236.0,-1,1.0,0.0,0.7083333333333334,0.2916666666666667,0.6428571428571429,0.35714285714285715
23,3,0.83,0.66,0.3469387755102041,1.5151515151515151,212.0,-1,1.0,0.0,0.6363636363636364,0.36363636363636365,0.6666666666666666,0.3333333333333333
23,4,0.83,0.68,0.3333333333333333,1.588235294117647,188.0,-1,1.0,0.0,0.875,0.125,0.6875,0.3125
23,5,0.88,0.72,0.44,1.5972222222222223,222.0,-1,1.0,0.0,0.5,0.5,0.7222222222222222,0.2777777777777778
23,6,0.86,0.69,0.36,1.7826086956521738,186.0,-1,1.0,0.0,0.7647058823529411,0.23529411764705882,0.7692307692307693,0.23076923076923078
23,7,0.88,0.74,0.5510204081632653,1.9864864864864864,224.0,-1,1.0,0.0,0.8214285714285714,0.17857142857142858,0.8571428571428571,0.14285714285714285
23,8,0.82,0.71,0.36363636363636365,1.8309859154929577,208.0,-1,1.0,0.0,0.9230769230769231,0.07692307692307693,0.7058823529411765,0.29411764705882354
23,9,0.86,0.7,0.3191489361702128,1.7,200.0,-1,1.0,0.0,0.8695652173913043,0.13043478260869565,0.75,0.25
23,10,0.82,0.71,0.4117647058823529,1.8591549295774648,176.0,-1,1.0,0.0,0.9523809523809523,0.047619047619047616,0.8181818181818182,0.18181818181818182
23,11,0.87,0.7,0.3958333333333333,1.9,230.0,-1,1.0,0.0,0.88,0.12,0.5263157894736842,0.47368421052631576
23,12,0.87,0.71,0.4375,1.9295774647887325,212.0,-1,1.0,0.0,0.7727272727272727,0.22727272727272727,0.75,0.25
23,13,0.8,0.6,0.34146341463414637,1.8666666666666667,190.0,-1,1.0,0.0,0.7916666666666666,0.20833333333333334,0.75,0.25
23,14,0.81,0.68,0.375,1.8088235294117647,214.0,-1,1.0,0.0,0.75,0.25,0.7368421052631579,0.2631578947368421
23,15,0.83,0.74,0.4528301886792453,1.837837837837838,198.0,-1,1.0,0.0,0.7692307692307693,0.23076923076923078,0.7142857142857143,0.2857142857142857
23,16,0.85,0.71,0.5,1.9295774647887325,210.0,-1,1.0,0.0,0.6666666666666666,0.3333333333333333,0.7058823529411765,0.29411764705882354
23,17,0.87,0.79,0.43859649122807015,2.1139240506329116,229.6,3,1.0,0.0,0.7741935483870968,0.22580645161290322,0.8333333333333334,0.16666666666666666
23,18,0.86,0.76,0.5483870967741935,2.0,200.79999999999998,2,1.0,0.0,0.9310344827586207,0.06896551724137931,0.7777777777777778,0.2222222222222222
23,19,0.92,0.83,0.4126984126984127,1.8795180722891567,256.0,-1,1.0,0.0,0.7391304347826086,0.2608695652173913,0.7083333333333334,0.2916666666666667
23,20,0.8,0.7,0.41818181818181815,1.7285714285714286,202.0,-1,1.0,0.0,0.7619047619047619,0.23809523809523808,0.7692307692307693,0.23076923076923078
23,21,0.81,0.76,0.45454545454545453,1.763157894736842,236.0,-1,1.0,0.0,0.7857142857142857,0.21428571428571427,0.7058823529411765,0.29411764705882354
24,0,0.83,0.58,,1.0,178.0,-1,1.0,0.0,0.9047619047619048,0.09523809523809523,0.6470588235294118,0.35294117647058826
24,1,0.87,0.67,0.4473684210526316,1.2537313432835822,200.6,2,1.0,0.0,0.8,0.2,0.631578947368421,0.3684210526315789
24,2,0.86,0.67,0.4117647058823529,1.4328358208955223,194.0,-1,1.0,0.0,0.75,0.25,0.7333333333333333,0.26666666666666666
24,3,0.82,0.64,0.2978723404255319,1.546875,190.0,-1,1.0,0.0,0.7894736842105263,0.21052631578947367,0.6875,0.3125
24,4,0.87,0.7,0.38636363636363635,1.6571428571428573,180.0,-1,1.0,0.0,0.9444444444444444,0.05555555555555555,0.7142857142857143,0.2857142857142857
24,5,0.85,0.68,0.3829787234042553,1.588235294117647,182.0,-1,1.0,0.0,0.8235294117647058,0.17647058823529413,0.7692307692307693,0.23076923076923078
24,6,0.83,0.7,0.4489795918367347,1.5,204.0,-1,1.0,0.0,0.8461538461538461,0.15384615384615385,0.7333333333333333,0.26666666666666666
24,7,0.79,0.6,0.3953488372093023,1.7666666666666666,180.0,-1,1.0,0.0,0.8148148148148148,0.18518518518518517,0.6666666666666666,0.3333333333333333
24,8,0.81,0.59,0.34210526315789475,1.728813559322034,180.0,-1,1.0,0.0,0.9047619047619048,0.09523809523809523,0.7222222222222222,0.2777777777777778
24,9,0.82,0.75,0.40476190476190477,1.7333333333333334,208.0,-1,1.0,0.0,0.8928571428571429,0.10714285714285714,0.75,0.25
24,10,0.83,0.7,0.37254901960784315,1.8285714285714285,200.0,-1,1.0,0.0,0.42857142857142855,0.5714285714285714,0.75,0.25
24,11,0.85,0.66,0.3902439024390244,1.8636363636363635,186.0,-1,1.0,0.0,0.8181818181818182,0.18181818181818182,0.6923076923076923,0.3076923076923077
24,12,0.87,0.72,0.40816326530612246,1.75,212.2,0,1.0,0.0,0.6666666666666666,0.3333333333333333,0.6111111111111112,0.3888888888888889
24,13,0.88,0.73,0.4444444444444444,1.9452054794520548,198.0,-1,1.0,0.0,0.9047619047619048,0.09523809523809523,0.6428571428571429,0.35714285714285715
24,14,0.89,0.71,0.4444444444444444,1.8732394366197183,180.0,-1,1.0,0.0,0.8947368421052632,0.10526315789473684,0.7272727272727273,0.2727272727272727
24,15,0.82,0.62,0.5416666666666666,2.2096774193548385,200.0,-1,1.0,0.0,0.84,0.16,0.625,0.375
24,16,0.87,0.69,0.43902439024390244,2.0,190.0,-1,1.0,0.0,0.8095238095238095,0.19047619047619047,0.6666666666666666,0.3333333333333333
24,17,0.8,0.66,0.37777777777777777,2.015151515151515,212.0,-1,1.0,0.0,0.6818181818181818,0.3181818181818182,0.5,0.5
24,18,0.78,0.64,0.3902439024390244,2.0,198.0,-1,1.0,0.0,0.7222222222222222,0.2777777777777778,0.6470588235294118,0.35294117647058826
24,19,0.87,0.72,0.4888888888888889,2.1527777777777777,194.0,-1,1.0,0.0,0.7916666666666666,0.20833333333333334,0.8181818181818182,0.18181818181818182
24,20,0.82,0.68,0.33962264150943394,2.014705882352941,184.0,-1,1.0,0.0,0.8,0.2,0.8333333333333334,0.16666666666666666
24,21,0.86,0.63,0.32558139534883723,2.015873015873016,192.0,-1,1.0,0.0,0.8333333333333334,0.16666666666666666,0.75,0.25
25,0,0.83,0.64,,1.0,188.0,-1,1.0,0.0,0.8125,0.1875,0.6,0.4
25,1,0.84,0.69,0.425,1.2463768115942029,204.0,-1,1.0,0.0,0.8,0.2,0.625,0.375
25,2,0.83,0.68,0.5,1.5588235294117647,199.2,3,1.0,0.0,0.8076923076923077,0.19230769230769232,0.75,0.25
25,3,0.83,0.69,0.46808510638297873,1.6666666666666667,202.0,-1,1.0,0.0,0.7647058823529411,0.23529411764705882,0.7222222222222222,0.2777777777777778
25,4,0.83,0.71,0.5576923076923077,1.8450704225352113,184.59999999999997,0,1.0,0.0,0.7368421052631579,0.2631578947368421,0.5384615384615384,0.46153846153846156
25,5,0.86,0.77,0.4827586206896552,1.8051948051948052,232.0,-1,1.0,0.0,0.6818181818181818,0.3181818181818182,0.6,0.4
25,6,0.9,0.71,0.44642857142857145,1.8309859154929577,216.0,-1,1.0,0.0,0.7692307692307693,0.23076923076923078,0.6428571428571429,0.35714285714285715
25,7,0.8,0.67,0.30612244897959184,1.7313432835820894,182.0,-1,1.0,0.0,0.8181818181818182,0.18181818181818182,0.7272727272727273,0.2727272727272727
25,8,0.87,0.72,0.3617021276595745,1.8194444444444444,195.2,0,1.0,0.0,0.7727272727272727,0.22727272727272727,0.7333333333333333,0.26666666666666666
25,9,0.91,0.74,0.3018867924528302,1.6891891891891893,196.0,-1,1.0,0.0,0.9583333333333334,0.041666666666666664,0.8,0.2
25,10,0.84,0.74,0.42857142857142855,1.7702702702702702,214.0,-1,1.0,0.0,0.6875,0.3125,0.6666666666666666,0.3333333333333333
25,11,0.93,0.78,0.42857142857142855,1.9230769230769231,240.0,-1,1.0,0.0,0.5333333333333333,0.4666666666666667,0.6190476190476191,0.38095238095238093
25,12,0.85,0.74,0.38596491228070173,1.837837837837838,208.0,-1,1.0,0.0,0.8518518518518519,0.14814814814814814,0.6923076923076923,0.3076923076923077
25,13,0.84,0.7,0.38461538461538464,1.8142857142857143,228.4,3,1.0,0.0,0.6428571428571429,0.35714285714285715,0.5555555555555556,0.4444444444444444
25,14,0.87,0.72,0.36538461538461536,1.6944444444444444,227.6,4,1.0,0.0,0.6785714285714286,0.32142857142857145,0.6470588235294118,0.35294117647058826
25,15,0.88,0.76,0.38181818181818183,1.7894736842105263,242.0,-1,1.0,0.0,0.8928571428571429,0.10714285714285714,0.7083333333333334,0.2916666666666667
25,16,0.83,0.69,0.4444444444444444,1.9565217391304348,180.0,-1,1.0,0.0,0.8333333333333334,0.16666666666666666,0.7692307692307693,0.23076923076923078
25,17,0.82,0.71,0.39215686274509803,1.8309859154929577,188.6,4,1.0,0.0,0.8695652173913043,0.13043478260869565,0.6,0.4
25,18,0.83,0.73,0.21153846153846154,1.547945205479452,200.0,-1,1.0,0.0,0.8333333333333334,0.16666666666666666,0.7777777777777778,0.2222222222222222
25,19,0.84,0.72,0.37735849056603776,1.7361111111111112,230.0,-1,1.0,0.0,0.6818181818181818,0.3181818181818182,0.5882352941176471,0.4117647058823529
25,20,0.81,0.7,0.3958333333333333,1.7,226.2,2,1.0,0.0,0.8148148148148148,0.18518518518518517,0.6956521739130435,0.30434782608695654
25,21,0.89,0.8,0.45614035087719296,1.9125,222.59999999999997,1,1.0,0.0,0.6111111111111112,0.3888888888888889,0.631578947368421,0.3684210526315789
26,0,0.82,0.62,,1.0,181.8,2,1.0,0.0,0.7777777777777778,0.2222222222222222,0.6666666666666666,0.3333333333333333
26,1,0.81,0.6,0.2631578947368421,1.1666666666666667,166.0,-1,1.0,0.0,0.8333333333333334,0.16666666666666666,0.6,0.4
26,2,0.84,0.67,0.47619047619047616,1.4179104477611941,206.0,-1,1.0,0.0,0.8260869565217391,0.17391304347826086,0.5882352941176471,0.4117647058823529
26,3,0.84,0.67,0.46,1.5522388059701493,198.0,-1,1.0,0.0,0.9655172413793104,0.034482758620689655,0.6666666666666666,0.3333333333333333
26,4,0.81,0.61,0.45454545454545453,1.6557377049180328,176.0,-1,1.0,0.0,0.7619047619047619,0.23809523809523808,0.6,0.4
26,5,0.81,0.63,0.41025641025641024,1.6825396825396826,190.0,-1,1.0,0.0,0.875,0.125,0.75,0.25
26,6,0.89,0.76,0.37777777777777777,1.736842105263158,212.0,-1,1.0,0.0,0.7222222222222222,0.2777777777777778,0.5714285714285714,0.42857142857142855
26,7,0.85,0.69,0.48148148148148145,1.8115942028985508,212.0,-1,1.0,0.0,0.6666666666666666,0.3333333333333333,0.6923076923076923,0.3076923076923077
26,8,0.81,0.69,0.4583333333333333,2.0434782608695654,190.0,-1,1.0,0.0,0.875,0.125,0.7058823529411765,0.29411764705882354
26,9,0.83,0.7,0.30612244897959184,1.7571428571428571,210.0,-1,1.0,0.0,0.8461538461538461,0.15384615384615385,0.6428571428571429,0.35714285714285715
26,10,0.85,0.68,0.44,1.9705882352941178,190.0,-1,1.0,0.0,0.8095238095238095,0.19047619047619047,0.8125,0.1875
26,11,0.8,0.69,0.46808510638297873,2.1884057971014492,192.0,-1,1.0,0.0,0.8235294117647058,0.17647058823529413,0.7333333333333333,0.26666666666666666
26,12,0.91,0.8,0.375,1.8875,216.0,-1,1.0,0.0,0.88,0.12,0.6666666666666666,0.3333333333333333
26,13,0.88,0.73,0.40350877192982454,1.917808219178082,204.0,-1,1.0,0.0,0.8235294117647058,0.17647058823529413,0.7777777777777778,0.2222222222222222
26,14,0.84,0.66,0.46808510638297873,2.121212121212121,172.0,-1,1.0,0.0,1.0,0.0,0.6363636363636364,0.36363636363636365
26,15,0.87,0.74,0.39215686274509803,1.8918918918918919,230.0,-1,1.0,0.0,0.8148148148148148,0.18518518518518517,0.625,0.375
26,16,0.85,0.67,0.4791666666666667,1.9253731343283582,198.0,-1,1.0,0.0,0.6190476190476191,0.38095238095238093,0.6666666666666666,0.3333333333333333
26,17,0.88,0.73,0.4166666666666667,2.0,198.0,-1,1.0,0.0,0.9090909090909091,0.09090909090909091,0.6363636363636364,0.36363636363636365
26,18,0.81,0.64,0.2978723404255319,1.640625,188.0,-1,1.0,0.0,0.8636363636363636,0.13636363636363635,0.6428571428571429,0.35714285714285715
26,19,0.87,0.66,0.41304347826086957,1.6666666666666667,196.0,-1,1.0,0.0,1.0,0.0,0.6666666666666666,0.3333333333333333
26,20,0.88,0.76,0.45454545454545453,1.75,254.0,-1,1.0,0.0,0.7307692307692307,0.2692307692307692,0.5263157894736842,0.47368421052631576
26,21,0.88,0.75,0.4576271186440678,1.8666666666666667,224.0,-1,1.0,0.0,0.7272727272727273,0.2727272727272727,0.5882352941176471,0.4117647058823529
27,0,0.79,0.61,,1.0,188.0,-1,1.0,0.0,0.7272727272727273,0.2727272727272727,0.6923076923076923,0.3076923076923077
27,1,0.86,0.72,0.34782608695652173,1.2222222222222223,200.0,-1,1.0,0.0,0.92,0.08,0.7647058823529411,0.23529411764705882
27,2,0.86,0.68,0.3333333333333333,1.3823529411764706,197.39999999999998,2,1.0,0.0,0.7619047619047619,0.23809523809523808,0.7727272727272727,0.22727272727272727
27,3,0.9,0.78,0.4074074074074074,1.4871794871794872,196.79999999999998,1,1.0,0.0,0.7894736842105263,0.21052631578947367,0.6875,0.3125
27,4,0.89,0.77,0.35,1.5844155844155845,242.0,-1,1.0,0.0,0.8518518518518519,0.14814814814814814,0.7142857142857143,0.2857142857142857
27,5,0.84,0.79,0.5172413793103449,1.9620253164556962,203.4,3,1.0,0.0,0.8461538461538461,0.15384615384615385,0.6363636363636364,0.36363636363636365
27,6,0.88,0.67,0.43636363636363634,1.9253731343283582,180.0,-1,1.0,0.0,0.9090909090909091,0.09090909090909091,0.75,0.25
27,7,0.91,0.77,0.5294117647058824,2.0,199.79999999999995,0,1.0,0.0,0.7777777777777778,0.2222222222222222,0.6666666666666666,0.3333333333333333
27,8,0.79,0.64,0.44680851063829785,1.859375,204.0,-1,1.0,0.0,0.8333333333333334,0.16666666666666666,0.782608695652174,0.21739130434782608
27,9,0.82,0.65,0.39473684210526316,2.0615384615384613,196.0,-1,1.0,0.0,0.7222222222222222,0.2777777777777778,0.7222222222222222,0.2777777777777778
27,10,0.87,0.78,0.35185185185185186,2.0,226.0,-1,1.0,0.0,0.9375,0.0625,0.6875,0.3125
27,11,0.86,0.69,0.36363636363636365,1.7536231884057971,192.0,-1,1.0,0.0,0.8571428571428571,0.14285714285714285,0.6666666666666666,0.3333333333333333
27,12,0.82,0.64,0.425531914893617,2.078125,184.0,-1,1.0,0.0,0.9565217391304348,0.043478260869565216,0.6666666666666666,0.3333333333333333
27,13,0.79,0.68,0.5,1.9705882352941178,182.0,-1,1.0,0.0,0.7058823529411765,0.29411764705882354,0.8461538461538461,0.15384615384615385
27,14,0.78,0.68,0.34782608695652173,1.7058823529411764,212.0,-1,1.0,0.0,0.7931034482758621,0.20689655172413793,0.6666666666666666,0.3333333333333333
27,15,0.77,0.65,0.38095238095238093,1.7692307692307692,177.6,1,1.0,0.0,0.7058823529411765,0.29411764705882354,0.6153846153846154,0.38461538461538464
27,16,0.84,0.66,0.5128205128205128,2.121212121212121,184.0,-1,1.0,0.0,0.7894736842105263,0.21052631578947367,0.7857142857142857,0.21428571428571427
27,17,0.85,0.69,0.3673469387755102,2.0,216.0,-1,1.0,0.0,0.47368421052631576,0.5263157894736842,0.6428571428571429,0.35714285714285715
27,18,0.78,0.63,0.3953488372093023,2.126984126984127,153.0,1,1.0,0.0,0.7058823529411765,0.29411764705882354,0.8,0.2
27,19,0.81,0.66,0.4888888888888889,1.9848484848484849,163.39999999999998,2,1.0,0.0,0.8095238095238095,0.19047619047619047,0.7777777777777778,0.2222222222222222
27,20,0.83,0.69,0.3191489361702128,1.6666666666666667,212.0,-1,1.0,0.0,0.7777777777777778,0.2222222222222222,0.8421052631578947,0.15789473684210525
27,21,0.81,0.68,0.3958333333333333,1.8235294117647058,204.0,-1,1.0,0.0,0.5882352941176471,0.4117647058823529,0.6428571428571429,0.35714285714285715
28,0,0.87,0.7,,1.0,200.0,-1,1.0,0.0,0.6666666666666666,0.3333333333333333,0.8666666666666667,0.13333333333333333
28,1,0.86,0.73,0.4230769230769231,1.3013698630136987,210.0,-1,1.0,0.0,0.8148148148148148,0.18518518518518517,0.8,0.2
28,2,0.76,0.66,0.4375,1.5303030303030303,190.0,-1,1.0,0.0,0.8,0.2,0.5833333333333334,0.4166666666666667
28,3,0.85,0.74,0.42,1.527027027027027,216.0,-1,1.0,0.0,0.7619047619047619,0.23809523809523808,0.6428571428571429,0.35714285714285715
28,4,0.88,0.8,0.38333333333333336,1.625,248.0,-1,1.0,0.0,0.75,0.25,0.75,0.25
28,5,0.9,0.75,0.3225806451612903,1.72,224.0,-1,1.0,0.0,0.7727272727272727,0.22727272727272727,0.7727272727272727,0.22727272727272727
28,6,0.81,0.69,0.4807692307692308,2.1449275362318843,160.39999999999998,1,1.0,0.0,0.8,0.2,0.8,0.2
28,7,0.87,0.77,0.43137254901960786,1.844155844155844,217.0,4,1.0,0.0,0.8260869565217391,0.17391304347826086,0.7368421052631579,0.2631578947368421
28,8,0.81,0.68,0.4528301886792453,2.1176470588235294,186.0,-1,1.0,0.0,0.9565217391304348,0.043478260869565216,0.6666666666666666,0.3333333333333333
28,9,0.75,0.62,0.5128205128205128,2.306451612903226,170.4,2,1.0,0.0,0.8947368421052632,0.10526315789473684,0.6428571428571429,0.35714285714285715
28,10,0.88,0.8,0.42,2.0625,234.0,-1,1.0,0.0,0.8,0.2,0.7894736842105263,0.21052631578947367
28,11,0.89,0.7,0.42105263157894735,1.9428571428571428,220.0,-1,1.0,0.0,0.6842105263157895,0.3157894736842105,0.5789473684210527,0.42105263157894735
28,12,0.87,0.68,0.3333333333333333,1.6176470588235294,226.0,-1,1.0,0.0,0.8518518518518519,0.14814814814814814,0.5789473684210527,0.42105263157894735
28,13,0.9,0.81,0.45454545454545453,1.9876543209876543,224.0,-1,1.0,0.0,0.7368421052631579,0.2631578947368421,0.6875,0.3125
28,14,0.85,0.73,0.45,1.917808219178082,209.59999999999997,0,1.0,0.0,0.8709677419354839,0.12903225806451613,0.625,0.375
28,15,0.86,0.69,0.56,2.318840579710145,200.0,-1,1.0,0.0,0.8095238095238095,0.19047619047619047,0.75,0.25
28,16,0.89,0.66,0.3404255319148936,1.9545454545454546,182.0,-1,1.0,0.0,0.9565217391304348,0.043478260869565216,0.8333333333333334,0.16666666666666666
28,17,0.94,0.81,0.36363636363636365,1.8641975308641976,242.0,-1,1.0,0.0,0.8214285714285714,0.17857142857142858,0.6842105263157895,0.3157894736842105
28,18,0.86,0.71,0.43859649122807015,2.0422535211267605,202.0,-1,1.0,0.0,0.8695652173913043,0.13043478260869565,0.6923076923076923,0.3076923076923077
28,19,0.87,0.67,0.3617021276595745,1.6417910447761195,196.0,-1,1.0,0.0,0.7307692307692307,0.2692307692307692,0.7692307692307693,0.23076923076923078
28,20,0.85,0.73,0.375,1.9726027397260273,218.0,-1,1.0,0.0,0.65,0.35,0.7894736842105263,0.21052631578947367
28,21,0.81,0.69,0.49019607843137253,1.8985507246376812,206.0,-1,1.0,0.0,0.8,0.2,0.7619047619047619,0.23809523809523808
29,0,0.78,0.63,,1.0,181.6,0,1.0,0.0,0.7916666666666666,0.20833333333333334,0.6666666666666666,0.3333333333333333
29,1,0.81,0.64,0.38461538461538464,1.234375,190.0,-1,1.0,0.0,0.3333333333333333,0.6666666666666666,0.75,0.25
29,2,0.89,0.78,0.43137254901960786,1.4871794871794872,222.0,-1,1.0,0.0,0.76,0.24,0.7333333333333333,0.26666666666666666
29,3,0.83,0.67,0.3018867924528302,1.537313432835821,196.0,-1,1.0,0.0,0.5625,0.4375,0.7857142857142857,0.21428571428571427
29,4,0.87,0.68,0.3488372093023256,1.6029411764705883,184.39999999999998,2,1.0,0.0,0.7777777777777778,0.2222222222222222,0.5,0.5
29,5,0.9,0.74,0.5306122448979592,1.7837837837837838,226.0,-1,1.0,0.0,0.84,0.16,0.75,0.25
29,6,0.86,0.74,0.4107142857142857,1.6756756756756757,228.0,-1,1.0,0.0,0.8928571428571429,0.10714285714285714,0.631578947368421,0.3684210526315789
29,7,0.8,0.68,0.4423076923076923,2.073529411764706,202.0,-1,1.0,0.0,0.85,0.15,0.7058823529411765,0.29411764705882354
29,8,0.91,0.77,0.3333333333333333,1.7402597402597402,218.0,-1,1.0,0.0,0.7058823529411765,0.29411764705882354,0.6470588235294118,0.35294117647058826
29,9,0.81,0.68,0.35185185185185186,1.8823529411764706,210.0,-1,1.0,0.0,0.631578947368421,0.3684210526315789,0.7647058823529411,0.23529411764705882
29,10,0.9,0.76,0.4230769230769231,1.7763157894736843,197.2,0,1.0,0.0,0.8095238095238095,0.19047619047619047,0.6428571428571429,0.35714285714285715
29,11,0.82,0.72,0.4727272727272727,1.9583333333333333,218.0,-1,1.0,0.0,0.631578947368421,0.3684210526315789,0.6,0.4
29,12,0.84,0.64,0.32558139534883723,1.640625,196.0,-1,1.0,0.0,0.7619047619047619,0.23809523809523808,0.85,0.15
29,13,0.8,0.62,0.2727272727272727,1.3870967741935485,170.99999999999997,0,1.0,0.0,0.8461538461538461,0.15384615384615385,0.7647058823529411,0.23529411764705882
29,14,0.82,0.62,0.41025641025641024,1.7096774193548387,164.0,-1,1.0,0.0,1.0,0.0,0.75,0.25
29,15,0.87,0.77,0.46938775510204084,1.87012987012987,210.0,-1,1.0,0.0,0.8571428571428571,0.14285714285714285,0.7058823529411765,0.29411764705882354
29,16,0.84,0.64,0.35294117647058826,1.71875,183.6,1,1.0,0.0,0.631578947368421,0.3684210526315789,0.5833333333333334,0.4166666666666667
29,17,0.83,0.74,0.5,1.9594594594594594,194.39999999999998,0,1.0,0.0,0.75,0.25,0.6,0.4
29,18,0.82,0.67,0.46,1.9850746268656716,175.2,1,1.0,0.0,0.6875,0.3125,0.6153846153846154,0.38461538461538464
29,19,0.87,0.72,0.40816326530612246,1.9305555555555556,182.2,1,1.0,0.0,0.6875,0.3125,0.6428571428571429,0.35714285714285715
29,20,0.81,0.63,0.3829787234042553,1.6031746031746033,182.0,-1,1.0,0.0,0.7894736842105263,0.21052631578947367,0.8125,0.1875
29,21,0.87,0.77,0.3617021276595745,1.8051948051948052,222.0,-1,1.0,0.0,0.9,0.1,0.7,0.3
