week,counter (7a-7d) median,"delta=0, L*=1 median","delta=0.25, L*=1 median","delta=0.5, L*=1 median","delta=1, L*=1 median","delta=0, L*=1.25 median","delta=0.25, L*=1.25 median","delta=0.5, L*=1.25 median","delta=1, L*=1.25 median",counter (7a-7d) IQR,"delta=0, L*=1 IQR","delta=0.25, L*=1 IQR","delta=0.5, L*=1 IQR","delta=1, L*=1 IQR","delta=0, L*=1.25 IQR","delta=0.25, L*=1.25 IQR","delta=0.5, L*=1.25 IQR","delta=1, L*=1.25 IQR"
0,0.0,0.0,0.0,0.0,0.0,0.0,0.0,0.0,0.0,0.0,0.0,0.0,0.0,0.0,0.0,0.0,0.0,0.0
1,0.0,0.0,0.0,0.0,0.0,0.0,0.0,0.0,0.0,0.5,0.36737799644470215,0.36737799644470215,0.36737799644470215,0.36737799644470215,0.29606297612190247,0.29606297612190247,0.29606297612190247,0.29606297612190247
2,0.0,0.0,0.0,0.0,0.0,0.0,0.0,0.0,0.0,0.5,0.36737799644470215,0.36737799644470215,0.36737799644470215,0.36737799644470215,0.29606297612190247,0.29606297612190247,0.29606297612190247,0.29606297612190247
3,0.0,0.23797275125980377,0.23797275125980377,0.23797275125980377,0.23797275125980377,0.19095824658870697,0.19095824658870697,0.19095824658870697,0.19095824658870697,0.5,0.36737799644470215,0.36737799644470215,0.36737799644470215,0.36737799644470215,0.29606297612190247,0.29606297612190247,0.29606297612190247,0.29606297612190247
4,0.0,0.29606297612190247,0.29606297612190247,0.29606297612190247,0.29606297612190247,0.19095824658870697,0.23797275125980377,0.23797275125980377,0.23797275125980377,0.5,0.4750838279724121,0.5178210735321045,0.5178210735321045,0.5178210735321045,0.3848084509372711,0.40240678191185,0.4204394519329071,0.4204394519329071
5,0.0,0.33961182832717896,0.33961182832717896,0.33961182832717896,0.33961182832717896,0.23797275125980377,0.23797275125980377,0.23797275125980377,0.2556818500161171,0.5,0.5237292945384979,0.5414539575576782,0.5414539575576782,0.5575575232505798,0.4204394519329071,0.4204394519329071,0.4402610957622528,0.4402610957622528
6,0.0,0.3559626638889313,0.3559626638889313,0.36737799644470215,0.36737799644470215,0.2733909487724304,0.286732941865921,0.286732941865921,0.286732941865921,0.5,0.42954178154468536,0.4296436458826065,0.4554179459810257,0.46978659927845,0.35565583407878876,0.3768339306116104,0.37692032754421234,0.37438708543777466
7,0.0,0.38919931650161743,0.4030414819717407,0.4120217263698578,0.4120217263698578,0.3103348910808563,0.3103348910808563,0.31393513083457947,0.31393513083457947,0.5,0.42787088453769684,0.433898463845253,0.44189025461673737,0.4540702849626541,0.37438708543777466,0.37953805923461914,0.3720208406448364,0.36475570499897003
8,0.0,0.3961203992366791,0.4120217263698578,0.41328176856040955,0.4204394519329071,0.3103348910808563,0.3103348910808563,0.31393513083457947,0.32816630601882935,0.5,0.44189025461673737,0.45629508793354034,0.4691496640443802,0.5017973929643631,0.360037162899971,0.3724121004343033,0.3766820579767227,0.3914709836244583
9,0.0,0.42588329315185547,0.4313836693763733,0.4402610957622528,0.4454044699668884,0.3337189853191376,0.33961182832717896,0.33961182832717896,0.34409770369529724,0.5,0.47527898848056793,0.48798318207263947,0.49257834255695343,0.5050794631242752,0.37776346504688263,0.38655006885528564,0.39193294942379,0.4044921547174454
10,0.0,0.4402610957622528,0.44718143343925476,0.4538193345069885,0.4607548713684082,0.34409770369529724,0.34834299981594086,0.35597898066043854,0.3671749532222748,0.5,0.4446805566549301,0.45793840289115906,0.46734490990638733,0.4918331690132618,0.3547818511724472,0.3730366677045822,0.38547591865062714,0.39512331783771515
11,0.0,0.47150924801826477,0.48036739230155945,0.49301156401634216,0.503763735294342,0.35816219449043274,0.36956651508808136,0.3774696886539459,0.3862021267414093,0.5,0.45983533561229706,0.4724790006875992,0.49081574380397797,0.511005088686943,0.38548777997493744,0.3874039351940155,0.40022748708724976,0.42204898595809937
12,0.0,0.4650269150733948,0.4750838279724121,0.48036739230155945,0.49706217646598816,0.36168384552001953,0.37037578225135803,0.3754609227180481,0.3848084509372711,0.5,0.480777844786644,0.49224428832530975,0.500620886683464,0.5224312543869019,0.3888044022023678,0.3991991691291332,0.4000668525695801,0.42379340529441833
13,0.0,0.48716798424720764,0.4969053268432617,0.5035724639892578,0.5198737382888794,0.38215264678001404,0.3855052888393402,0.3911672532558441,0.40188339352607727,0.5,0.4755764305591583,0.48513782024383545,0.48791735619306564,0.5049808621406555,0.38777727261185646,0.3945087641477585,0.4058612398803234,0.41927823424339294
14,0.0,0.47695231437683105,0.48583003878593445,0.49654437601566315,0.5089792907238007,0.37353575229644775,0.380231648683548,0.3862224966287613,0.39699146151542664,0.5,0.48769405484199524,0.49043048918247223,0.4927099011838436,0.5136062353849411,0.3930039182305336,0.394841268658638,0.4037569910287857,0.4200746715068817
15,0.0,0.497389554977417,0.5064485669136047,0.5109764933586121,0.5236921310424805,0.38832947611808777,0.3928059935569763,0.39720015227794647,0.4070439338684082,0.5,0.4611817076802254,0.4690867066383362,0.47948211431503296,0.49240921437740326,0.37514110654592514,0.38296879827976227,0.3885573670268059,0.40744607150554657
16,0.0,0.49459241330623627,0.5020112991333008,0.5090298056602478,0.5224364399909973,0.38585174083709717,0.3901180624961853,0.4000226557254791,0.4063703119754791,0.5,0.4871477037668228,0.49139202386140823,0.4932103753089905,0.5054498463869095,0.4013185650110245,0.4007497727870941,0.40838031470775604,0.4180042892694473
17,0.0,0.49835169315338135,0.5114560127258301,0.5159801244735718,0.5221093595027924,0.3865468502044678,0.39489099383354187,0.3975839912891388,0.40481817722320557,0.5,0.4712941199541092,0.4764704331755638,0.48284703493118286,0.5006054937839508,0.38728007674217224,0.39415934681892395,0.39741623401641846,0.4075916074216366
18,0.0,0.4976015090942383,0.5065921545028687,0.5094967484474182,0.521540492773056,0.3846896290779114,0.3891364634037018,0.393743097782135,0.40234535932540894,0.5,0.4843027740716934,0.4917900487780571,0.5021136701107025,0.5136570781469345,0.40170175954699516,0.4069831371307373,0.4143858626484871,0.42301779985427856
19,0.0,0.5147030651569366,0.5214887857437134,0.5272082686424255,0.5386312305927277,0.3976021707057953,0.40615417063236237,0.41281963884830475,0.42151063680648804,0.5,0.47630419582128525,0.48049798607826233,0.49148786067962646,0.5066355317831039,0.37800583243370056,0.39023519307374954,0.4001116193830967,0.41010092198848724
20,0.0,0.5041619539260864,0.5119898915290833,0.5203054547309875,0.5340027809143066,0.3844890892505646,0.3915587365627289,0.4013652205467224,0.4045073091983795,0.5,0.47240230441093445,0.47957052290439606,0.49056024849414825,0.5147328078746796,0.3913962244987488,0.3976731300354004,0.4051690995693207,0.41605376452207565
21,0.0,0.5113281607627869,0.5204188227653503,0.5283446311950684,0.5401227474212646,0.393228679895401,0.40119440853595734,0.40653061866760254,0.4160158038139343,0.5,0.4911096468567848,0.5001077353954315,0.5086098611354828,0.5273428112268448,0.39452090859413147,0.4038732275366783,0.4174007773399353,0.4315485805273056
22,0.0,0.5109239816665649,0.524394154548645,0.5312095880508423,0.5436862707138062,0.4045284688472748,0.4134708344936371,0.41744980216026306,0.4268704950809479,0.5,0.47632309794425964,0.4837970733642578,0.5026560425758362,0.5226199924945831,0.3888877034187317,0.3993246480822563,0.41197681427001953,0.4303012490272522
23,0.0,0.5227318108081818,0.5334055423736572,0.5427026748657227,0.5541168451309204,0.4000034034252167,0.4122088849544525,0.4198705404996872,0.42732876539230347,0.5,0.4704316705465317,0.4825069159269333,0.4941680282354355,0.5291907265782356,0.38323476910591125,0.39536217227578163,0.4129437431693077,0.42954762279987335
24,0.0,0.5130626857280731,0.5228310227394104,0.5305891036987305,0.545965313911438,0.3999923765659332,0.40858080983161926,0.41655170917510986,0.4253598153591156,0.5,0.49178624153137207,0.493910551071167,0.5026086643338203,0.5238330960273743,0.40296216309070587,0.4148835986852646,0.41969796270132065,0.44446103274822235
25,0.0,0.5158128142356873,0.5287688374519348,0.5369022488594055,0.5478501319885254,0.39941853284835815,0.4094211906194687,0.41303253173828125,0.42358070611953735,0.5,0.447147935628891,0.45174074172973633,0.4550773799419403,0.477450929582119,0.37154246866703033,0.37397074699401855,0.37644342333078384,0.3969103917479515
26,0.0,0.5276603996753693,0.5375422835350037,0.5483804643154144,0.5690313577651978,0.4113074839115143,0.41845816373825073,0.423767551779747,0.43433795869350433,0.5,0.4715942442417145,0.4729003608226776,0.48910897970199585,0.4993004724383354,0.3827355206012726,0.3842252045869827,0.3959711380302906,0.40928296744823456
27,0.0,0.49835336208343506,0.5033950209617615,0.5115863680839539,0.5254806876182556,0.39126309752464294,0.3987869322299957,0.4070795774459839,0.4164247661828995,0.5,0.48096922039985657,0.48134559392929077,0.4908273220062256,0.5131090730428696,0.3929394409060478,0.39640993624925613,0.4022629112005234,0.41942567005753517
28,0.0,0.5197435617446899,0.5268315076828003,0.5319228768348694,0.5436179637908936,0.4121415615081787,0.4181129038333893,0.42666614055633545,0.4306417405605316,0.5,0.4546329379081726,0.45884963870048523,0.4725205674767494,0.4915994554758072,0.3833576589822769,0.3857472129166126,0.3884773328900337,0.40736164152622223
29,0.0,0.5273627042770386,0.5369889438152313,0.5444595813751221,0.5541934370994568,0.4054596573114395,0.412166565656662,0.4194537401199341,0.43280914425849915,0.5,0.4684230089187622,0.46994803100824356,0.47676509618759155,0.4920138120651245,0.38782959431409836,0.39288555458188057,0.39831866323947906,0.40658877044916153
30,0.0,0.5192956328392029,0.5284786224365234,0.5342469215393066,0.5516237020492554,0.3985353708267212,0.4038258194923401,0.41376015543937683,0.42248982191085815,0.5,0.47511544823646545,0.48981761932373047,0.5045333206653595,0.517502173781395,0.3927411288022995,0.4023415595293045,0.4068351462483406,0.4267288148403168
31,0.0,0.5081644058227539,0.5111487507820129,0.5210109055042267,0.5294165313243866,0.3935637027025223,0.4009154438972473,0.4076143652200699,0.4143339991569519,0.5,0.47881045937538147,0.48025935888290405,0.4865459278225899,0.49539554864168167,0.38363637402653694,0.38330185413360596,0.39619097858667374,0.41651351377367973
32,0.0,0.5181481242179871,0.5270464420318604,0.5377727746963501,0.5438450574874878,0.4004996418952942,0.40677058696746826,0.4148830771446228,0.4225511848926544,0.5,0.47404444217681885,0.47786977887153625,0.4840334504842758,0.4984925910830498,0.3894994780421257,0.3913538455963135,0.39861271530389786,0.4162544384598732
33,0.0,0.5186127126216888,0.52803635597229,0.5363391041755676,0.5467518270015717,0.39808183908462524,0.4037989675998688,0.41060398519039154,0.4222712218761444,0.5,0.4870569780468941,0.49428775906562805,0.4973439425230026,0.5150244235992432,0.39477353543043137,0.39790647476911545,0.4075661934912205,0.42892494052648544
34,0.0,0.5160895586013794,0.5244435966014862,0.5280062854290009,0.5421468615531921,0.4037638008594513,0.40949514508247375,0.4186118543148041,0.4275282621383667,0.5,0.46555081009864807,0.47449003905057907,0.4819961041212082,0.5075410902500153,0.39013567194342613,0.3905748873949051,0.39828257262706757,0.41301749646663666
35,0.0,0.5107122659683228,0.5198265314102173,0.5254738330841064,0.5391060709953308,0.3987795412540436,0.4062322676181793,0.41014739871025085,0.41742366552352905,0.5,0.4700329601764679,0.4813007563352585,0.4824516773223877,0.4946417659521103,0.3874881863594055,0.3919324204325676,0.39548926800489426,0.40996153652668
36,0.0,0.5299360752105713,0.5325662195682526,0.543192595243454,0.5535418093204498,0.4144417643547058,0.4199417978525162,0.42372965812683105,0.4331660568714142,0.5,0.4733099862933159,0.47731488198041916,0.48967743664979935,0.5019427537918091,0.38730624318122864,0.3913734741508961,0.39644019305706024,0.41195255517959595
37,0.0,0.5289921760559082,0.541782796382904,0.5480073690414429,0.5604329705238342,0.40874090790748596,0.417325034737587,0.42558251321315765,0.4384477734565735,0.5,0.5025863349437714,0.5057616084814072,0.5107001140713692,0.5269242003560066,0.40879078209400177,0.409581933170557,0.4195748083293438,0.43910466879606247
38,0.0,0.5419402122497559,0.55524080991745,0.5612278878688812,0.5692121982574463,0.42084841430187225,0.4306853413581848,0.4379045069217682,0.44392433762550354,0.5,0.4761402904987335,0.4827340990304947,0.49363691359758377,0.5026437118649483,0.39555618539452553,0.40062691271305084,0.4170198626816273,0.426360547542572
39,0.0,0.5032798647880554,0.5101570785045624,0.5227028131484985,0.5303656160831451,0.39213186502456665,0.39921896159648895,0.40355393290519714,0.41062429547309875,0.5,0.5023045539855957,0.5198618844151497,0.5255942642688751,0.5450306162238121,0.4073404222726822,0.41877248883247375,0.43461596965789795,0.4533526077866554
40,0.0,0.5388520956039429,0.5456928014755249,0.5547417104244232,0.5640230476856232,0.41565364599227905,0.4238862097263336,0.4288392663002014,0.4401763677597046,0.5,0.46900835633277893,0.47710423171520233,0.48794659972190857,0.5120020732283592,0.38183023035526276,0.38895947858691216,0.39765068888664246,0.4176280163228512
41,0.0,0.5297332108020782,0.5377223491668701,0.5427972078323364,0.560793936252594,0.4102177917957306,0.41832345724105835,0.42105424404144287,0.43049047887325287,0.5,0.5228008553385735,0.5237739682197571,0.5303420126438141,0.5373604893684387,0.42455119639635086,0.42913414537906647,0.4387580528855324,0.45019685104489326
42,0.0,0.5092093050479889,0.5153900980949402,0.5209837555885315,0.5298207402229309,0.3990820348262787,0.40651722252368927,0.4115917384624481,0.4196103513240814,0.5,0.46303123235702515,0.4672742187976837,0.4764000028371811,0.495430588722229,0.38979126885533333,0.39371194690465927,0.3949458748102188,0.41904690861701965
43,0.0,0.5251004695892334,0.5362151861190796,0.5488295555114746,0.5576824843883514,0.41163553297519684,0.42283566296100616,0.43139198422431946,0.4397842139005661,0.5,0.4712207019329071,0.4777575060725212,0.4836868941783905,0.5088448971509933,0.39273422211408615,0.3984480984508991,0.4084085375070572,0.42744069173932076
44,0.0,0.5143454372882843,0.5215292572975159,0.5265954732894897,0.5333883166313171,0.4054182320833206,0.41242265701293945,0.4178186357021332,0.42498679459095,0.5,0.490885853767395,0.49642471969127655,0.5069136321544647,0.5193728804588318,0.4023696817457676,0.40976732224226,0.4168982207775116,0.4329800605773926
45,0.0,0.5260475873947144,0.5344077348709106,0.5437915921211243,0.5584951043128967,0.4118088185787201,0.41958875954151154,0.42477700114250183,0.43569228053092957,0.5,0.4698961526155472,0.4710395336151123,0.47882911562919617,0.49385592341423035,0.39267662912607193,0.3934140168130398,0.39714567735791206,0.41287811845541
46,0.0,0.5370283722877502,0.5454035401344299,0.5565159320831299,0.5661567449569702,0.41421209275722504,0.42316095530986786,0.43742284178733826,0.4488006830215454,0.5,0.4583197236061096,0.4623926430940628,0.4694434702396393,0.48295465111732483,0.38559718057513237,0.3878958560526371,0.3928462117910385,0.41161832213401794
47,0.0,0.5216803550720215,0.5322687923908234,0.5448493659496307,0.5574093759059906,0.41085654497146606,0.41941964626312256,0.43028584122657776,0.43871185183525085,0.5,0.47889891266822815,0.49215348064899445,0.5020535364747047,0.5177264362573624,0.3936266712844372,0.39971859753131866,0.411575123667717,0.43373818323016167
48,0.0,0.5119893550872803,0.5233034491539001,0.5316076278686523,0.5462713837623596,0.3989584147930145,0.40961846709251404,0.41673314571380615,0.42891061305999756,0.5,0.4773310199379921,0.4866459295153618,0.4952453523874283,0.5171479284763336,0.39631860703229904,0.40451355278491974,0.4190407805144787,0.4321189410984516
49,0.0,0.5305895805358887,0.5378726720809937,0.54893559217453,0.5619847178459167,0.41472701728343964,0.42382535338401794,0.43047599494457245,0.4358241558074951,0.5,0.47379423677921295,0.48211100697517395,0.48723895847797394,0.5056813955307007,0.39174607023596764,0.39832474663853645,0.4087277092039585,0.42146380990743637
50,0.0,0.523804634809494,0.534963846206665,0.5443659126758575,0.5617593824863434,0.39959482848644257,0.4109751880168915,0.4201235920190811,0.43265606462955475,0.5,0.4736476317048073,0.4795108735561371,0.491094172000885,0.5144020617008209,0.39269018545746803,0.40032561123371124,0.4150741882622242,0.43182288482785225
51,0.0,0.5144375860691071,0.5268978476524353,0.5387671589851379,0.5522957444190979,0.4042542725801468,0.4152030944824219,0.4240186810493469,0.43439003825187683,0.5,0.48015033453702927,0.4903225898742676,0.49678584933280945,0.5143963992595673,0.393249049782753,0.3977402597665787,0.41162367165088654,0.4288938194513321
52,0.0,0.5318809151649475,0.5400098562240601,0.5476966500282288,0.5570498108863831,0.4074549376964569,0.4233894646167755,0.426501139998436,0.4350180923938751,0.5,0.47076794505119324,0.48037734627723694,0.4902968928217888,0.5233922600746155,0.38983678817749023,0.40032265335321426,0.4024757035076618,0.4269673153758049
53,0.0,0.5163287222385406,0.5219983458518982,0.5265667736530304,0.5433247983455658,0.40275752544403076,0.4090285897254944,0.413846418261528,0.4252869188785553,0.5,0.4675288647413254,0.4783767759799957,0.4836951345205307,0.49913278222084045,0.38348016142845154,0.39284445345401764,0.4013498015701771,0.41624803841114044
54,0.0,0.5149268507957458,0.521094560623169,0.5284077823162079,0.5429031550884247,0.4007684737443924,0.4089847058057785,0.414512574672699,0.42100757360458374,0.5,0.4825291931629181,0.4860319271683693,0.48480306565761566,0.5093654245138168,0.3974502570927143,0.40319882705807686,0.4092433452606201,0.4237654507160187
55,0.0,0.5240055918693542,0.5329742729663849,0.538297176361084,0.5528643131256104,0.4049290269613266,0.4169120490550995,0.42210768163204193,0.4333183765411377,0.5,0.4717239439487457,0.47723056375980377,0.4831959903240204,0.494778111577034,0.37947455793619156,0.3962971493601799,0.3998519703745842,0.4132963940501213
56,0.0,0.5107148289680481,0.5208727419376373,0.5308156609535217,0.5509235858917236,0.40381306409835815,0.4115231931209564,0.4210592061281204,0.4308411777019501,0.5,0.4872395694255829,0.4953809753060341,0.5048311054706573,0.5217296630144119,0.3918522149324417,0.4021555185317993,0.412630133330822,0.430501788854599
57,0.0,0.5337521731853485,0.5411325097084045,0.553831934928894,0.568673312664032,0.4146123081445694,0.4243607819080353,0.43093976378440857,0.43996602296829224,0.5,0.4815923646092415,0.48969997465610504,0.4985537827014923,0.5183058977127075,0.40034307166934013,0.4124345928430557,0.4164741635322571,0.4309278130531311
58,0.0,0.530003011226654,0.5411220490932465,0.5462995767593384,0.5602236390113831,0.40995873510837555,0.4166581630706787,0.4265511631965637,0.4396325945854187,0.5,0.48663070797920227,0.4952050745487213,0.5071964710950851,0.5347053036093712,0.3987995870411396,0.40969787538051605,0.4243396669626236,0.45560451596975327
59,0.0,0.512401670217514,0.5181935429573059,0.5215947329998016,0.5415244102478027,0.3958929181098938,0.4018988311290741,0.4072491377592087,0.41626253724098206,0.5,0.47705942392349243,0.48271968215703964,0.4838395416736603,0.4989711418747902,0.39287716150283813,0.3973254971206188,0.40649187192320824,0.417536698281765
60,0.0,0.5116266310214996,0.5206513404846191,0.5277125835418701,0.5363003015518188,0.39358285069465637,0.4049736261367798,0.4110742509365082,0.4196282923221588,0.5,0.47900037467479706,0.48524725437164307,0.4879913926124573,0.5087803453207016,0.3862443193793297,0.3914283812046051,0.3938334435224533,0.41951751708984375
61,0.0,0.5250257849693298,0.5340666174888611,0.5437335073947906,0.5587037801742554,0.402145653963089,0.4131699502468109,0.4217371940612793,0.43955278396606445,0.5,0.47897064685821533,0.48187147825956345,0.49041690677404404,0.5071376264095306,0.3942728787660599,0.4011758603155613,0.4136096090078354,0.42618514597415924
62,0.0,0.526389479637146,0.5318305194377899,0.5425768196582794,0.5494208931922913,0.4103166311979294,0.42078566551208496,0.4241867959499359,0.4322163313627243,0.5,0.46323399245738983,0.47596200555562973,0.4828905388712883,0.5046168565750122,0.3867388479411602,0.39343026280403137,0.4052169471979141,0.42190297693014145
63,0.0,0.514761745929718,0.5250920653343201,0.5307807922363281,0.5415695309638977,0.40168729424476624,0.4126650542020798,0.42100992798805237,0.42771410942077637,0.5,0.48120301961898804,0.4860694706439972,0.4937889724969864,0.5174223631620407,0.39964208006858826,0.40571094304323196,0.41079240664839745,0.42986440658569336
64,0.0,0.5304470062255859,0.5384101867675781,0.5458134412765503,0.5598974227905273,0.40019845962524414,0.41014420986175537,0.4170859456062317,0.42451509833335876,0.5,0.46789541840553284,0.46903176605701447,0.4775993749499321,0.4962461143732071,0.3904685527086258,0.3956775814294815,0.41035473719239235,0.42457038909196854
65,0.0,0.514115571975708,0.5213279724121094,0.5298728346824646,0.5424251556396484,0.39983615279197693,0.4072866290807724,0.41386690735816956,0.4230944812297821,0.5,0.4817741811275482,0.49173781275749207,0.4992978125810623,0.5119669139385223,0.39734190702438354,0.4043494164943695,0.40883681923151016,0.41612835228443146
